# relative_time, cycles_done, cur_item, corpus_count, pending_total, pending_favs, map_size, saved_crashes, saved_hangs, max_depth, execs_per_sec, total_execs, edges_found, total_crashes, servers_count
61, 0, 0, 22, 22, 1, 0.39%, 0, 0, 2, 263.89, 9080, 35, 0, 0
66, 0, 0, 22, 22, 1, 0.39%, 0, 0, 2, 233.61, 9657, 35, 0, 0
71, 0, 0, 23, 23, 1, 0.41%, 0, 0, 2, 212.88, 10299, 36, 0, 0
76, 0, 0, 23, 23, 1, 0.41%, 0, 0, 2, 18.87, 11055, 36, 0, 0
81, 0, 0, 23, 23, 1, 0.41%, 0, 0, 2, 224.41, 11867, 36, 0, 0
86, 0, 0, 24, 24, 1, 0.42%, 0, 0, 2, 266.00, 12824, 37, 0, 0
91, 0, 7, 29, 27, 17, 0.48%, 0, 0, 3, 28.45, 13654, 43, 0, 0
97, 0, 7, 29, 27, 17, 0.48%, 0, 0, 3, 18.86, 14365, 43, 0, 0
102, 0, 7, 31, 29, 17, 0.51%, 0, 0, 3, 397.78, 14985, 45, 0, 0
107, 0, 7, 32, 30, 17, 0.51%, 0, 0, 3, 149.09, 15696, 45, 0, 0
112, 0, 7, 33, 31, 17, 0.53%, 0, 0, 3, 18.35, 16294, 47, 0, 0
117, 0, 7, 33, 31, 17, 0.53%, 0, 0, 3, 262.86, 17251, 47, 0, 0
122, 0, 7, 34, 32, 17, 0.56%, 0, 0, 3, 245.90, 18089, 50, 0, 0
128, 0, 7, 35, 33, 17, 0.59%, 0, 0, 3, 470.34, 18790, 52, 0, 0
133, 0, 7, 36, 34, 17, 0.60%, 0, 0, 3, 221.62, 19607, 53, 0, 0
138, 0, 7, 37, 35, 17, 0.62%, 0, 0, 3, 238.45, 20702, 55, 0, 0
143, 0, 7, 38, 36, 17, 0.64%, 0, 0, 3, 214.08, 21309, 57, 0, 0
148, 0, 7, 38, 36, 17, 0.64%, 0, 0, 3, 253.03, 21976, 57, 0, 0
154, 0, 7, 38, 36, 17, 0.64%, 0, 0, 3, 502.74, 22611, 57, 0, 0
159, 0, 27, 41, 37, 28, 0.66%, 0, 0, 4, 259.43, 23278, 59, 0, 0
164, 0, 27, 43, 39, 28, 0.66%, 0, 0, 4, 257.76, 24066, 59, 0, 0
169, 0, 27, 44, 40, 28, 0.66%, 0, 0, 4, 19.31, 24557, 59, 0, 0
174, 0, 27, 44, 40, 28, 0.66%, 0, 0, 4, 24.80, 24687, 59, 0, 0
179, 0, 27, 44, 40, 28, 0.66%, 0, 0, 4, 32.31, 24853, 59, 0, 0
184, 0, 27, 44, 40, 28, 0.66%, 0, 0, 4, 55.22, 25159, 59, 0, 0
189, 0, 27, 46, 42, 28, 0.70%, 0, 0, 4, 84.70, 25612, 62, 0, 0
194, 0, 27, 46, 42, 28, 0.70%, 0, 0, 4, 76.09, 26032, 62, 0, 0
200, 0, 27, 47, 43, 28, 0.70%, 0, 0, 4, 30.67, 26707, 62, 0, 0
205, 0, 27, 48, 44, 28, 0.72%, 0, 0, 4, 286.90, 27731, 64, 0, 0
210, 0, 27, 48, 44, 28, 0.72%, 0, 0, 4, 347.63, 28885, 64, 0, 0
215, 0, 27, 48, 44, 28, 0.72%, 0, 0, 4, 24.71, 29099, 64, 0, 0
220, 0, 27, 48, 44, 28, 0.72%, 0, 0, 4, 27.42, 29398, 64, 0, 0
225, 0, 27, 48, 44, 28, 0.72%, 0, 0, 4, 27.82, 29543, 64, 0, 0
230, 0, 27, 48, 44, 28, 0.72%, 0, 0, 4, 36.09, 29774, 64, 0, 0
236, 0, 27, 49, 45, 28, 0.72%, 0, 0, 4, 69.67, 30152, 64, 0, 0
241, 0, 27, 51, 47, 28, 0.72%, 0, 0, 4, 32.36, 30564, 64, 0, 0
246, 0, 27, 51, 47, 28, 0.72%, 0, 0, 4, 27.62, 31433, 64, 0, 0
251, 0, 27, 51, 47, 28, 0.72%, 0, 0, 4, 26.83, 32074, 64, 0, 0
256, 0, 27, 51, 47, 28, 0.72%, 0, 0, 4, 194.86, 32510, 64, 0, 0
261, 0, 18, 51, 45, 30, 0.72%, 0, 0, 4, 38.23, 33029, 64, 0, 0
266, 0, 14, 51, 44, 29, 0.72%, 0, 0, 4, 160.78, 33586, 64, 0, 0
271, 0, 22, 51, 42, 27, 0.72%, 0, 0, 4, 86.48, 33921, 64, 0, 0
276, 0, 22, 53, 44, 27, 0.76%, 0, 0, 4, 245.34, 34874, 67, 0, 0
281, 0, 21, 53, 41, 26, 0.76%, 0, 0, 4, 27.15, 35578, 67, 0, 0
287, 0, 47, 53, 39, 24, 0.76%, 0, 0, 4, 358.14, 36292, 67, 0, 0
292, 0, 9, 53, 36, 21, 0.76%, 0, 0, 4, 19.83, 37407, 67, 0, 0
297, 0, 44, 55, 37, 20, 0.78%, 0, 0, 5, 19.98, 37665, 69, 0, 0
302, 0, 32, 55, 35, 20, 0.78%, 0, 0, 5, 25.78, 37803, 69, 0, 0
307, 0, 32, 55, 35, 20, 0.78%, 0, 0, 5, 32.97, 38021, 69, 0, 0
312, 0, 26, 56, 34, 18, 0.79%, 0, 0, 5, 63.37, 38377, 70, 0, 0
317, 0, 54, 56, 33, 18, 0.79%, 0, 0, 5, 102.73, 38876, 70, 0, 0
322, 0, 55, 56, 30, 15, 0.79%, 0, 0, 5, 25.85, 39731, 70, 0, 0
327, 0, 34, 56, 29, 14, 0.79%, 0, 0, 5, 27.70, 40029, 70, 0, 0
332, 0, 23, 56, 28, 13, 0.79%, 0, 0, 5, 41.72, 40229, 70, 0, 0
338, 0, 56, 57, 27, 12, 0.79%, 0, 0, 5, 70.16, 40679, 70, 0, 0
343, 0, 51, 57, 26, 11, 0.79%, 0, 0, 5, 70.03, 41013, 70, 0, 0
348, 0, 30, 57, 24, 9, 0.79%, 0, 0, 5, 70.45, 41374, 70, 0, 0
353, 0, 45, 57, 21, 6, 0.79%, 0, 0, 5, 104.12, 42094, 70, 0, 0
358, 0, 52, 57, 19, 4, 0.79%, 0, 0, 5, 41.97, 42817, 70, 0, 0
363, 0, 24, 57, 16, 1, 0.79%, 0, 0, 5, 52.71, 43388, 70, 0, 0
368, 0, 56, 58, 15, 0, 0.79%, 0, 0, 5, 86.88, 43959, 70, 0, 0
373, 0, 35, 59, 15, 0, 0.79%, 0, 0, 5, 465.30, 45119, 70, 0, 0
378, 0, 45, 59, 15, 0, 0.79%, 0, 0, 5, 19.80, 45784, 70, 0, 0
383, 0, 45, 59, 15, 0, 0.79%, 0, 0, 5, 22.50, 46051, 70, 0, 0
388, 0, 22, 59, 15, 0, 0.79%, 0, 0, 5, 27.45, 46242, 70, 0, 0
394, 0, 22, 59, 15, 0, 0.79%, 0, 0, 5, 55.07, 46518, 70, 0, 0
399, 0, 45, 59, 15, 0, 0.79%, 0, 0, 5, 68.79, 46889, 70, 0, 0
404, 1, 7, 59, 15, 0, 0.79%, 0, 0, 5, 715.68, 48653, 70, 0, 0
409, 1, 52, 59, 12, 0, 0.79%, 0, 0, 5, 612.31, 51142, 70, 0, 0
414, 1, 47, 59, 12, 0, 0.79%, 0, 0, 5, 15.22, 52144, 70, 0, 0
419, 1, 55, 59, 12, 0, 0.79%, 0, 0, 5, 17.25, 52286, 70, 0, 0
424, 1, 34, 59, 12, 0, 0.79%, 0, 0, 5, 20.64, 52548, 70, 0, 0
430, 1, 34, 59, 12, 0, 0.79%, 0, 0, 5, 25.47, 52684, 70, 0, 0
435, 1, 32, 59, 12, 0, 0.79%, 0, 0, 5, 26.51, 52869, 70, 0, 0
440, 1, 14, 59, 12, 0, 0.79%, 0, 0, 5, 63.44, 53243, 70, 0, 0
445, 1, 31, 59, 12, 0, 0.79%, 0, 0, 5, 86.41, 53669, 70, 0, 0
450, 1, 47, 60, 12, 0, 0.79%, 0, 0, 5, 596.55, 55029, 70, 0, 0
455, 1, 2, 60, 12, 0, 0.79%, 0, 0, 5, 22.39, 55299, 70, 0, 0
461, 1, 51, 60, 11, 0, 0.79%, 0, 0, 5, 482.22, 56457, 70, 0, 0
466, 1, 51, 61, 12, 0, 0.79%, 0, 0, 5, 20.02, 56936, 70, 0, 0
471, 1, 52, 61, 12, 0, 0.79%, 0, 0, 5, 18.74, 58132, 70, 0, 0
476, 1, 52, 61, 12, 0, 0.79%, 0, 0, 5, 20.92, 58366, 70, 0, 0
481, 1, 13, 61, 12, 0, 0.79%, 0, 0, 5, 457.18, 59702, 70, 0, 0
486, 1, 9, 61, 11, 0, 0.79%, 0, 0, 5, 18.41, 61145, 70, 0, 0
491, 1, 10, 61, 11, 0, 0.79%, 0, 0, 5, 18.79, 61658, 70, 0, 0
496, 1, 45, 61, 11, 0, 0.79%, 0, 0, 5, 21.49, 61920, 70, 0, 0
501, 1, 45, 61, 11, 0, 0.79%, 0, 0, 5, 25.69, 62057, 70, 0, 0
506, 1, 45, 61, 11, 0, 0.79%, 0, 0, 5, 27.42, 62246, 70, 0, 0
512, 1, 8, 61, 11, 0, 0.79%, 0, 0, 5, 61.63, 62595, 70, 0, 0
517, 1, 30, 61, 9, 0, 0.79%, 0, 0, 5, 188.60, 63143, 70, 0, 0
522, 1, 47, 61, 9, 0, 0.79%, 0, 0, 5, 282.75, 64230, 70, 0, 0
527, 1, 34, 61, 9, 0, 0.79%, 0, 0, 5, 22.43, 64656, 70, 0, 0
532, 1, 34, 61, 9, 0, 0.79%, 0, 0, 5, 25.70, 64793, 70, 0, 0
537, 1, 2, 61, 9, 0, 0.79%, 0, 0, 5, 53.45, 65076, 70, 0, 0
542, 1, 33, 64, 12, 0, 0.81%, 0, 0, 5, 32.56, 65634, 72, 0, 0
547, 1, 33, 64, 12, 0, 0.81%, 0, 0, 5, 18.54, 66762, 72, 0, 0
553, 1, 33, 64, 12, 0, 0.81%, 0, 0, 5, 22.62, 67022, 72, 0, 0
558, 1, 33, 64, 12, 0, 0.81%, 0, 0, 5, 26.28, 67159, 72, 0, 0
563, 1, 33, 64, 12, 0, 0.81%, 0, 0, 5, 49.77, 67445, 72, 0, 0
568, 1, 62, 64, 11, 1, 0.81%, 0, 0, 5, 63.25, 67792, 72, 0, 0
573, 1, 21, 64, 10, 0, 0.81%, 0, 0, 5, 70.14, 68159, 72, 0, 0
578, 1, 60, 65, 9, 0, 0.81%, 0, 0, 5, 492.07, 69415, 72, 0, 0
583, 2, 34, 65, 8, 0, 0.81%, 0, 0, 5, 377.29, 70901, 72, 0, 0
588, 2, 61, 66, 9, 0, 0.81%, 0, 0, 5, 318.40, 72350, 72, 0, 0
593, 2, 61, 66, 9, 0, 0.81%, 0, 0, 5, 19.58, 72453, 72, 0, 0
598, 2, 61, 67, 10, 0, 0.81%, 0, 0, 5, 18.72, 72682, 72, 0, 0
603, 2, 61, 68, 11, 0, 0.81%, 0, 0, 5, 228.07, 72863, 72, 0, 0
608, 2, 61, 68, 11, 0, 0.81%, 0, 0, 5, 41.88, 73061, 72, 0, 0
614, 2, 61, 68, 11, 0, 0.81%, 0, 0, 5, 58.11, 73373, 72, 0, 0
619, 2, 61, 68, 11, 0, 0.81%, 0, 0, 5, 72.74, 73741, 72, 0, 0
624, 2, 61, 69, 12, 0, 0.81%, 0, 0, 5, 76.08, 74132, 72, 0, 0
629, 2, 61, 70, 13, 0, 0.81%, 0, 0, 5, 179.90, 74924, 72, 0, 0
634, 2, 61, 70, 13, 0, 0.81%, 0, 0, 5, 142.72, 76010, 72, 0, 0
639, 2, 61, 70, 13, 0, 0.81%, 0, 0, 5, 212.46, 76878, 72, 0, 0
644, 2, 61, 70, 13, 0, 0.81%, 0, 0, 5, 221.88, 78010, 72, 0, 0
650, 2, 61, 70, 13, 0, 0.81%, 0, 0, 5, 29.60, 78577, 72, 0, 0
655, 2, 61, 70, 13, 0, 0.81%, 0, 0, 5, 19.49, 78816, 72, 0, 0
660, 2, 61, 71, 14, 0, 0.81%, 0, 0, 5, 30.42, 78982, 72, 0, 0
665, 2, 61, 71, 14, 0, 0.81%, 0, 0, 5, 42.27, 79223, 72, 0, 0
670, 2, 61, 71, 14, 0, 0.81%, 0, 0, 5, 73.81, 79644, 72, 0, 0
675, 2, 61, 71, 14, 0, 0.81%, 0, 0, 5, 89.74, 80056, 72, 0, 0
680, 2, 61, 71, 14, 0, 0.81%, 0, 0, 5, 73.52, 81672, 72, 0, 0
685, 2, 27, 71, 14, 0, 0.81%, 0, 0, 5, 184.01, 81945, 72, 0, 0
690, 2, 17, 71, 14, 0, 0.81%, 0, 0, 5, 17.64, 82958, 72, 0, 0
696, 2, 66, 72, 15, 0, 0.81%, 0, 0, 6, 368.35, 84485, 72, 0, 0
701, 2, 66, 72, 15, 0, 0.81%, 0, 0, 6, 661.49, 85132, 72, 0, 0
706, 2, 66, 72, 15, 0, 0.81%, 0, 0, 6, 17.70, 85510, 72, 0, 0
711, 2, 22, 72, 14, 0, 0.81%, 0, 0, 6, 438.20, 86632, 72, 0, 0
716, 2, 65, 73, 15, 0, 0.81%, 0, 0, 6, 18.42, 87199, 72, 0, 0
721, 2, 65, 73, 15, 0, 0.81%, 0, 0, 6, 30.82, 87446, 72, 0, 0
726, 2, 65, 73, 15, 0, 0.81%, 0, 0, 6, 29.57, 87628, 72, 0, 0
731, 2, 65, 73, 15, 0, 0.81%, 0, 0, 6, 55.53, 87907, 72, 0, 0
736, 2, 65, 74, 16, 0, 0.81%, 0, 0, 6, 68.74, 88269, 72, 0, 0
741, 2, 65, 74, 16, 0, 0.81%, 0, 0, 6, 90.06, 88775, 72, 0, 0
747, 2, 65, 75, 17, 0, 0.81%, 0, 0, 6, 268.48, 90204, 72, 0, 0
752, 2, 65, 75, 17, 0, 0.81%, 0, 0, 6, 239.42, 91240, 72, 0, 0
757, 2, 65, 76, 18, 0, 0.81%, 0, 0, 6, 320.12, 92491, 72, 0, 0
762, 2, 65, 76, 18, 0, 0.81%, 0, 0, 6, 201.88, 93307, 72, 0, 0
767, 2, 57, 77, 18, 0, 0.81%, 0, 0, 6, 315.31, 95222, 72, 0, 0
772, 2, 57, 77, 18, 0, 0.81%, 0, 0, 6, 397.34, 96212, 72, 0, 0
777, 2, 58, 78, 19, 0, 0.81%, 0, 0, 6, 15.62, 96993, 72, 0, 0
782, 2, 58, 79, 20, 0, 0.81%, 0, 0, 6, 19.54, 98040, 72, 0, 0
787, 2, 58, 79, 20, 0, 0.81%, 0, 0, 6, 426.92, 98678, 72, 0, 0
793, 2, 37, 79, 20, 0, 0.81%, 0, 0, 6, 14.81, 100851, 72, 0, 0
798, 2, 53, 79, 20, 0, 0.81%, 0, 0, 6, 431.02, 102789, 72, 0, 0
803, 2, 47, 79, 20, 0, 0.81%, 0, 0, 6, 223.18, 103369, 72, 0, 0
808, 2, 26, 79, 20, 0, 0.81%, 0, 0, 6, 27.76, 103759, 72, 0, 0
813, 2, 67, 80, 18, 0, 0.81%, 0, 0, 7, 485.31, 105970, 72, 0, 0
818, 2, 75, 80, 17, 0, 0.81%, 0, 0, 7, 40.66, 107382, 72, 0, 0
823, 2, 13, 80, 16, 0, 0.81%, 0, 0, 7, 19.14, 107610, 72, 0, 0
829, 2, 13, 80, 16, 0, 0.81%, 0, 0, 7, 20.89, 107729, 72, 0, 0
834, 2, 61, 80, 16, 0, 0.81%, 0, 0, 7, 27.46, 107919, 72, 0, 0
839, 2, 61, 80, 16, 0, 0.81%, 0, 0, 7, 27.11, 108056, 72, 0, 0
844, 2, 18, 80, 16, 0, 0.81%, 0, 0, 7, 53.04, 108421, 72, 0, 0
849, 2, 52, 81, 16, 0, 0.81%, 0, 0, 7, 235.58, 109379, 72, 0, 0
854, 2, 7, 81, 16, 0, 0.81%, 0, 0, 7, 653.55, 111576, 72, 0, 0
860, 2, 4, 81, 16, 0, 0.81%, 0, 0, 7, 244.66, 113198, 72, 0, 0
865, 2, 45, 81, 15, 0, 0.81%, 0, 0, 7, 225.41, 114144, 72, 0, 0
870, 2, 27, 81, 15, 0, 0.81%, 0, 0, 7, 19.61, 114767, 72, 0, 0
875, 2, 41, 82, 15, 0, 0.81%, 0, 0, 7, 21.05, 115506, 72, 0, 0
880, 2, 41, 84, 17, 0, 0.81%, 0, 0, 7, 407.72, 117552, 72, 0, 0
885, 2, 41, 84, 17, 0, 0.81%, 0, 0, 7, 14.63, 118616, 72, 0, 0
890, 2, 41, 84, 17, 0, 0.81%, 0, 0, 7, 20.16, 118974, 72, 0, 0
895, 2, 41, 84, 17, 0, 0.81%, 0, 0, 7, 21.28, 119120, 72, 0, 0
901, 2, 41, 84, 17, 0, 0.81%, 0, 0, 7, 26.22, 119261, 72, 0, 0
906, 2, 41, 84, 17, 0, 0.81%, 0, 0, 7, 215.47, 119571, 72, 0, 0
911, 2, 23, 84, 16, 0, 0.81%, 0, 0, 7, 29.50, 120322, 72, 0, 0
916, 2, 47, 84, 16, 0, 0.81%, 0, 0, 7, 19.57, 121027, 72, 0, 0
921, 2, 16, 84, 15, 0, 0.81%, 0, 0, 7, 291.26, 121576, 72, 0, 0
926, 3, 48, 84, 15, 0, 0.81%, 0, 0, 7, 441.08, 122837, 72, 0, 0
931, 3, 18, 85, 13, 0, 0.81%, 0, 0, 7, 1157.18, 126743, 72, 0, 0
936, 3, 45, 85, 11, 0, 0.81%, 0, 0, 7, 1153.52, 132578, 72, 0, 0
942, 3, 32, 85, 9, 0, 0.81%, 0, 0, 7, 1158.59, 138443, 72, 0, 0
947, 3, 32, 85, 8, 0, 0.81%, 0, 0, 7, 1168.98, 144454, 72, 0, 0
952, 4, 26, 85, 7, 0, 0.81%, 0, 0, 7, 1146.01, 150150, 72, 0, 0
957, 4, 23, 86, 7, 0, 0.81%, 0, 0, 7, 1193.42, 156276, 72, 0, 0
962, 4, 34, 86, 7, 0, 0.81%, 0, 0, 7, 1200.72, 162398, 72, 0, 0
967, 4, 88, 89, 9, 0, 0.81%, 0, 0, 7, 1180.50, 168378, 72, 0, 0
972, 4, 61, 91, 9, 0, 0.81%, 0, 0, 7, 1125.73, 174112, 72, 0, 0
977, 5, 57, 91, 9, 0, 0.81%, 0, 0, 7, 1177.42, 180140, 72, 0, 0
982, 5, 54, 95, 10, 0, 0.81%, 0, 0, 8, 1141.32, 185898, 72, 0, 0
987, 5, 95, 97, 10, 0, 0.81%, 0, 0, 8, 1135.74, 191680, 72, 0, 0
992, 5, 89, 98, 9, 0, 0.81%, 0, 0, 8, 1156.61, 197555, 72, 0, 0
997, 5, 87, 100, 10, 0, 0.81%, 0, 0, 8, 965.12, 202508, 72, 0, 0
1003, 5, 100, 101, 9, 1, 0.81%, 0, 0, 8, 394.68, 205790, 72, 0, 0
1008, 5, 17, 101, 8, 0, 0.81%, 0, 0, 8, 40.73, 207787, 72, 0, 0
1014, 5, 91, 101, 8, 0, 0.81%, 0, 0, 8, 13.24, 208279, 72, 0, 0
1019, 5, 48, 101, 8, 0, 0.81%, 0, 0, 8, 295.77, 209125, 72, 0, 0
1024, 5, 45, 101, 8, 0, 0.81%, 0, 0, 8, 115.00, 210001, 72, 0, 0
1029, 5, 100, 101, 8, 0, 0.81%, 0, 0, 8, 444.26, 211252, 72, 0, 0
1034, 5, 100, 102, 9, 0, 0.81%, 0, 0, 8, 145.33, 211646, 72, 0, 0
1039, 5, 100, 102, 9, 0, 0.81%, 0, 0, 8, 173.98, 212904, 72, 0, 0
1045, 5, 100, 102, 9, 0, 0.81%, 0, 0, 8, 390.77, 214408, 72, 0, 0
1050, 5, 19, 102, 9, 0, 0.81%, 0, 0, 8, 423.83, 216542, 72, 0, 0
1055, 5, 94, 102, 9, 0, 0.81%, 0, 0, 8, 453.95, 218272, 72, 0, 0
1061, 5, 2, 102, 8, 0, 0.81%, 0, 0, 8, 570.12, 220506, 72, 0, 0
1066, 5, 61, 102, 8, 0, 0.81%, 0, 0, 8, 440.44, 222698, 72, 0, 0
1071, 6, 94, 102, 8, 0, 0.81%, 0, 0, 8, 490.55, 224573, 72, 0, 0
1076, 6, 97, 103, 9, 0, 0.81%, 0, 0, 8, 430.16, 226563, 72, 0, 0
1081, 6, 97, 104, 9, 0, 0.81%, 0, 0, 8, 451.02, 228697, 72, 0, 0
1086, 6, 30, 104, 9, 0, 0.81%, 0, 0, 8, 418.72, 230336, 72, 0, 0
1091, 6, 13, 104, 9, 0, 0.81%, 0, 0, 8, 419.53, 232244, 72, 0, 0
1096, 6, 14, 104, 9, 0, 0.81%, 0, 0, 8, 11.38, 233225, 72, 0, 0
1101, 6, 34, 104, 9, 0, 0.81%, 0, 0, 8, 13.89, 233646, 72, 0, 0
1107, 6, 94, 104, 9, 0, 0.81%, 0, 0, 8, 15.69, 234402, 72, 0, 0
1112, 6, 103, 104, 9, 0, 0.81%, 0, 0, 8, 905.44, 239375, 72, 0, 0
1118, 6, 47, 104, 7, 0, 0.81%, 0, 0, 8, 19.36, 244675, 72, 0, 0
1124, 6, 74, 104, 7, 0, 0.81%, 0, 0, 8, 61.50, 245292, 72, 0, 0
1129, 6, 74, 104, 7, 0, 0.81%, 0, 0, 8, 24.83, 245368, 72, 0, 0
1134, 6, 66, 105, 7, 0, 0.81%, 0, 0, 8, 262.96, 246231, 72, 0, 0
1140, 6, 92, 107, 7, 0, 0.81%, 0, 0, 8, 249.98, 247516, 72, 0, 0
1145, 6, 61, 107, 5, 0, 0.81%, 0, 0, 8, 568.67, 249858, 72, 0, 0
1150, 6, 99, 108, 6, 0, 0.81%, 0, 0, 8, 554.44, 252319, 72, 0, 0
1155, 6, 101, 108, 6, 0, 0.81%, 0, 0, 8, 453.46, 254493, 72, 0, 0
1160, 6, 47, 108, 5, 0, 0.81%, 0, 0, 8, 9.80, 256652, 72, 0, 0
1166, 6, 51, 108, 5, 0, 0.81%, 0, 0, 8, 1006.55, 260050, 72, 0, 0
1171, 6, 37, 108, 4, 0, 0.81%, 0, 0, 8, 816.54, 263425, 72, 0, 0
1176, 6, 106, 110, 5, 0, 0.81%, 0, 0, 8, 179.00, 268346, 72, 0, 0
1181, 7, 71, 111, 5, 0, 0.81%, 0, 0, 8, 1132.87, 273249, 72, 0, 0
1186, 7, 111, 112, 3, 0, 0.81%, 0, 0, 8, 1075.56, 278688, 72, 0, 0
1191, 7, 111, 112, 3, 0, 0.81%, 0, 0, 8, 1002.58, 283676, 72, 0, 0
1196, 7, 111, 112, 3, 0, 0.81%, 0, 0, 8, 1060.83, 289306, 72, 0, 0
1201, 7, 57, 112, 3, 0, 0.81%, 0, 0, 8, 1035.91, 294386, 72, 0, 0
1206, 7, 58, 112, 2, 0, 0.81%, 0, 0, 8, 1068.46, 297631, 72, 0, 0
1212, 7, 111, 112, 2, 0, 0.81%, 0, 0, 8, 1049.35, 303102, 72, 0, 0
1217, 7, 94, 113, 2, 0, 0.81%, 0, 0, 8, 1148.12, 309063, 72, 0, 0
1222, 7, 94, 113, 2, 0, 0.81%, 0, 0, 8, 1143.26, 314793, 72, 0, 0
1227, 7, 112, 113, 2, 0, 0.81%, 0, 0, 8, 1119.12, 320529, 72, 0, 0
1232, 7, 58, 113, 1, 0, 0.81%, 0, 0, 8, 903.08, 324784, 72, 0, 0
1237, 7, 94, 113, 1, 0, 0.81%, 0, 0, 8, 485.20, 326386, 72, 0, 0
1242, 8, 94, 113, 1, 0, 0.81%, 0, 0, 8, 628.11, 328666, 72, 0, 0
1247, 8, 47, 113, 1, 0, 0.81%, 0, 0, 8, 446.59, 330506, 72, 0, 0
1252, 8, 34, 113, 1, 0, 0.81%, 0, 0, 8, 297.91, 332171, 72, 0, 0
1258, 8, 6, 113, 1, 0, 0.81%, 0, 0, 8, 9.29, 333767, 72, 0, 0
1263, 8, 34, 113, 1, 0, 0.81%, 0, 0, 8, 211.32, 333995, 72, 0, 0
1268, 8, 61, 113, 1, 0, 0.81%, 0, 0, 8, 556.80, 334613, 72, 0, 0
1273, 8, 61, 113, 1, 0, 0.81%, 0, 0, 8, 20.21, 334753, 72, 0, 0
1278, 8, 34, 113, 1, 0, 0.81%, 0, 0, 8, 27.94, 334974, 72, 0, 0
1283, 8, 10, 113, 1, 0, 0.81%, 0, 0, 8, 40.61, 335165, 72, 0, 0
1288, 8, 79, 113, 1, 0, 0.81%, 0, 0, 8, 27.87, 335972, 72, 0, 0
1293, 8, 32, 114, 2, 0, 0.81%, 0, 0, 8, 200.00, 336993, 72, 0, 0
1298, 8, 30, 114, 2, 0, 0.81%, 0, 0, 8, 348.41, 337810, 72, 0, 0
1304, 8, 16, 114, 2, 0, 0.81%, 0, 0, 8, 444.92, 339449, 72, 0, 0
1309, 8, 58, 114, 2, 0, 0.81%, 0, 0, 8, 333.08, 340955, 72, 0, 0
1314, 8, 32, 114, 2, 0, 0.81%, 0, 0, 8, 369.40, 341543, 72, 0, 0
1319, 8, 27, 114, 2, 0, 0.81%, 0, 0, 8, 68.34, 342501, 72, 0, 0
1324, 8, 9, 114, 2, 0, 0.81%, 0, 0, 8, 15.50, 344072, 72, 0, 0
1329, 8, 9, 114, 2, 0, 0.81%, 0, 0, 8, 19.56, 344266, 72, 0, 0
1335, 8, 2, 114, 2, 0, 0.81%, 0, 0, 8, 303.11, 345651, 72, 0, 0
1340, 8, 93, 115, 3, 0, 0.81%, 0, 0, 8, 302.04, 347029, 72, 0, 0
1345, 8, 93, 115, 3, 0, 0.81%, 0, 0, 8, 17.86, 347737, 72, 0, 0
1350, 8, 52, 115, 3, 0, 0.81%, 0, 0, 8, 522.48, 349250, 72, 0, 0
1355, 8, 47, 115, 3, 0, 0.81%, 0, 0, 8, 244.64, 350366, 72, 0, 0
1360, 8, 16, 115, 3, 0, 0.81%, 0, 0, 8, 41.03, 350997, 72, 0, 0
1365, 8, 16, 115, 3, 0, 0.81%, 0, 0, 8, 32.67, 351194, 72, 0, 0
1370, 8, 85, 115, 3, 0, 0.81%, 0, 0, 8, 622.34, 352508, 72, 0, 0
1376, 8, 113, 115, 3, 0, 0.81%, 0, 0, 8, 18.13, 353650, 72, 0, 0
1381, 8, 113, 116, 4, 0, 0.81%, 0, 0, 9, 418.22, 355255, 72, 0, 0
1386, 8, 113, 116, 4, 0, 0.81%, 0, 0, 9, 231.88, 356094, 72, 0, 0
1391, 8, 113, 116, 4, 0, 0.81%, 0, 0, 9, 237.35, 356755, 72, 0, 0
1396, 8, 113, 116, 4, 0, 0.81%, 0, 0, 9, 14.58, 358601, 72, 0, 0
1401, 8, 113, 116, 4, 0, 0.81%, 0, 0, 9, 226.76, 359727, 72, 0, 0
1406, 8, 113, 116, 4, 0, 0.81%, 0, 0, 9, 19.74, 360299, 72, 0, 0
1411, 8, 111, 116, 3, 0, 0.81%, 0, 0, 9, 19.41, 360937, 72, 0, 0
1417, 8, 111, 116, 3, 0, 0.81%, 0, 0, 9, 18.18, 362055, 72, 0, 0
1422, 8, 111, 116, 3, 0, 0.81%, 0, 0, 9, 409.22, 363193, 72, 0, 0
1427, 8, 100, 116, 3, 0, 0.81%, 0, 0, 9, 425.75, 365023, 72, 0, 0
1432, 8, 13, 116, 3, 0, 0.81%, 0, 0, 9, 88.24, 367366, 72, 0, 0
1437, 8, 27, 116, 3, 0, 0.81%, 0, 0, 9, 47.40, 368287, 72, 0, 0
1442, 8, 112, 116, 3, 0, 0.81%, 0, 0, 9, 26.99, 368599, 72, 0, 0
1447, 8, 36, 116, 3, 0, 0.81%, 0, 0, 9, 218.26, 369470, 72, 0, 0
1452, 8, 34, 116, 3, 0, 0.81%, 0, 0, 9, 18.20, 369614, 72, 0, 0
1457, 8, 20, 116, 3, 0, 0.81%, 0, 0, 9, 621.30, 369994, 72, 0, 0
1463, 8, 100, 117, 3, 0, 0.81%, 0, 0, 9, 15.70, 371851, 72, 0, 0
1468, 8, 13, 117, 3, 0, 0.81%, 0, 0, 9, 367.26, 373840, 72, 0, 0
1473, 8, 61, 117, 3, 0, 0.81%, 0, 0, 9, 386.67, 375862, 72, 0, 0
1478, 8, 7, 117, 3, 0, 0.81%, 0, 0, 9, 404.76, 377207, 72, 0, 0
1483, 9, 100, 117, 3, 0, 0.81%, 0, 0, 9, 404.94, 379252, 72, 0, 0
1488, 9, 57, 117, 3, 0, 0.81%, 0, 0, 9, 360.60, 381078, 72, 0, 0
1493, 9, 18, 117, 3, 0, 0.81%, 0, 0, 9, 330.76, 382744, 72, 0, 0
1499, 9, 52, 117, 3, 0, 0.81%, 0, 0, 9, 309.82, 384400, 72, 0, 0
1504, 9, 36, 117, 3, 0, 0.81%, 0, 0, 9, 348.64, 386022, 72, 0, 0
1509, 9, 47, 117, 3, 0, 0.81%, 0, 0, 9, 397.43, 388076, 72, 0, 0
1514, 9, 32, 117, 3, 0, 0.81%, 0, 0, 9, 442.45, 390178, 72, 0, 0
1519, 9, 115, 117, 3, 0, 0.81%, 0, 0, 9, 368.76, 391906, 72, 0, 0
1524, 9, 115, 118, 4, 0, 0.81%, 0, 0, 10, 329.39, 393443, 72, 0, 0
1529, 9, 115, 118, 4, 0, 0.81%, 0, 0, 10, 365.76, 395014, 72, 0, 0
1534, 9, 115, 118, 4, 0, 0.81%, 0, 0, 10, 365.86, 396869, 72, 0, 0
1539, 9, 20, 118, 3, 0, 0.81%, 0, 0, 10, 79.01, 398552, 72, 0, 0
1545, 9, 37, 118, 3, 0, 0.81%, 0, 0, 10, 411.01, 399767, 72, 0, 0
1550, 9, 23, 118, 3, 0, 0.81%, 0, 0, 10, 366.01, 401423, 72, 0, 0
1555, 9, 58, 118, 3, 0, 0.81%, 0, 0, 10, 293.30, 402760, 72, 0, 0
1560, 9, 21, 118, 3, 0, 0.81%, 0, 0, 10, 288.33, 404205, 72, 0, 0
1565, 9, 23, 118, 3, 0, 0.81%, 0, 0, 10, 329.39, 405860, 72, 0, 0
1570, 9, 52, 118, 3, 0, 0.81%, 0, 0, 10, 361.64, 407693, 72, 0, 0
1575, 9, 58, 118, 3, 0, 0.81%, 0, 0, 10, 404.85, 409739, 72, 0, 0
1580, 9, 117, 118, 3, 0, 0.81%, 0, 0, 10, 367.37, 411596, 72, 0, 0
1585, 9, 117, 118, 3, 0, 0.81%, 0, 0, 10, 334.57, 413289, 72, 0, 0
1590, 9, 94, 118, 2, 0, 0.81%, 0, 0, 10, 350.14, 415047, 72, 0, 0
1595, 9, 111, 118, 2, 0, 0.81%, 0, 0, 10, 309.97, 416614, 72, 0, 0
1600, 9, 50, 118, 2, 0, 0.81%, 0, 0, 10, 330.32, 418312, 72, 0, 0
1606, 9, 29, 118, 2, 0, 0.81%, 0, 0, 10, 347.06, 420091, 72, 0, 0
1611, 9, 47, 118, 2, 0, 0.81%, 0, 0, 10, 384.97, 422108, 72, 0, 0
1616, 9, 62, 118, 2, 0, 0.81%, 0, 0, 10, 350.66, 423827, 72, 0, 0
1621, 9, 58, 118, 2, 0, 0.81%, 0, 0, 10, 366.39, 425669, 72, 0, 0
1627, 9, 13, 118, 2, 0, 0.81%, 0, 0, 10, 348.46, 427566, 72, 0, 0
1632, 9, 37, 118, 2, 0, 0.81%, 0, 0, 10, 334.24, 429298, 72, 0, 0
1637, 9, 58, 118, 2, 0, 0.81%, 0, 0, 10, 408.35, 431377, 72, 0, 0
1642, 10, 57, 118, 1, 0, 0.81%, 0, 0, 10, 290.19, 432683, 72, 0, 0
1647, 10, 100, 118, 1, 0, 0.81%, 0, 0, 10, 306.05, 434251, 72, 0, 0
1652, 10, 35, 118, 1, 0, 0.81%, 0, 0, 10, 327.60, 435927, 72, 0, 0
1657, 10, 100, 118, 1, 0, 0.81%, 0, 0, 10, 341.28, 437653, 72, 0, 0
1662, 10, 13, 118, 1, 0, 0.81%, 0, 0, 10, 367.26, 439524, 72, 0, 0
1667, 10, 61, 118, 1, 0, 0.81%, 0, 0, 10, 364.73, 441394, 72, 0, 0
1673, 10, 23, 118, 1, 0, 0.81%, 0, 0, 10, 379.81, 443280, 72, 0, 0
1678, 10, 57, 118, 1, 0, 0.81%, 0, 0, 10, 334.53, 444949, 72, 0, 0
1683, 10, 111, 118, 1, 0, 0.81%, 0, 0, 10, 323.04, 446610, 72, 0, 0
1688, 10, 98, 118, 1, 0, 0.81%, 0, 0, 10, 304.05, 448110, 72, 0, 0
1693, 10, 98, 118, 1, 0, 0.81%, 0, 0, 10, 6.80, 450673, 72, 0, 0
1699, 10, 57, 118, 1, 0, 0.81%, 0, 0, 10, 9.39, 451684, 72, 0, 0
1704, 10, 47, 118, 1, 0, 0.81%, 0, 0, 10, 340.67, 453900, 72, 0, 0
1709, 10, 108, 118, 1, 0, 0.81%, 0, 0, 10, 29.99, 454386, 72, 0, 0
1714, 10, 58, 118, 0, 0, 0.81%, 0, 0, 10, 357.84, 454988, 72, 0, 0
1719, 10, 113, 118, 0, 0, 0.81%, 0, 0, 10, 362.35, 456763, 72, 0, 0
1724, 10, 7, 118, 0, 0, 0.81%, 0, 0, 10, 389.51, 458755, 72, 0, 0
1729, 10, 94, 118, 0, 0, 0.81%, 0, 0, 10, 394.73, 460780, 72, 0, 0
1734, 10, 57, 118, 0, 0, 0.81%, 0, 0, 10, 378.40, 462702, 72, 0, 0
1739, 10, 94, 118, 0, 0, 0.81%, 0, 0, 10, 396.57, 464739, 72, 0, 0
1744, 10, 51, 118, 0, 0, 0.81%, 0, 0, 10, 347.52, 466456, 72, 0, 0
1750, 10, 94, 118, 0, 0, 0.81%, 0, 0, 10, 350.94, 468223, 72, 0, 0
1755, 10, 30, 118, 0, 0, 0.81%, 0, 0, 10, 373.66, 470178, 72, 0, 0
1760, 10, 13, 118, 0, 0, 0.81%, 0, 0, 10, 358.70, 472051, 72, 0, 0
1765, 10, 98, 118, 0, 0, 0.81%, 0, 0, 10, 308.33, 473661, 72, 0, 0
1770, 11, 66, 118, 0, 0, 0.81%, 0, 0, 10, 381.80, 475429, 72, 0, 0
1775, 11, 58, 118, 0, 0, 0.81%, 0, 0, 10, 371.83, 476949, 72, 0, 0
1780, 11, 32, 118, 0, 0, 0.81%, 0, 0, 10, 9.07, 477583, 72, 0, 0
1786, 11, 111, 118, 0, 0, 0.81%, 0, 0, 10, 276.43, 478881, 72, 0, 0
1791, 11, 47, 118, 0, 0, 0.81%, 0, 0, 10, 363.98, 480795, 72, 0, 0
1796, 11, 93, 118, 0, 0, 0.81%, 0, 0, 10, 378.10, 482737, 72, 0, 0
1801, 11, 111, 118, 0, 0, 0.81%, 0, 0, 10, 373.14, 484690, 72, 0, 0
1806, 11, 108, 118, 0, 0, 0.81%, 0, 0, 10, 44.78, 485834, 72, 0, 0
1811, 11, 16, 118, 0, 0, 0.81%, 0, 0, 10, 283.52, 486816, 72, 0, 0
1816, 11, 10, 118, 0, 0, 0.81%, 0, 0, 10, 89.05, 487606, 72, 0, 0
1821, 11, 57, 118, 0, 0, 0.81%, 0, 0, 10, 16.67, 488404, 72, 0, 0
1826, 11, 13, 118, 0, 0, 0.81%, 0, 0, 10, 16.21, 489134, 72, 0, 0
1832, 11, 58, 118, 0, 0, 0.81%, 0, 0, 10, 17.60, 489764, 72, 0, 0
1837, 11, 94, 118, 0, 0, 0.81%, 0, 0, 10, 401.14, 490472, 72, 0, 0
1842, 11, 57, 118, 0, 0, 0.81%, 0, 0, 10, 433.15, 492198, 72, 0, 0
1847, 11, 58, 118, 0, 0, 0.81%, 0, 0, 10, 20.46, 492806, 72, 0, 0
1852, 11, 58, 118, 0, 0, 0.81%, 0, 0, 10, 20.46, 492905, 72, 0, 0
1857, 11, 47, 118, 0, 0, 0.81%, 0, 0, 10, 23.89, 493343, 72, 0, 0
1862, 11, 47, 118, 0, 0, 0.81%, 0, 0, 10, 29.53, 493542, 72, 0, 0
1868, 11, 32, 118, 0, 0, 0.81%, 0, 0, 10, 58.01, 493873, 72, 0, 0
1873, 11, 47, 118, 0, 0, 0.81%, 0, 0, 10, 55.94, 494261, 72, 0, 0
1878, 11, 51, 118, 0, 0, 0.81%, 0, 0, 10, 43.63, 495602, 72, 0, 0
1883, 11, 58, 118, 0, 0, 0.81%, 0, 0, 10, 413.32, 497245, 72, 0, 0
1888, 11, 30, 118, 0, 0, 0.81%, 0, 0, 10, 412.32, 499329, 72, 0, 0
1893, 11, 94, 118, 0, 0, 0.81%, 0, 0, 10, 404.55, 501387, 72, 0, 0
1898, 11, 35, 118, 0, 0, 0.81%, 0, 0, 10, 381.59, 502566, 72, 0, 0
1903, 11, 36, 118, 0, 0, 0.81%, 0, 0, 10, 328.14, 504182, 72, 0, 0
1908, 11, 30, 118, 0, 0, 0.81%, 0, 0, 10, 315.16, 505754, 72, 0, 0
1913, 11, 47, 118, 0, 0, 0.81%, 0, 0, 10, 317.13, 507358, 72, 0, 0
1919, 11, 57, 118, 0, 0, 0.81%, 0, 0, 10, 195.12, 508590, 72, 0, 0
1924, 11, 57, 118, 0, 0, 0.81%, 0, 0, 10, 202.77, 509274, 72, 0, 0
1929, 11, 61, 118, 0, 0, 0.81%, 0, 0, 10, 392.87, 509803, 72, 0, 0
1934, 11, 99, 118, 0, 0, 0.81%, 0, 0, 10, 18.26, 510822, 72, 0, 0
1939, 11, 10, 118, 0, 0, 0.81%, 0, 0, 10, 266.20, 511276, 72, 0, 0
1944, 11, 16, 118, 0, 0, 0.81%, 0, 0, 10, 28.37, 512556, 72, 0, 0
1949, 11, 57, 118, 0, 0, 0.81%, 0, 0, 10, 207.82, 513634, 72, 0, 0
1955, 11, 51, 118, 0, 0, 0.81%, 0, 0, 10, 246.63, 514454, 72, 0, 0
1960, 11, 2, 118, 0, 0, 0.81%, 0, 0, 10, 242.02, 515828, 72, 0, 0
1965, 12, 36, 118, 0, 0, 0.81%, 0, 0, 10, 349.89, 517462, 72, 0, 0
1970, 12, 30, 118, 0, 0, 0.81%, 0, 0, 10, 15.15, 518333, 72, 0, 0
1975, 12, 30, 118, 0, 0, 0.81%, 0, 0, 10, 17.96, 518432, 72, 0, 0
1980, 12, 98, 118, 0, 0, 0.81%, 0, 0, 10, 22.32, 518548, 72, 0, 0
1985, 12, 94, 118, 0, 0, 0.81%, 0, 0, 10, 234.72, 519382, 72, 0, 0
1990, 12, 94, 118, 0, 0, 0.81%, 0, 0, 10, 357.89, 521369, 72, 0, 0
1995, 12, 19, 118, 0, 0, 0.81%, 0, 0, 10, 397.21, 523419, 72, 0, 0
2000, 12, 10, 118, 0, 0, 0.81%, 0, 0, 10, 15.15, 524298, 72, 0, 0
2005, 12, 45, 118, 0, 0, 0.81%, 0, 0, 10, 241.77, 524918, 72, 0, 0
2010, 12, 51, 118, 0, 0, 0.81%, 0, 0, 10, 18.82, 525162, 72, 0, 0
2016, 12, 112, 118, 0, 0, 0.81%, 0, 0, 10, 51.99, 526321, 72, 0, 0
2021, 12, 112, 118, 0, 0, 0.81%, 0, 0, 10, 18.69, 526696, 72, 0, 0
2026, 12, 112, 118, 0, 0, 0.81%, 0, 0, 10, 25.23, 526832, 72, 0, 0
2031, 12, 16, 118, 0, 0, 0.81%, 0, 0, 10, 29.72, 527025, 72, 0, 0
2036, 12, 34, 118, 0, 0, 0.81%, 0, 0, 10, 62.22, 527375, 72, 0, 0
2041, 12, 9, 118, 0, 0, 0.81%, 0, 0, 10, 77.41, 527762, 72, 0, 0
2046, 12, 27, 118, 0, 0, 0.81%, 0, 0, 10, 63.84, 528045, 72, 0, 0
2052, 12, 16, 118, 0, 0, 0.81%, 0, 0, 10, 1036.42, 528967, 72, 0, 0
2057, 12, 36, 118, 0, 0, 0.81%, 0, 0, 10, 1090.89, 534735, 72, 0, 0
2062, 12, 47, 118, 0, 0, 0.81%, 0, 0, 10, 35.99, 536568, 72, 0, 0
2067, 12, 47, 118, 0, 0, 0.81%, 0, 0, 10, 19.14, 536640, 72, 0, 0
2072, 12, 2, 118, 0, 0, 0.81%, 0, 0, 10, 17.16, 537300, 72, 0, 0
2077, 12, 2, 118, 0, 0, 0.81%, 0, 0, 10, 19.65, 537404, 72, 0, 0
2082, 12, 55, 118, 0, 0, 0.81%, 0, 0, 10, 419.36, 539678, 72, 0, 0
2087, 12, 13, 118, 0, 0, 0.81%, 0, 0, 10, 13.59, 541121, 72, 0, 0
2093, 12, 45, 118, 0, 0, 0.81%, 0, 0, 10, 475.93, 542873, 72, 0, 0
2098, 12, 10, 118, 0, 0, 0.81%, 0, 0, 10, 222.35, 544270, 72, 0, 0
2103, 12, 2, 118, 0, 0, 0.81%, 0, 0, 10, 16.62, 544407, 72, 0, 0
2108, 12, 61, 118, 0, 0, 0.81%, 0, 0, 10, 91.43, 546310, 72, 0, 0
2113, 12, 61, 118, 0, 0, 0.81%, 0, 0, 10, 17.60, 546398, 72, 0, 0
2118, 12, 61, 118, 0, 0, 0.81%, 0, 0, 10, 19.09, 546496, 72, 0, 0
2123, 12, 61, 118, 0, 0, 0.81%, 0, 0, 10, 21.42, 546608, 72, 0, 0
2128, 12, 61, 118, 0, 0, 0.81%, 0, 0, 10, 32.27, 546779, 72, 0, 0
2133, 12, 2, 118, 0, 0, 0.81%, 0, 0, 10, 59.01, 547095, 72, 0, 0
2138, 12, 2, 118, 0, 0, 0.81%, 0, 0, 10, 36.59, 547260, 72, 0, 0
2143, 12, 18, 118, 0, 0, 0.81%, 0, 0, 10, 36.06, 547438, 72, 0, 0
2149, 12, 18, 118, 0, 0, 0.81%, 0, 0, 10, 37.42, 547631, 72, 0, 0
2154, 12, 18, 118, 0, 0, 0.81%, 0, 0, 10, 86.06, 548087, 72, 0, 0
2159, 12, 32, 118, 0, 0, 0.81%, 0, 0, 10, 517.80, 549476, 72, 0, 0
2164, 12, 99, 118, 0, 0, 0.81%, 0, 0, 10, 28.83, 550068, 72, 0, 0
2169, 12, 9, 118, 0, 0, 0.81%, 0, 0, 10, 343.14, 551264, 72, 0, 0
2174, 12, 99, 118, 0, 0, 0.81%, 0, 0, 10, 329.74, 552484, 72, 0, 0
2179, 12, 56, 118, 0, 0, 0.81%, 0, 0, 10, 267.67, 553524, 72, 0, 0
2185, 12, 99, 118, 0, 0, 0.81%, 0, 0, 10, 109.59, 554410, 72, 0, 0
2190, 12, 30, 118, 0, 0, 0.81%, 0, 0, 10, 20.82, 554921, 72, 0, 0
2195, 12, 14, 118, 0, 0, 0.81%, 0, 0, 10, 21.67, 555507, 72, 0, 0
2200, 12, 14, 118, 0, 0, 0.81%, 0, 0, 10, 19.81, 555608, 72, 0, 0
2205, 12, 94, 118, 0, 0, 0.81%, 0, 0, 10, 24.29, 555735, 72, 0, 0
2210, 12, 94, 118, 0, 0, 0.81%, 0, 0, 10, 26.26, 555871, 72, 0, 0
2215, 12, 94, 118, 0, 0, 0.81%, 0, 0, 10, 40.36, 556099, 72, 0, 0
2220, 12, 47, 118, 0, 0, 0.81%, 0, 0, 10, 173.22, 557007, 72, 0, 0
2225, 12, 112, 118, 0, 0, 0.81%, 0, 0, 10, 26.97, 557546, 72, 0, 0
2231, 12, 18, 118, 0, 0, 0.81%, 0, 0, 10, 356.83, 558600, 72, 0, 0
2236, 13, 35, 118, 0, 0, 0.81%, 0, 0, 10, 19.50, 559896, 72, 0, 0
2241, 13, 23, 118, 0, 0, 0.81%, 0, 0, 10, 448.56, 561124, 72, 0, 0
2246, 13, 54, 118, 0, 0, 0.81%, 0, 0, 10, 328.34, 562195, 72, 0, 0
2251, 13, 30, 118, 0, 0, 0.81%, 0, 0, 10, 47.62, 563026, 72, 0, 0
2256, 13, 7, 118, 0, 0, 0.81%, 0, 0, 10, 189.77, 563868, 72, 0, 0
2262, 13, 26, 118, 0, 0, 0.81%, 0, 0, 10, 19.90, 564431, 72, 0, 0
2267, 13, 18, 118, 0, 0, 0.81%, 0, 0, 10, 24.31, 565636, 72, 0, 0
2272, 13, 100, 118, 0, 0, 0.81%, 0, 0, 10, 19.05, 566048, 72, 0, 0
2277, 13, 100, 118, 0, 0, 0.81%, 0, 0, 10, 397.71, 566708, 72, 0, 0
2282, 13, 99, 118, 0, 0, 0.81%, 0, 0, 10, 89.08, 567451, 72, 0, 0
2287, 13, 47, 118, 0, 0, 0.81%, 0, 0, 10, 472.42, 569892, 72, 0, 0
2293, 13, 45, 118, 0, 0, 0.81%, 0, 0, 10, 14.00, 571754, 72, 0, 0
2298, 13, 99, 118, 0, 0, 0.81%, 0, 0, 10, 113.45, 574065, 72, 0, 0
2303, 13, 111, 118, 0, 0, 0.81%, 0, 0, 10, 393.16, 575285, 72, 0, 0
2308, 13, 52, 118, 0, 0, 0.81%, 0, 0, 10, 529.47, 578120, 72, 0, 0
2313, 13, 85, 118, 0, 0, 0.81%, 0, 0, 10, 588.48, 581210, 72, 0, 0
2318, 13, 57, 118, 0, 0, 0.81%, 0, 0, 10, 587.14, 584194, 72, 0, 0
2323, 13, 90, 118, 0, 0, 0.81%, 0, 0, 10, 603.03, 587255, 72, 0, 0
2328, 13, 16, 118, 0, 0, 0.81%, 0, 0, 10, 568.59, 590120, 72, 0, 0
2333, 13, 57, 118, 0, 0, 0.81%, 0, 0, 10, 558.24, 592964, 72, 0, 0
2339, 13, 58, 119, 1, 0, 0.81%, 0, 0, 10, 563.53, 595851, 72, 0, 0
2344, 13, 13, 119, 1, 0, 0.81%, 0, 0, 10, 625.21, 599098, 72, 0, 0
2349, 13, 118, 119, 1, 0, 0.81%, 0, 0, 10, 623.34, 602259, 72, 0, 0
2354, 13, 18, 119, 0, 0, 0.81%, 0, 0, 10, 487.77, 604678, 72, 0, 0
2359, 14, 99, 119, 0, 0, 0.81%, 0, 0, 10, 455.80, 605808, 72, 0, 0
2364, 14, 18, 119, 0, 0, 0.81%, 0, 0, 10, 13.36, 606384, 72, 0, 0
2369, 14, 94, 119, 0, 0, 0.81%, 0, 0, 10, 12.35, 608301, 72, 0, 0
2374, 14, 23, 119, 0, 0, 0.81%, 0, 0, 10, 451.46, 609304, 72, 0, 0
2379, 14, 111, 119, 0, 0, 0.81%, 0, 0, 10, 435.46, 611276, 72, 0, 0
2385, 14, 71, 119, 0, 0, 0.81%, 0, 0, 10, 61.74, 612448, 72, 0, 0
2390, 14, 71, 119, 0, 0, 0.81%, 0, 0, 10, 53.00, 612730, 72, 0, 0
2395, 14, 99, 119, 0, 0, 0.81%, 0, 0, 10, 14.27, 613682, 72, 0, 0
2400, 14, 36, 119, 0, 0, 0.81%, 0, 0, 10, 15.29, 614270, 72, 0, 0
2405, 14, 21, 119, 0, 0, 0.81%, 0, 0, 10, 19.42, 614905, 72, 0, 0
2410, 14, 118, 119, 0, 0, 0.81%, 0, 0, 10, 282.82, 616411, 72, 0, 0
2416, 14, 118, 119, 0, 0, 0.81%, 0, 0, 10, 30.08, 617368, 72, 0, 0
2421, 14, 100, 119, 0, 0, 0.81%, 0, 0, 10, 165.38, 617859, 72, 0, 0
2426, 14, 23, 119, 0, 0, 0.81%, 0, 0, 10, 36.22, 618310, 72, 0, 0
2431, 14, 27, 119, 0, 0, 0.81%, 0, 0, 10, 23.23, 618550, 72, 0, 0
2436, 14, 16, 119, 0, 0, 0.81%, 0, 0, 10, 172.26, 619441, 72, 0, 0
2441, 14, 14, 119, 0, 0, 0.81%, 0, 0, 10, 18.29, 619963, 72, 0, 0
2446, 14, 14, 119, 0, 0, 0.81%, 0, 0, 10, 20.00, 620063, 72, 0, 0
2451, 14, 36, 119, 0, 0, 0.81%, 0, 0, 10, 21.51, 620177, 72, 0, 0
2457, 14, 36, 119, 0, 0, 0.81%, 0, 0, 10, 35.52, 620380, 72, 0, 0
2462, 14, 2, 119, 0, 0, 0.81%, 0, 0, 10, 260.18, 620916, 72, 0, 0
2467, 14, 95, 119, 0, 0, 0.81%, 0, 0, 10, 114.31, 621605, 72, 0, 0
2472, 14, 45, 119, 0, 0, 0.81%, 0, 0, 10, 17.50, 622093, 72, 0, 0
2477, 14, 45, 119, 0, 0, 0.81%, 0, 0, 10, 273.50, 622526, 72, 0, 0
2482, 14, 23, 119, 0, 0, 0.81%, 0, 0, 10, 19.49, 623240, 72, 0, 0
2487, 14, 21, 119, 0, 0, 0.81%, 0, 0, 10, 25.57, 623381, 72, 0, 0
2492, 14, 99, 119, 0, 0, 0.81%, 0, 0, 10, 32.98, 623543, 72, 0, 0
2497, 14, 99, 119, 0, 0, 0.81%, 0, 0, 10, 60.66, 623888, 72, 0, 0
2502, 14, 14, 119, 0, 0, 0.81%, 0, 0, 10, 69.17, 624247, 72, 0, 0
2507, 14, 37, 119, 0, 0, 0.81%, 0, 0, 10, 71.22, 624609, 72, 0, 0
2513, 14, 57, 119, 0, 0, 0.81%, 0, 0, 10, 458.87, 625061, 72, 0, 0
2518, 14, 2, 119, 0, 0, 0.81%, 0, 0, 10, 27.74, 625836, 72, 0, 0
2523, 14, 57, 119, 0, 0, 0.81%, 0, 0, 10, 20.43, 626620, 72, 0, 0
2528, 14, 18, 119, 0, 0, 0.81%, 0, 0, 10, 23.23, 626769, 72, 0, 0
2533, 14, 111, 119, 0, 0, 0.81%, 0, 0, 10, 36.52, 627285, 72, 0, 0
2538, 14, 111, 119, 0, 0, 0.81%, 0, 0, 10, 99.50, 627805, 72, 0, 0
2543, 14, 20, 119, 0, 0, 0.81%, 0, 0, 10, 325.60, 629266, 72, 0, 0
2548, 14, 94, 119, 0, 0, 0.81%, 0, 0, 10, 275.68, 630641, 72, 0, 0
2553, 14, 94, 119, 0, 0, 0.81%, 0, 0, 10, 19.26, 630948, 72, 0, 0
2559, 14, 94, 119, 0, 0, 0.81%, 0, 0, 10, 22.96, 631063, 72, 0, 0
2564, 14, 94, 119, 0, 0, 0.81%, 0, 0, 10, 26.99, 631302, 72, 0, 0
2569, 14, 34, 119, 0, 0, 0.81%, 0, 0, 10, 50.37, 631568, 72, 0, 0
2574, 14, 57, 119, 0, 0, 0.81%, 0, 0, 10, 54.87, 631836, 72, 0, 0
2579, 14, 57, 119, 0, 0, 0.81%, 0, 0, 10, 66.20, 632178, 72, 0, 0
2585, 14, 13, 119, 0, 0, 0.81%, 0, 0, 10, 89.14, 633697, 72, 0, 0
2590, 14, 20, 119, 0, 0, 0.81%, 0, 0, 10, 236.06, 634106, 72, 0, 0
2595, 14, 34, 119, 0, 0, 0.81%, 0, 0, 10, 32.17, 634354, 72, 0, 0
2600, 14, 61, 119, 0, 0, 0.81%, 0, 0, 10, 40.18, 634567, 72, 0, 0
2605, 14, 61, 119, 0, 0, 0.81%, 0, 0, 10, 40.47, 634834, 72, 0, 0
2610, 14, 45, 119, 0, 0, 0.81%, 0, 0, 10, 70.68, 636395, 72, 0, 0
2616, 14, 99, 119, 0, 0, 0.81%, 0, 0, 10, 301.79, 637058, 72, 0, 0
2621, 14, 27, 119, 0, 0, 0.81%, 0, 0, 10, 414.83, 639331, 72, 0, 0
2626, 14, 30, 119, 0, 0, 0.81%, 0, 0, 10, 18.13, 639639, 72, 0, 0
2631, 14, 36, 119, 0, 0, 0.81%, 0, 0, 10, 18.09, 640201, 72, 0, 0
2636, 14, 13, 119, 0, 0, 0.81%, 0, 0, 10, 21.83, 640685, 72, 0, 0
2641, 14, 111, 119, 0, 0, 0.81%, 0, 0, 10, 21.67, 641335, 72, 0, 0
2646, 14, 111, 119, 0, 0, 0.81%, 0, 0, 10, 24.89, 641615, 72, 0, 0
2651, 14, 61, 119, 0, 0, 0.81%, 0, 0, 10, 20.22, 642966, 72, 0, 0
2657, 14, 16, 119, 0, 0, 0.81%, 0, 0, 10, 739.69, 644801, 72, 0, 0
2662, 14, 111, 119, 0, 0, 0.81%, 0, 0, 10, 160.35, 645917, 72, 0, 0
2667, 14, 26, 119, 0, 0, 0.81%, 0, 0, 10, 18.45, 646665, 72, 0, 0
2672, 14, 61, 119, 0, 0, 0.81%, 0, 0, 10, 195.31, 647016, 72, 0, 0
2677, 14, 111, 119, 0, 0, 0.81%, 0, 0, 10, 289.31, 647606, 72, 0, 0
2682, 14, 58, 119, 0, 0, 0.81%, 0, 0, 10, 325.93, 649067, 72, 0, 0
2687, 14, 35, 119, 0, 0, 0.81%, 0, 0, 10, 222.15, 650271, 72, 0, 0
2693, 14, 76, 119, 0, 0, 0.81%, 0, 0, 10, 358.52, 652231, 72, 0, 0
2698, 15, 37, 119, 0, 0, 0.81%, 0, 0, 10, 325.05, 653586, 72, 0, 0
2703, 15, 37, 119, 0, 0, 0.81%, 0, 0, 10, 204.43, 655028, 72, 0, 0
2708, 15, 7, 119, 0, 0, 0.81%, 0, 0, 10, 169.57, 655487, 72, 0, 0
2713, 15, 32, 119, 0, 0, 0.81%, 0, 0, 10, 291.47, 657081, 72, 0, 0
2718, 15, 14, 119, 0, 0, 0.81%, 0, 0, 10, 18.75, 657554, 72, 0, 0
2723, 15, 117, 119, 0, 0, 0.81%, 0, 0, 10, 32.03, 657860, 72, 0, 0
2729, 15, 61, 119, 0, 0, 0.81%, 0, 0, 10, 226.76, 659192, 72, 0, 0
2734, 15, 32, 119, 0, 0, 0.81%, 0, 0, 10, 15.67, 660981, 72, 0, 0
2739, 15, 18, 119, 0, 0, 0.81%, 0, 0, 10, 260.64, 661616, 72, 0, 0
2744, 15, 99, 119, 0, 0, 0.81%, 0, 0, 10, 19.02, 662248, 72, 0, 0
2749, 15, 99, 119, 0, 0, 0.81%, 0, 0, 10, 391.13, 662878, 72, 0, 0
2754, 15, 99, 119, 0, 0, 0.81%, 0, 0, 10, 252.38, 663131, 72, 0, 0
2759, 15, 94, 119, 0, 0, 0.81%, 0, 0, 10, 535.00, 664050, 72, 0, 0
2764, 15, 26, 119, 0, 0, 0.81%, 0, 0, 10, 570.76, 667085, 72, 0, 0
2769, 15, 47, 119, 0, 0, 0.81%, 0, 0, 10, 15.87, 667806, 72, 0, 0
2774, 15, 26, 119, 0, 0, 0.81%, 0, 0, 10, 182.58, 668288, 72, 0, 0
2780, 15, 14, 119, 0, 0, 0.81%, 0, 0, 10, 19.37, 668938, 72, 0, 0
2785, 15, 14, 120, 1, 0, 0.81%, 0, 0, 10, 25.37, 669219, 72, 0, 0
2790, 15, 58, 120, 1, 0, 0.81%, 0, 0, 10, 26.90, 669574, 72, 0, 0
2795, 15, 100, 120, 1, 0, 0.81%, 0, 0, 10, 29.60, 670167, 72, 0, 0
2800, 15, 100, 120, 1, 0, 0.81%, 0, 0, 10, 27.45, 670670, 72, 0, 0
2805, 15, 37, 120, 1, 0, 0.81%, 0, 0, 10, 18.22, 671631, 72, 0, 0
2810, 15, 45, 120, 1, 0, 0.81%, 0, 0, 10, 368.43, 673313, 72, 0, 0
2815, 15, 36, 120, 1, 0, 0.81%, 0, 0, 10, 534.33, 675967, 72, 0, 0
2821, 15, 95, 120, 1, 0, 0.81%, 0, 0, 10, 487.35, 678427, 72, 0, 0
2826, 15, 30, 120, 1, 0, 0.81%, 0, 0, 10, 49.96, 679555, 72, 0, 0
2831, 15, 119, 120, 1, 0, 0.81%, 0, 0, 10, 50.15, 682236, 72, 0, 0
2836, 15, 119, 120, 1, 0, 0.81%, 0, 0, 10, 48.12, 682483, 72, 0, 0
2842, 15, 23, 120, 0, 0, 0.81%, 0, 0, 10, 660.41, 685106, 72, 0, 0
2847, 15, 36, 120, 0, 0, 0.81%, 0, 0, 10, 772.44, 689381, 72, 0, 0
2852, 16, 111, 120, 0, 0, 0.81%, 0, 0, 10, 774.62, 693411, 72, 0, 0
2857, 16, 47, 120, 0, 0, 0.81%, 0, 0, 10, 954.23, 698187, 72, 0, 0
2862, 16, 27, 120, 0, 0, 0.81%, 0, 0, 10, 835.25, 702439, 72, 0, 0
2867, 16, 16, 120, 0, 0, 0.81%, 0, 0, 10, 773.11, 706324, 72, 0, 0
2872, 16, 94, 120, 0, 0, 0.81%, 0, 0, 10, 731.45, 709989, 72, 0, 0
2877, 16, 26, 120, 0, 0, 0.81%, 0, 0, 10, 784.18, 713939, 72, 0, 0
2882, 16, 14, 120, 0, 0, 0.81%, 0, 0, 10, 807.49, 718082, 72, 0, 0
2887, 16, 77, 120, 0, 0, 0.81%, 0, 0, 10, 1019.30, 723434, 72, 0, 0
2893, 16, 109, 120, 0, 0, 0.81%, 0, 0, 10, 145.25, 727850, 72, 0, 0
2898, 16, 19, 120, 0, 0, 0.81%, 0, 0, 10, 184.56, 731312, 72, 0, 0
2903, 16, 87, 121, 1, 0, 0.81%, 0, 0, 10, 417.23, 733572, 72, 0, 0
2908, 16, 18, 121, 1, 0, 0.81%, 0, 0, 10, 462.55, 735893, 72, 0, 0
2913, 16, 52, 121, 1, 0, 0.81%, 0, 0, 10, 205.93, 736801, 72, 0, 0
2919, 17, 30, 121, 1, 0, 0.81%, 0, 0, 10, 469.78, 738665, 72, 0, 0
2924, 17, 94, 121, 1, 0, 0.81%, 0, 0, 10, 363.76, 739945, 72, 0, 0
2929, 17, 111, 121, 1, 0, 0.81%, 0, 0, 10, 513.24, 742796, 72, 0, 0
2934, 17, 111, 121, 1, 0, 0.81%, 0, 0, 10, 152.12, 743320, 72, 0, 0
2939, 17, 94, 121, 1, 0, 0.81%, 0, 0, 10, 518.93, 744666, 72, 0, 0
2945, 17, 52, 121, 1, 0, 0.81%, 0, 0, 10, 466.26, 746865, 72, 0, 0
2950, 17, 34, 121, 1, 0, 0.81%, 0, 0, 10, 11.36, 746973, 72, 0, 0
2955, 17, 51, 121, 1, 0, 0.81%, 0, 0, 10, 330.82, 747192, 72, 0, 0
2960, 17, 117, 121, 1, 0, 0.81%, 0, 0, 10, 181.26, 747576, 72, 0, 0
2965, 17, 117, 121, 1, 0, 0.81%, 0, 0, 10, 296.64, 748332, 72, 0, 0
2970, 17, 61, 121, 1, 0, 0.81%, 0, 0, 10, 505.84, 749781, 72, 0, 0
2975, 17, 35, 121, 1, 0, 0.81%, 0, 0, 10, 16.41, 750234, 72, 0, 0
2981, 17, 61, 121, 1, 0, 0.81%, 0, 0, 10, 41.51, 751229, 72, 0, 0
2986, 17, 97, 121, 1, 0, 0.81%, 0, 0, 10, 53.94, 751560, 72, 0, 0
2991, 17, 51, 121, 1, 0, 0.81%, 0, 0, 10, 432.70, 753605, 72, 0, 0
2996, 17, 120, 122, 2, 0, 0.81%, 0, 0, 10, 446.25, 755686, 72, 0, 0
3001, 17, 120, 122, 2, 0, 0.81%, 0, 0, 10, 16.13, 756694, 72, 0, 0
3006, 17, 120, 122, 2, 0, 0.81%, 0, 0, 10, 15.42, 757739, 72, 0, 0
3011, 17, 120, 122, 2, 0, 0.81%, 0, 0, 10, 70.42, 759208, 72, 0, 0
3017, 17, 120, 122, 2, 0, 0.81%, 0, 0, 10, 475.41, 760807, 72, 0, 0
3022, 17, 120, 122, 2, 0, 0.81%, 0, 0, 10, 349.95, 762505, 72, 0, 0
3027, 17, 55, 122, 1, 0, 0.81%, 0, 0, 10, 182.20, 762742, 72, 0, 0
3032, 17, 99, 122, 1, 0, 0.81%, 0, 0, 10, 205.77, 763650, 72, 0, 0
3037, 17, 19, 122, 1, 0, 0.81%, 0, 0, 10, 325.52, 764564, 72, 0, 0
3042, 17, 18, 122, 1, 0, 0.81%, 0, 0, 10, 410.27, 766894, 72, 0, 0
3047, 17, 20, 122, 1, 0, 0.81%, 0, 0, 10, 428.56, 767591, 72, 0, 0
3052, 17, 111, 122, 1, 0, 0.81%, 0, 0, 10, 558.44, 770660, 72, 0, 0
3057, 17, 37, 122, 1, 0, 0.81%, 0, 0, 10, 574.64, 773658, 72, 0, 0
3063, 17, 36, 122, 1, 0, 0.81%, 0, 0, 10, 663.54, 776473, 72, 0, 0
3068, 17, 14, 122, 1, 0, 0.81%, 0, 0, 10, 577.38, 779322, 72, 0, 0
3073, 17, 121, 122, 1, 0, 0.81%, 0, 0, 10, 503.18, 781869, 72, 0, 0
3078, 17, 121, 123, 2, 0, 0.81%, 0, 0, 10, 478.56, 784327, 72, 0, 0
3083, 17, 121, 123, 2, 0, 0.81%, 0, 0, 10, 169.57, 785970, 72, 0, 0
3089, 17, 121, 123, 2, 0, 0.81%, 0, 0, 10, 12.02, 786927, 72, 0, 0
3094, 17, 121, 123, 2, 0, 0.81%, 0, 0, 10, 158.07, 787102, 72, 0, 0
3099, 17, 121, 123, 2, 0, 0.81%, 0, 0, 10, 11.14, 787784, 72, 0, 0
3104, 17, 121, 123, 2, 0, 0.81%, 0, 0, 10, 12.32, 788586, 72, 0, 0
3109, 17, 121, 123, 2, 0, 0.81%, 0, 0, 10, 168.40, 789346, 72, 0, 0
3114, 17, 121, 123, 2, 0, 0.81%, 0, 0, 10, 489.61, 790126, 72, 0, 0
3119, 17, 121, 123, 2, 0, 0.81%, 0, 0, 10, 232.72, 790582, 72, 0, 0
3124, 17, 121, 123, 2, 0, 0.81%, 0, 0, 10, 25.66, 790884, 72, 0, 0
3130, 17, 121, 123, 2, 0, 0.81%, 0, 0, 10, 284.46, 792391, 72, 0, 0
3135, 17, 2, 123, 1, 0, 0.81%, 0, 0, 10, 173.55, 793608, 72, 0, 0
3140, 17, 99, 123, 1, 0, 0.81%, 0, 0, 10, 156.13, 794736, 72, 0, 0
3145, 17, 99, 123, 1, 0, 0.81%, 0, 0, 10, 18.72, 794838, 72, 0, 0
3150, 17, 99, 123, 1, 0, 0.81%, 0, 0, 10, 24.66, 794968, 72, 0, 0
3156, 17, 58, 123, 1, 0, 0.81%, 0, 0, 10, 26.82, 795155, 72, 0, 0
3161, 17, 58, 123, 1, 0, 0.81%, 0, 0, 10, 38.74, 795342, 72, 0, 0
3166, 17, 122, 123, 1, 0, 0.81%, 0, 0, 10, 86.45, 795785, 72, 0, 0
3171, 17, 122, 123, 1, 0, 0.81%, 0, 0, 10, 192.64, 796789, 72, 0, 0
3176, 17, 122, 123, 1, 0, 0.81%, 0, 0, 10, 273.94, 797696, 72, 0, 0
3181, 17, 122, 123, 1, 0, 0.81%, 0, 0, 10, 568.16, 801038, 72, 0, 0
3186, 17, 11, 123, 0, 0, 0.81%, 0, 0, 10, 723.45, 804944, 72, 0, 0
3192, 18, 26, 123, 0, 0, 0.81%, 0, 0, 10, 910.64, 809625, 72, 0, 0
3197, 18, 45, 123, 0, 0, 0.81%, 0, 0, 10, 845.18, 813803, 72, 0, 0
3202, 18, 17, 123, 0, 0, 0.81%, 0, 0, 10, 823.99, 817939, 72, 0, 0
3207, 18, 117, 123, 0, 0, 0.81%, 0, 0, 10, 962.30, 822888, 72, 0, 0
3212, 18, 30, 123, 0, 0, 0.81%, 0, 0, 10, 875.02, 827243, 72, 0, 0
3217, 18, 7, 123, 0, 0, 0.81%, 0, 0, 10, 814.41, 831344, 72, 0, 0
3222, 18, 6, 123, 0, 0, 0.81%, 0, 0, 10, 832.98, 835582, 72, 0, 0
3227, 18, 99, 123, 0, 0, 0.81%, 0, 0, 10, 822.93, 839763, 72, 0, 0
3232, 18, 61, 123, 0, 0, 0.81%, 0, 0, 10, 908.40, 844225, 72, 0, 0
3237, 18, 58, 123, 0, 0, 0.81%, 0, 0, 10, 1001.71, 849361, 72, 0, 0
3242, 19, 2, 123, 0, 0, 0.81%, 0, 0, 10, 778.28, 853560, 72, 0, 0
3248, 19, 57, 123, 0, 0, 0.81%, 0, 0, 10, 531.43, 855930, 72, 0, 0
3253, 19, 45, 123, 0, 0, 0.81%, 0, 0, 10, 481.67, 858252, 72, 0, 0
3258, 19, 100, 123, 0, 0, 0.81%, 0, 0, 10, 76.55, 859796, 72, 0, 0
3263, 19, 23, 123, 0, 0, 0.81%, 0, 0, 10, 193.56, 860811, 72, 0, 0
3268, 19, 61, 123, 0, 0, 0.81%, 0, 0, 10, 250.93, 862320, 72, 0, 0
3274, 19, 32, 123, 0, 0, 0.81%, 0, 0, 10, 646.78, 863833, 72, 0, 0
3279, 19, 45, 123, 0, 0, 0.81%, 0, 0, 10, 219.10, 865407, 72, 0, 0
3284, 19, 26, 123, 0, 0, 0.81%, 0, 0, 10, 312.23, 866979, 72, 0, 0
3289, 19, 61, 123, 0, 0, 0.81%, 0, 0, 10, 10.75, 867512, 72, 0, 0
3294, 19, 61, 123, 0, 0, 0.81%, 0, 0, 10, 195.12, 867888, 72, 0, 0
3299, 19, 111, 123, 0, 0, 0.81%, 0, 0, 10, 272.72, 868760, 72, 0, 0
3304, 19, 111, 123, 0, 0, 0.81%, 0, 0, 10, 16.00, 869276, 72, 0, 0
3310, 19, 111, 123, 0, 0, 0.81%, 0, 0, 10, 18.65, 869561, 72, 0, 0
3315, 19, 23, 123, 0, 0, 0.81%, 0, 0, 10, 17.63, 870372, 72, 0, 0
3320, 19, 121, 123, 0, 0, 0.81%, 0, 0, 10, 295.00, 870682, 72, 0, 0
3325, 19, 121, 123, 0, 0, 0.81%, 0, 0, 10, 18.66, 871380, 72, 0, 0
3330, 19, 121, 123, 0, 0, 0.81%, 0, 0, 10, 18.39, 871471, 72, 0, 0
3335, 19, 121, 123, 0, 0, 0.81%, 0, 0, 10, 19.07, 871568, 72, 0, 0
3340, 19, 121, 123, 0, 0, 0.81%, 0, 0, 10, 33.33, 871719, 72, 0, 0
3346, 19, 121, 123, 0, 0, 0.81%, 0, 0, 10, 29.38, 871898, 72, 0, 0
3351, 19, 121, 123, 0, 0, 0.81%, 0, 0, 10, 24.01, 872011, 72, 0, 0
3356, 19, 121, 123, 0, 0, 0.81%, 0, 0, 10, 23.32, 872126, 72, 0, 0
3361, 19, 121, 123, 0, 0, 0.81%, 0, 0, 10, 51.43, 872437, 72, 0, 0
3366, 19, 121, 123, 0, 0, 0.81%, 0, 0, 10, 34.23, 872588, 72, 0, 0
3371, 19, 121, 123, 0, 0, 0.81%, 0, 0, 10, 30.46, 872733, 72, 0, 0
3376, 19, 121, 123, 0, 0, 0.81%, 0, 0, 10, 25.57, 872861, 72, 0, 0
3381, 19, 121, 123, 0, 0, 0.81%, 0, 0, 10, 23.53, 872978, 72, 0, 0
3386, 19, 121, 123, 0, 0, 0.81%, 0, 0, 10, 25.00, 873109, 72, 0, 0
3392, 19, 121, 123, 0, 0, 0.81%, 0, 0, 10, 25.61, 873242, 72, 0, 0
3397, 19, 121, 123, 0, 0, 0.81%, 0, 0, 10, 25.54, 873373, 72, 0, 0
3402, 19, 121, 123, 0, 0, 0.81%, 0, 0, 10, 23.58, 873496, 72, 0, 0
3407, 19, 121, 123, 0, 0, 0.81%, 0, 0, 10, 22.96, 873613, 72, 0, 0
3412, 19, 121, 123, 0, 0, 0.81%, 0, 0, 10, 24.56, 873740, 72, 0, 0
3417, 19, 121, 123, 0, 0, 0.81%, 0, 0, 10, 24.09, 873859, 72, 0, 0
3422, 19, 121, 123, 0, 0, 0.81%, 0, 0, 10, 24.05, 873985, 72, 0, 0
3428, 19, 121, 123, 0, 0, 0.81%, 0, 0, 10, 24.67, 874116, 72, 0, 0
3433, 19, 121, 123, 0, 0, 0.81%, 0, 0, 10, 23.08, 874236, 72, 0, 0
3438, 19, 121, 123, 0, 0, 0.81%, 0, 0, 10, 23.67, 874358, 72, 0, 0
3443, 19, 121, 123, 0, 0, 0.81%, 0, 0, 10, 23.88, 874478, 72, 0, 0
3448, 19, 121, 123, 0, 0, 0.81%, 0, 0, 10, 24.46, 874607, 72, 0, 0
3453, 19, 121, 123, 0, 0, 0.81%, 0, 0, 10, 25.35, 874736, 72, 0, 0
3458, 19, 121, 123, 0, 0, 0.81%, 0, 0, 10, 23.73, 874855, 72, 0, 0
3463, 19, 121, 123, 0, 0, 0.81%, 0, 0, 10, 22.79, 874969, 72, 0, 0
3468, 19, 121, 123, 0, 0, 0.81%, 0, 0, 10, 23.16, 875086, 72, 0, 0
3474, 19, 121, 123, 0, 0, 0.81%, 0, 0, 10, 23.68, 875206, 72, 0, 0
3479, 19, 121, 123, 0, 0, 0.81%, 0, 0, 10, 22.70, 875322, 72, 0, 0
3484, 19, 121, 123, 0, 0, 0.81%, 0, 0, 10, 23.91, 875446, 72, 0, 0
3489, 19, 121, 123, 0, 0, 0.81%, 0, 0, 10, 24.72, 875574, 72, 0, 0
3494, 19, 121, 123, 0, 0, 0.81%, 0, 0, 10, 25.99, 875709, 72, 0, 0
3499, 19, 121, 123, 0, 0, 0.81%, 0, 0, 10, 25.98, 875839, 72, 0, 0
3504, 19, 6, 123, 0, 0, 0.81%, 0, 0, 10, 26.19, 875971, 72, 0, 0
3509, 19, 17, 123, 0, 0, 0.81%, 0, 0, 10, 26.07, 876103, 72, 0, 0
3514, 19, 17, 123, 0, 0, 0.81%, 0, 0, 10, 25.43, 876230, 72, 0, 0
3520, 19, 7, 123, 0, 0, 0.81%, 0, 0, 10, 25.71, 876362, 72, 0, 0
3525, 19, 7, 123, 0, 0, 0.81%, 0, 0, 10, 26.01, 876495, 72, 0, 0
3530, 19, 7, 123, 0, 0, 0.81%, 0, 0, 10, 25.76, 876631, 72, 0, 0
3535, 19, 23, 123, 0, 0, 0.81%, 0, 0, 10, 25.23, 876758, 72, 0, 0
3540, 19, 23, 123, 0, 0, 0.81%, 0, 0, 10, 25.11, 876887, 72, 0, 0
3545, 19, 27, 123, 0, 0, 0.81%, 0, 0, 10, 25.91, 877020, 72, 0, 0
3550, 19, 27, 123, 0, 0, 0.81%, 0, 0, 10, 26.07, 877153, 72, 0, 0
3555, 19, 27, 123, 0, 0, 0.81%, 0, 0, 10, 25.52, 877282, 72, 0, 0
3560, 19, 99, 123, 0, 0, 0.81%, 0, 0, 10, 26.12, 877417, 72, 0, 0
3566, 19, 99, 123, 0, 0, 0.81%, 0, 0, 10, 26.93, 877556, 72, 0, 0
3571, 19, 99, 123, 0, 0, 0.81%, 0, 0, 10, 25.62, 877686, 72, 0, 0
3576, 19, 99, 123, 0, 0, 0.81%, 0, 0, 10, 25.43, 877815, 72, 0, 0
3581, 19, 61, 123, 0, 0, 0.81%, 0, 0, 10, 26.47, 877951, 72, 0, 0
3586, 19, 61, 123, 0, 0, 0.81%, 0, 0, 10, 25.99, 878081, 72, 0, 0
3591, 19, 61, 123, 0, 0, 0.81%, 0, 0, 10, 26.17, 878216, 72, 0, 0
3596, 19, 61, 123, 0, 0, 0.81%, 0, 0, 10, 25.73, 878348, 72, 0, 0
3602, 19, 61, 123, 0, 0, 0.81%, 0, 0, 10, 38.00, 878537, 72, 0, 0
3607, 19, 27, 123, 0, 0, 0.81%, 0, 0, 10, 28.81, 878671, 72, 0, 0
3612, 19, 27, 123, 0, 0, 0.81%, 0, 0, 10, 27.12, 878810, 72, 0, 0
3617, 19, 94, 123, 0, 0, 0.81%, 0, 0, 10, 25.05, 878935, 72, 0, 0
3622, 19, 94, 123, 0, 0, 0.81%, 0, 0, 10, 25.52, 879065, 72, 0, 0
3627, 19, 94, 123, 0, 0, 0.81%, 0, 0, 10, 26.00, 879200, 72, 0, 0
3633, 19, 94, 123, 0, 0, 0.81%, 0, 0, 10, 26.13, 879337, 72, 0, 0
3638, 19, 94, 123, 0, 0, 0.81%, 0, 0, 10, 25.91, 879472, 72, 0, 0
3643, 19, 94, 123, 0, 0, 0.81%, 0, 0, 10, 27.00, 879612, 72, 0, 0
3648, 19, 94, 123, 0, 0, 0.81%, 0, 0, 10, 26.07, 879747, 72, 0, 0
3653, 19, 57, 123, 0, 0, 0.81%, 0, 0, 10, 25.36, 879878, 72, 0, 0
3658, 19, 57, 123, 0, 0, 0.81%, 0, 0, 10, 25.43, 880003, 72, 0, 0
3663, 19, 57, 123, 0, 0, 0.81%, 0, 0, 10, 52.46, 880232, 72, 0, 0
3669, 19, 11, 123, 0, 0, 0.81%, 0, 0, 10, 38.98, 880457, 72, 0, 0
3674, 19, 13, 123, 0, 0, 0.81%, 0, 0, 10, 28.99, 880590, 72, 0, 0
3679, 19, 13, 123, 0, 0, 0.81%, 0, 0, 10, 26.67, 880725, 72, 0, 0
3684, 19, 99, 123, 0, 0, 0.81%, 0, 0, 10, 27.42, 880863, 72, 0, 0
3689, 19, 99, 123, 0, 0, 0.81%, 0, 0, 10, 26.32, 880994, 72, 0, 0
3694, 19, 99, 123, 0, 0, 0.81%, 0, 0, 10, 26.51, 881126, 72, 0, 0
3699, 19, 99, 123, 0, 0, 0.81%, 0, 0, 10, 35.93, 881320, 72, 0, 0
3704, 19, 7, 123, 0, 0, 0.81%, 0, 0, 10, 27.96, 881451, 72, 0, 0
3709, 19, 7, 123, 0, 0, 0.81%, 0, 0, 10, 26.26, 881582, 72, 0, 0
3715, 19, 54, 123, 0, 0, 0.81%, 0, 0, 10, 25.35, 881712, 72, 0, 0
3720, 19, 32, 123, 0, 0, 0.81%, 0, 0, 10, 23.57, 881829, 72, 0, 0
3725, 19, 32, 123, 0, 0, 0.81%, 0, 0, 10, 24.51, 881957, 72, 0, 0
3730, 19, 57, 123, 0, 0, 0.81%, 0, 0, 10, 26.57, 882095, 72, 0, 0
3735, 19, 57, 123, 0, 0, 0.81%, 0, 0, 10, 25.36, 882224, 72, 0, 0
3740, 19, 57, 123, 0, 0, 0.81%, 0, 0, 10, 25.27, 882352, 72, 0, 0
3745, 19, 57, 123, 0, 0, 0.81%, 0, 0, 10, 25.76, 882482, 72, 0, 0
3750, 19, 57, 123, 0, 0, 0.81%, 0, 0, 10, 26.19, 882619, 72, 0, 0
3755, 19, 13, 123, 0, 0, 0.81%, 0, 0, 10, 25.56, 882751, 72, 0, 0
3761, 19, 13, 123, 0, 0, 0.81%, 0, 0, 10, 25.56, 882883, 72, 0, 0
3766, 19, 13, 123, 0, 0, 0.81%, 0, 0, 10, 25.79, 883013, 72, 0, 0
3771, 19, 18, 123, 0, 0, 0.81%, 0, 0, 10, 25.93, 883147, 72, 0, 0
3776, 19, 18, 123, 0, 0, 0.81%, 0, 0, 10, 26.61, 883285, 72, 0, 0
3781, 19, 7, 123, 0, 0, 0.81%, 0, 0, 10, 26.45, 883422, 72, 0, 0
3786, 19, 7, 123, 0, 0, 0.81%, 0, 0, 10, 25.81, 883554, 72, 0, 0
3791, 19, 30, 123, 0, 0, 0.81%, 0, 0, 10, 25.75, 883688, 72, 0, 0
3797, 19, 30, 123, 0, 0, 0.81%, 0, 0, 10, 26.11, 883820, 72, 0, 0
3802, 19, 30, 123, 0, 0, 0.81%, 0, 0, 10, 25.80, 883955, 72, 0, 0
3807, 19, 99, 123, 0, 0, 0.81%, 0, 0, 10, 25.38, 884082, 72, 0, 0
3812, 19, 99, 123, 0, 0, 0.81%, 0, 0, 10, 25.95, 884217, 72, 0, 0
3817, 19, 99, 123, 0, 0, 0.81%, 0, 0, 10, 26.71, 884355, 72, 0, 0
3822, 19, 99, 123, 0, 0, 0.81%, 0, 0, 10, 24.53, 884478, 72, 0, 0
3827, 19, 99, 123, 0, 0, 0.81%, 0, 0, 10, 24.77, 884604, 72, 0, 0
3832, 19, 16, 123, 0, 0, 0.81%, 0, 0, 10, 25.32, 884733, 72, 0, 0
3837, 19, 16, 123, 0, 0, 0.81%, 0, 0, 10, 25.12, 884860, 72, 0, 0
3843, 19, 9, 123, 0, 0, 0.81%, 0, 0, 10, 25.25, 884990, 72, 0, 0
3848, 19, 9, 123, 0, 0, 0.81%, 0, 0, 10, 26.40, 885126, 72, 0, 0
3853, 19, 45, 123, 0, 0, 0.81%, 0, 0, 10, 25.98, 885256, 72, 0, 0
3858, 19, 45, 123, 0, 0, 0.81%, 0, 0, 10, 26.07, 885390, 72, 0, 0
3863, 19, 45, 123, 0, 0, 0.81%, 0, 0, 10, 27.27, 885531, 72, 0, 0
3868, 19, 45, 123, 0, 0, 0.81%, 0, 0, 10, 25.89, 885659, 72, 0, 0
3873, 19, 45, 123, 0, 0, 0.81%, 0, 0, 10, 26.35, 885795, 72, 0, 0
3879, 19, 17, 123, 0, 0, 0.81%, 0, 0, 10, 25.58, 885928, 72, 0, 0
3884, 19, 17, 123, 0, 0, 0.81%, 0, 0, 10, 25.08, 886056, 72, 0, 0
3889, 19, 23, 123, 0, 0, 0.81%, 0, 0, 10, 25.31, 886184, 72, 0, 0
3894, 19, 23, 123, 0, 0, 0.81%, 0, 0, 10, 25.77, 886313, 72, 0, 0
3899, 19, 18, 123, 0, 0, 0.81%, 0, 0, 10, 26.01, 886445, 72, 0, 0
3904, 19, 18, 123, 0, 0, 0.81%, 0, 0, 10, 25.43, 886573, 72, 0, 0
3909, 19, 18, 123, 0, 0, 0.81%, 0, 0, 10, 25.81, 886706, 72, 0, 0
3914, 19, 36, 123, 0, 0, 0.81%, 0, 0, 10, 25.96, 886838, 72, 0, 0
3919, 19, 36, 123, 0, 0, 0.81%, 0, 0, 10, 26.11, 886970, 72, 0, 0
3925, 19, 52, 123, 0, 0, 0.81%, 0, 0, 10, 25.17, 887100, 72, 0, 0
3930, 19, 52, 123, 0, 0, 0.81%, 0, 0, 10, 25.70, 887232, 72, 0, 0
3935, 19, 114, 123, 0, 0, 0.81%, 0, 0, 10, 26.10, 887364, 72, 0, 0
3940, 19, 58, 123, 0, 0, 0.81%, 0, 0, 10, 25.99, 887496, 72, 0, 0
3945, 19, 58, 123, 0, 0, 0.81%, 0, 0, 10, 25.61, 887628, 72, 0, 0
3950, 19, 58, 123, 0, 0, 0.81%, 0, 0, 10, 26.63, 887767, 72, 0, 0
3955, 19, 58, 123, 0, 0, 0.81%, 0, 0, 10, 26.15, 887903, 72, 0, 0
3961, 19, 10, 123, 0, 0, 0.81%, 0, 0, 10, 26.16, 888035, 72, 0, 0
3966, 19, 10, 123, 0, 0, 0.81%, 0, 0, 10, 25.60, 888167, 72, 0, 0
3971, 19, 10, 123, 0, 0, 0.81%, 0, 0, 10, 25.91, 888302, 72, 0, 0
3976, 19, 100, 123, 0, 0, 0.81%, 0, 0, 10, 26.62, 888441, 72, 0, 0
3981, 19, 100, 123, 0, 0, 0.81%, 0, 0, 10, 26.31, 888573, 72, 0, 0
3986, 19, 100, 123, 0, 0, 0.81%, 0, 0, 10, 26.36, 888708, 72, 0, 0
3991, 19, 100, 123, 0, 0, 0.81%, 0, 0, 10, 25.67, 888839, 72, 0, 0
3997, 19, 58, 123, 0, 0, 0.81%, 0, 0, 10, 26.24, 888974, 72, 0, 0
4002, 19, 58, 123, 0, 0, 0.81%, 0, 0, 10, 25.94, 889106, 72, 0, 0
4007, 19, 58, 123, 0, 0, 0.81%, 0, 0, 10, 24.63, 889228, 72, 0, 0
4012, 19, 58, 123, 0, 0, 0.81%, 0, 0, 10, 24.43, 889352, 72, 0, 0
4017, 19, 58, 123, 0, 0, 0.81%, 0, 0, 10, 25.97, 889487, 72, 0, 0
4022, 19, 98, 123, 0, 0, 0.81%, 0, 0, 10, 26.09, 889620, 72, 0, 0
4027, 19, 14, 123, 0, 0, 0.81%, 0, 0, 10, 24.46, 889740, 72, 0, 0
4032, 19, 14, 123, 0, 0, 0.81%, 0, 0, 10, 25.55, 889873, 72, 0, 0
4037, 19, 2, 123, 0, 0, 0.81%, 0, 0, 10, 25.31, 890005, 72, 0, 0
4043, 19, 2, 123, 0, 0, 0.81%, 0, 0, 10, 25.92, 890138, 72, 0, 0
4048, 19, 21, 123, 0, 0, 0.81%, 0, 0, 10, 25.87, 890272, 72, 0, 0
4053, 19, 21, 123, 0, 0, 0.81%, 0, 0, 10, 26.12, 890406, 72, 0, 0
4058, 19, 21, 123, 0, 0, 0.81%, 0, 0, 10, 25.27, 890538, 72, 0, 0
4063, 19, 17, 123, 0, 0, 0.81%, 0, 0, 10, 25.65, 890667, 72, 0, 0
4068, 19, 17, 123, 0, 0, 0.81%, 0, 0, 10, 25.96, 890802, 72, 0, 0
4073, 19, 47, 123, 0, 0, 0.81%, 0, 0, 10, 37.12, 890982, 72, 0, 0
4078, 19, 47, 123, 0, 0, 0.81%, 0, 0, 10, 28.56, 891112, 72, 0, 0
4084, 19, 47, 123, 0, 0, 0.81%, 0, 0, 10, 27.02, 891248, 72, 0, 0
4089, 19, 47, 123, 0, 0, 0.81%, 0, 0, 10, 26.72, 891384, 72, 0, 0
4094, 19, 20, 123, 0, 0, 0.81%, 0, 0, 10, 26.57, 891519, 72, 0, 0
4099, 19, 57, 123, 0, 0, 0.81%, 0, 0, 10, 26.51, 891654, 72, 0, 0
4104, 19, 57, 123, 0, 0, 0.81%, 0, 0, 10, 25.30, 891782, 72, 0, 0
4109, 19, 57, 123, 0, 0, 0.81%, 0, 0, 10, 24.66, 891904, 72, 0, 0
4114, 19, 57, 123, 0, 0, 0.81%, 0, 0, 10, 25.64, 892038, 72, 0, 0
4119, 19, 57, 123, 0, 0, 0.81%, 0, 0, 10, 25.44, 892170, 72, 0, 0
4124, 19, 34, 123, 0, 0, 0.81%, 0, 0, 10, 26.16, 892301, 72, 0, 0
4129, 19, 34, 123, 0, 0, 0.81%, 0, 0, 10, 25.81, 892432, 72, 0, 0
4135, 19, 61, 123, 0, 0, 0.81%, 0, 0, 10, 25.47, 892561, 72, 0, 0
4140, 19, 61, 123, 0, 0, 0.81%, 0, 0, 10, 25.66, 892689, 72, 0, 0
4145, 19, 61, 123, 0, 0, 0.81%, 0, 0, 10, 26.02, 892823, 72, 0, 0
4150, 19, 61, 123, 0, 0, 0.81%, 0, 0, 10, 24.88, 892946, 72, 0, 0
4155, 19, 61, 123, 0, 0, 0.81%, 0, 0, 10, 25.50, 893074, 72, 0, 0
4160, 20, 36, 123, 0, 0, 0.81%, 0, 0, 10, 24.47, 893196, 72, 0, 0
4165, 20, 36, 123, 0, 0, 0.81%, 0, 0, 10, 24.30, 893319, 72, 0, 0
4170, 20, 20, 123, 0, 0, 0.81%, 0, 0, 10, 23.89, 893438, 72, 0, 0
4175, 20, 36, 123, 0, 0, 0.81%, 0, 0, 10, 25.25, 893568, 72, 0, 0
4180, 20, 36, 123, 0, 0, 0.81%, 0, 0, 10, 26.03, 893702, 72, 0, 0
4185, 20, 100, 123, 0, 0, 0.81%, 0, 0, 10, 25.24, 893829, 72, 0, 0
4190, 20, 100, 123, 0, 0, 0.81%, 0, 0, 10, 26.13, 893962, 72, 0, 0
4195, 20, 100, 123, 0, 0, 0.81%, 0, 0, 10, 25.98, 894093, 72, 0, 0
4200, 20, 100, 123, 0, 0, 0.81%, 0, 0, 10, 25.15, 894220, 72, 0, 0
4206, 20, 100, 123, 0, 0, 0.81%, 0, 0, 10, 25.20, 894349, 72, 0, 0
4211, 20, 6, 123, 0, 0, 0.81%, 0, 0, 10, 25.30, 894482, 72, 0, 0
4216, 20, 55, 123, 0, 0, 0.81%, 0, 0, 10, 24.56, 894607, 72, 0, 0
4221, 20, 23, 123, 0, 0, 0.81%, 0, 0, 10, 24.19, 894729, 72, 0, 0
4226, 20, 23, 123, 0, 0, 0.81%, 0, 0, 10, 25.11, 894856, 72, 0, 0
4231, 20, 99, 123, 0, 0, 0.81%, 0, 0, 10, 24.52, 894983, 72, 0, 0
4236, 20, 99, 123, 0, 0, 0.81%, 0, 0, 10, 25.81, 895115, 72, 0, 0
4241, 20, 99, 123, 0, 0, 0.81%, 0, 0, 10, 26.36, 895250, 72, 0, 0
4246, 20, 99, 123, 0, 0, 0.81%, 0, 0, 10, 25.58, 895382, 72, 0, 0
4252, 20, 99, 123, 0, 0, 0.81%, 0, 0, 10, 26.32, 895516, 72, 0, 0
4257, 20, 23, 123, 0, 0, 0.81%, 0, 0, 10, 25.75, 895644, 72, 0, 0
4262, 20, 23, 123, 0, 0, 0.81%, 0, 0, 10, 25.46, 895774, 72, 0, 0
4267, 20, 36, 123, 0, 0, 0.81%, 0, 0, 10, 24.68, 895900, 72, 0, 0
4272, 20, 36, 123, 0, 0, 0.81%, 0, 0, 10, 25.03, 896029, 72, 0, 0
4277, 20, 107, 123, 0, 0, 0.81%, 0, 0, 10, 25.84, 896166, 72, 0, 0
4282, 20, 107, 123, 0, 0, 0.81%, 0, 0, 10, 25.49, 896294, 72, 0, 0
4287, 20, 107, 123, 0, 0, 0.81%, 0, 0, 10, 26.19, 896427, 72, 0, 0
4292, 20, 107, 123, 0, 0, 0.81%, 0, 0, 10, 25.98, 896557, 72, 0, 0
4297, 20, 107, 123, 0, 0, 0.81%, 0, 0, 10, 25.49, 896686, 72, 0, 0
4302, 20, 20, 123, 0, 0, 0.81%, 0, 0, 10, 24.57, 896811, 72, 0, 0
4308, 20, 68, 123, 0, 0, 0.81%, 0, 0, 10, 26.47, 896948, 72, 0, 0
4313, 20, 98, 123, 0, 0, 0.81%, 0, 0, 10, 25.83, 897076, 72, 0, 0
4318, 20, 23, 123, 0, 0, 0.81%, 0, 0, 10, 26.23, 897211, 72, 0, 0
4323, 20, 23, 123, 0, 0, 0.81%, 0, 0, 10, 25.94, 897343, 72, 0, 0
4328, 20, 21, 123, 0, 0, 0.81%, 0, 0, 10, 26.13, 897472, 72, 0, 0
4333, 20, 21, 123, 0, 0, 0.81%, 0, 0, 10, 25.98, 897604, 72, 0, 0
4338, 20, 61, 123, 0, 0, 0.81%, 0, 0, 10, 25.29, 897733, 72, 0, 0
4343, 20, 61, 123, 0, 0, 0.81%, 0, 0, 10, 25.64, 897865, 72, 0, 0
4349, 20, 61, 123, 0, 0, 0.81%, 0, 0, 10, 25.45, 897996, 72, 0, 0
4354, 20, 61, 123, 0, 0, 0.81%, 0, 0, 10, 24.76, 898123, 72, 0, 0
4359, 20, 61, 123, 0, 0, 0.81%, 0, 0, 10, 24.87, 898250, 72, 0, 0
4364, 20, 26, 123, 0, 0, 0.81%, 0, 0, 10, 25.48, 898380, 72, 0, 0
4369, 20, 26, 123, 0, 0, 0.81%, 0, 0, 10, 25.64, 898514, 72, 0, 0
4374, 20, 13, 123, 0, 0, 0.81%, 0, 0, 10, 26.02, 898645, 72, 0, 0
4379, 20, 13, 123, 0, 0, 0.81%, 0, 0, 10, 26.22, 898776, 72, 0, 0
4384, 20, 13, 123, 0, 0, 0.81%, 0, 0, 10, 25.82, 898908, 72, 0, 0
4389, 20, 23, 123, 0, 0, 0.81%, 0, 0, 10, 26.20, 899041, 72, 0, 0
4394, 20, 23, 123, 0, 0, 0.81%, 0, 0, 10, 24.71, 899164, 72, 0, 0
4400, 20, 97, 123, 0, 0, 0.81%, 0, 0, 10, 25.53, 899296, 72, 0, 0
4405, 20, 97, 123, 0, 0, 0.81%, 0, 0, 10, 25.55, 899426, 72, 0, 0
4410, 20, 97, 123, 0, 0, 0.81%, 0, 0, 10, 25.37, 899557, 72, 0, 0
4415, 20, 97, 123, 0, 0, 0.81%, 0, 0, 10, 26.55, 899693, 72, 0, 0
4420, 20, 97, 123, 0, 0, 0.81%, 0, 0, 10, 25.63, 899820, 72, 0, 0
4425, 20, 30, 123, 0, 0, 0.81%, 0, 0, 10, 25.17, 899947, 72, 0, 0
4430, 20, 30, 123, 0, 0, 0.81%, 0, 0, 10, 24.28, 900072, 72, 0, 0
4435, 20, 61, 123, 0, 0, 0.81%, 0, 0, 10, 120.09, 900574, 72, 0, 0
4441, 20, 30, 123, 0, 0, 0.81%, 0, 0, 10, 24.79, 900775, 72, 0, 0
4446, 20, 30, 123, 0, 0, 0.81%, 0, 0, 10, 26.39, 900911, 72, 0, 0
4451, 20, 30, 123, 0, 0, 0.81%, 0, 0, 10, 25.91, 901041, 72, 0, 0
4456, 20, 34, 123, 0, 0, 0.81%, 0, 0, 10, 26.02, 901175, 72, 0, 0
4461, 20, 34, 123, 0, 0, 0.81%, 0, 0, 10, 25.63, 901305, 72, 0, 0
4466, 20, 52, 123, 0, 0, 0.81%, 0, 0, 10, 25.20, 901436, 72, 0, 0
4471, 20, 52, 123, 0, 0, 0.81%, 0, 0, 10, 25.07, 901562, 72, 0, 0
4476, 20, 52, 123, 0, 0, 0.81%, 0, 0, 10, 24.78, 901688, 72, 0, 0
4481, 20, 13, 123, 0, 0, 0.81%, 0, 0, 10, 25.34, 901819, 72, 0, 0
4487, 20, 13, 123, 0, 0, 0.81%, 0, 0, 10, 25.37, 901948, 72, 0, 0
4492, 20, 99, 123, 0, 0, 0.81%, 0, 0, 10, 25.61, 902076, 72, 0, 0
4497, 20, 99, 123, 0, 0, 0.81%, 0, 0, 10, 25.78, 902207, 72, 0, 0
4502, 20, 99, 123, 0, 0, 0.81%, 0, 0, 10, 25.24, 902334, 72, 0, 0
4507, 20, 99, 123, 0, 0, 0.81%, 0, 0, 10, 25.61, 902466, 72, 0, 0
4512, 20, 99, 123, 0, 0, 0.81%, 0, 0, 10, 25.90, 902597, 72, 0, 0
4517, 20, 55, 123, 0, 0, 0.81%, 0, 0, 10, 26.04, 902728, 72, 0, 0
4522, 20, 57, 123, 0, 0, 0.81%, 0, 0, 10, 26.58, 902863, 72, 0, 0
4527, 20, 57, 123, 0, 0, 0.81%, 0, 0, 10, 26.46, 902995, 72, 0, 0
4532, 20, 57, 123, 0, 0, 0.81%, 0, 0, 10, 26.67, 903134, 72, 0, 0
4538, 20, 57, 123, 0, 0, 0.81%, 0, 0, 10, 25.78, 903264, 72, 0, 0
4543, 20, 19, 123, 0, 0, 0.81%, 0, 0, 10, 25.86, 903398, 72, 0, 0
4548, 20, 19, 123, 0, 0, 0.81%, 0, 0, 10, 25.30, 903527, 72, 0, 0
4553, 20, 19, 123, 0, 0, 0.81%, 0, 0, 10, 25.04, 903656, 72, 0, 0
4558, 20, 51, 123, 0, 0, 0.81%, 0, 0, 10, 25.43, 903785, 72, 0, 0
4563, 20, 51, 123, 0, 0, 0.81%, 0, 0, 10, 25.73, 903920, 72, 0, 0
4569, 20, 93, 123, 0, 0, 0.81%, 0, 0, 10, 24.67, 904047, 72, 0, 0
4574, 20, 93, 123, 0, 0, 0.81%, 0, 0, 10, 24.95, 904176, 72, 0, 0
4579, 20, 93, 123, 0, 0, 0.81%, 0, 0, 10, 26.06, 904309, 72, 0, 0
4584, 20, 93, 123, 0, 0, 0.81%, 0, 0, 10, 26.76, 904446, 72, 0, 0
4589, 20, 93, 123, 0, 0, 0.81%, 0, 0, 10, 25.23, 904574, 72, 0, 0
4594, 20, 36, 123, 0, 0, 0.81%, 0, 0, 10, 25.57, 904708, 72, 0, 0
4599, 20, 36, 123, 0, 0, 0.81%, 0, 0, 10, 30.23, 904874, 72, 0, 0
4605, 20, 37, 123, 0, 0, 0.81%, 0, 0, 10, 26.29, 905005, 72, 0, 0
4610, 20, 37, 123, 0, 0, 0.81%, 0, 0, 10, 25.66, 905135, 72, 0, 0
4615, 20, 37, 123, 0, 0, 0.81%, 0, 0, 10, 25.95, 905270, 72, 0, 0
4620, 20, 32, 123, 0, 0, 0.81%, 0, 0, 10, 26.04, 905406, 72, 0, 0
4625, 20, 32, 123, 0, 0, 0.81%, 0, 0, 10, 25.42, 905536, 72, 0, 0
4630, 20, 100, 123, 0, 0, 0.81%, 0, 0, 10, 26.22, 905669, 72, 0, 0
4635, 20, 100, 123, 0, 0, 0.81%, 0, 0, 10, 25.59, 905796, 72, 0, 0
4641, 20, 100, 123, 0, 0, 0.81%, 0, 0, 10, 25.91, 905929, 72, 0, 0
4646, 20, 100, 123, 0, 0, 0.81%, 0, 0, 10, 24.94, 906054, 72, 0, 0
4651, 20, 100, 123, 0, 0, 0.81%, 0, 0, 10, 26.35, 906191, 72, 0, 0
4656, 20, 35, 123, 0, 0, 0.81%, 0, 0, 10, 25.23, 906319, 72, 0, 0
4661, 20, 35, 123, 0, 0, 0.81%, 0, 0, 10, 24.50, 906442, 72, 0, 0
4666, 20, 35, 123, 0, 0, 0.81%, 0, 0, 10, 25.01, 906569, 72, 0, 0
4671, 20, 35, 123, 0, 0, 0.81%, 0, 0, 10, 26.12, 906702, 72, 0, 0
4676, 20, 35, 123, 0, 0, 0.81%, 0, 0, 10, 25.90, 906833, 72, 0, 0
4681, 20, 16, 123, 0, 0, 0.81%, 0, 0, 10, 25.28, 906965, 72, 0, 0
4686, 20, 16, 123, 0, 0, 0.81%, 0, 0, 10, 24.74, 907089, 72, 0, 0
4692, 20, 23, 123, 0, 0, 0.81%, 0, 0, 10, 25.67, 907222, 72, 0, 0
4697, 20, 23, 123, 0, 0, 0.81%, 0, 0, 10, 25.40, 907350, 72, 0, 0
4702, 20, 23, 123, 0, 0, 0.81%, 0, 0, 10, 25.62, 907483, 72, 0, 0
4707, 20, 52, 123, 0, 0, 0.81%, 0, 0, 10, 25.33, 907614, 72, 0, 0
4712, 20, 52, 123, 0, 0, 0.81%, 0, 0, 10, 26.21, 907749, 72, 0, 0
4717, 20, 20, 123, 0, 0, 0.81%, 0, 0, 10, 25.64, 907878, 72, 0, 0
4722, 20, 10, 123, 0, 0, 0.81%, 0, 0, 10, 26.38, 908012, 72, 0, 0
4728, 20, 10, 123, 0, 0, 0.81%, 0, 0, 10, 25.37, 908143, 72, 0, 0
4733, 20, 80, 123, 0, 0, 0.81%, 0, 0, 10, 25.38, 908275, 72, 0, 0
4738, 20, 80, 123, 0, 0, 0.81%, 0, 0, 10, 25.99, 908409, 72, 0, 0
4743, 20, 80, 123, 0, 0, 0.81%, 0, 0, 10, 24.63, 908536, 72, 0, 0
4748, 20, 80, 123, 0, 0, 0.81%, 0, 0, 10, 24.86, 908662, 72, 0, 0
4753, 20, 80, 123, 0, 0, 0.81%, 0, 0, 10, 25.99, 908795, 72, 0, 0
4758, 20, 7, 123, 0, 0, 0.81%, 0, 0, 10, 25.77, 908929, 72, 0, 0
4764, 20, 7, 123, 0, 0, 0.81%, 0, 0, 10, 25.62, 909060, 72, 0, 0
4769, 20, 14, 123, 0, 0, 0.81%, 0, 0, 10, 26.13, 909194, 72, 0, 0
4774, 20, 14, 123, 0, 0, 0.81%, 0, 0, 10, 26.48, 909330, 72, 0, 0
4779, 20, 18, 123, 0, 0, 0.81%, 0, 0, 10, 25.66, 909456, 72, 0, 0
4784, 20, 18, 123, 0, 0, 0.81%, 0, 0, 10, 24.77, 909581, 72, 0, 0
4789, 20, 18, 123, 0, 0, 0.81%, 0, 0, 10, 25.59, 909710, 72, 0, 0
4794, 20, 37, 123, 0, 0, 0.81%, 0, 0, 10, 26.47, 909848, 72, 0, 0
4799, 20, 37, 123, 0, 0, 0.81%, 0, 0, 10, 25.39, 909980, 72, 0, 0
4804, 20, 27, 123, 0, 0, 0.81%, 0, 0, 10, 24.75, 910104, 72, 0, 0
4810, 20, 27, 123, 0, 0, 0.81%, 0, 0, 10, 25.06, 910232, 72, 0, 0
4815, 20, 51, 123, 0, 0, 0.81%, 0, 0, 10, 25.42, 910359, 72, 0, 0
4820, 20, 51, 123, 0, 0, 0.81%, 0, 0, 10, 25.86, 910493, 72, 0, 0
4825, 20, 18, 123, 0, 0, 0.81%, 0, 0, 10, 25.84, 910628, 72, 0, 0
4830, 20, 18, 123, 0, 0, 0.81%, 0, 0, 10, 25.56, 910760, 72, 0, 0
4835, 20, 18, 123, 0, 0, 0.81%, 0, 0, 10, 25.53, 910889, 72, 0, 0
4840, 20, 17, 123, 0, 0, 0.81%, 0, 0, 10, 25.54, 911021, 72, 0, 0
4846, 20, 17, 123, 0, 0, 0.81%, 0, 0, 10, 25.63, 911155, 72, 0, 0
4851, 20, 57, 123, 0, 0, 0.81%, 0, 0, 10, 26.11, 911287, 72, 0, 0
4856, 20, 57, 123, 0, 0, 0.81%, 0, 0, 10, 26.05, 911420, 72, 0, 0
4861, 20, 57, 123, 0, 0, 0.81%, 0, 0, 10, 26.69, 911557, 72, 0, 0
4866, 20, 57, 123, 0, 0, 0.81%, 0, 0, 10, 26.61, 911690, 72, 0, 0
4871, 20, 16, 123, 0, 0, 0.81%, 0, 0, 10, 26.33, 911827, 72, 0, 0
4876, 20, 16, 123, 0, 0, 0.81%, 0, 0, 10, 25.98, 911961, 72, 0, 0
4881, 20, 16, 123, 0, 0, 0.81%, 0, 0, 10, 25.66, 912089, 72, 0, 0
4886, 20, 23, 123, 0, 0, 0.81%, 0, 0, 10, 25.23, 912217, 72, 0, 0
4892, 20, 23, 123, 0, 0, 0.81%, 0, 0, 10, 25.56, 912350, 72, 0, 0
4897, 20, 81, 123, 0, 0, 0.81%, 0, 0, 10, 25.97, 912484, 72, 0, 0
4902, 20, 61, 123, 0, 0, 0.81%, 0, 0, 10, 25.46, 912615, 72, 0, 0
4907, 20, 61, 123, 0, 0, 0.81%, 0, 0, 10, 25.03, 912746, 72, 0, 0
4912, 20, 61, 123, 0, 0, 0.81%, 0, 0, 10, 25.68, 912878, 72, 0, 0
4917, 20, 61, 123, 0, 0, 0.81%, 0, 0, 10, 25.84, 913009, 72, 0, 0
4922, 20, 61, 123, 0, 0, 0.81%, 0, 0, 10, 25.88, 913143, 72, 0, 0
4928, 20, 32, 123, 0, 0, 0.81%, 0, 0, 10, 25.28, 913274, 72, 0, 0
4933, 20, 32, 123, 0, 0, 0.81%, 0, 0, 10, 24.62, 913399, 72, 0, 0
4938, 20, 34, 123, 0, 0, 0.81%, 0, 0, 10, 25.62, 913528, 72, 0, 0
4943, 20, 34, 123, 0, 0, 0.81%, 0, 0, 10, 26.28, 913661, 72, 0, 0
4948, 20, 111, 123, 0, 0, 0.81%, 0, 0, 10, 25.13, 913788, 72, 0, 0
4953, 20, 111, 123, 0, 0, 0.81%, 0, 0, 10, 25.61, 913921, 72, 0, 0
4958, 20, 111, 123, 0, 0, 0.81%, 0, 0, 10, 25.83, 914051, 72, 0, 0
4963, 20, 111, 123, 0, 0, 0.81%, 0, 0, 10, 25.73, 914186, 72, 0, 0
4969, 20, 111, 123, 0, 0, 0.81%, 0, 0, 10, 25.08, 914315, 72, 0, 0
4974, 20, 111, 123, 0, 0, 0.81%, 0, 0, 10, 25.20, 914443, 72, 0, 0
4979, 20, 111, 123, 0, 0, 0.81%, 0, 0, 10, 26.47, 914577, 72, 0, 0
4984, 20, 111, 123, 0, 0, 0.81%, 0, 0, 10, 24.72, 914701, 72, 0, 0
4989, 20, 111, 123, 0, 0, 0.81%, 0, 0, 10, 25.37, 914834, 72, 0, 0
4994, 20, 111, 123, 0, 0, 0.81%, 0, 0, 10, 26.31, 914971, 72, 0, 0
4999, 20, 111, 123, 0, 0, 0.81%, 0, 0, 10, 26.11, 915105, 72, 0, 0
5004, 20, 99, 123, 0, 0, 0.81%, 0, 0, 10, 25.89, 915238, 72, 0, 0
5009, 20, 99, 123, 0, 0, 0.81%, 0, 0, 10, 25.99, 915369, 72, 0, 0
5015, 20, 99, 123, 0, 0, 0.81%, 0, 0, 10, 25.98, 915505, 72, 0, 0
5020, 20, 99, 123, 0, 0, 0.81%, 0, 0, 10, 25.14, 915634, 72, 0, 0
5025, 20, 14, 123, 0, 0, 0.81%, 0, 0, 10, 25.42, 915764, 72, 0, 0
5030, 20, 14, 123, 0, 0, 0.81%, 0, 0, 10, 25.63, 915895, 72, 0, 0
5035, 20, 122, 123, 0, 0, 0.81%, 0, 0, 10, 25.43, 916028, 72, 0, 0
5040, 20, 122, 123, 0, 0, 0.81%, 0, 0, 10, 26.14, 916162, 72, 0, 0
5046, 20, 122, 123, 0, 0, 0.81%, 0, 0, 10, 24.83, 916289, 72, 0, 0
5051, 20, 122, 123, 0, 0, 0.81%, 0, 0, 10, 25.07, 916414, 72, 0, 0
5056, 20, 122, 123, 0, 0, 0.81%, 0, 0, 10, 25.70, 916548, 72, 0, 0
5061, 20, 122, 123, 0, 0, 0.81%, 0, 0, 10, 26.50, 916683, 72, 0, 0
5066, 20, 122, 123, 0, 0, 0.81%, 0, 0, 10, 25.78, 916813, 72, 0, 0
5071, 20, 122, 123, 0, 0, 0.81%, 0, 0, 10, 25.86, 916942, 72, 0, 0
5076, 20, 122, 123, 0, 0, 0.81%, 0, 0, 10, 25.61, 917074, 72, 0, 0
5081, 20, 122, 123, 0, 0, 0.81%, 0, 0, 10, 25.99, 917207, 72, 0, 0
5086, 20, 122, 123, 0, 0, 0.81%, 0, 0, 10, 25.32, 917337, 72, 0, 0
5092, 20, 122, 123, 0, 0, 0.81%, 0, 0, 10, 27.40, 917475, 72, 0, 0
5097, 20, 122, 123, 0, 0, 0.81%, 0, 0, 10, 25.15, 917597, 72, 0, 0
5102, 20, 122, 123, 0, 0, 0.81%, 0, 0, 10, 24.98, 917726, 72, 0, 0
5107, 20, 122, 123, 0, 0, 0.81%, 0, 0, 10, 25.48, 917858, 72, 0, 0
5112, 20, 122, 123, 0, 0, 0.81%, 0, 0, 10, 25.63, 917993, 72, 0, 0
5117, 20, 122, 123, 0, 0, 0.81%, 0, 0, 10, 25.18, 918120, 72, 0, 0
5122, 20, 122, 123, 0, 0, 0.81%, 0, 0, 10, 25.29, 918249, 72, 0, 0
5128, 20, 122, 123, 0, 0, 0.81%, 0, 0, 10, 38.05, 918424, 72, 0, 0
5133, 20, 122, 124, 1, 0, 0.81%, 0, 0, 10, 49.66, 918714, 72, 0, 0
5138, 20, 122, 124, 1, 0, 0.81%, 0, 0, 10, 31.70, 918848, 72, 0, 0
5143, 20, 122, 124, 1, 0, 0.81%, 0, 0, 10, 27.18, 918978, 72, 0, 0
5148, 20, 122, 124, 1, 0, 0.81%, 0, 0, 10, 25.14, 919103, 72, 0, 0
5153, 20, 122, 124, 1, 0, 0.81%, 0, 0, 10, 25.92, 919236, 72, 0, 0
5158, 20, 122, 124, 1, 0, 0.81%, 0, 0, 10, 26.40, 919371, 72, 0, 0
5163, 20, 122, 124, 1, 0, 0.81%, 0, 0, 10, 26.28, 919502, 72, 0, 0
5168, 20, 122, 124, 1, 0, 0.81%, 0, 0, 10, 26.04, 919635, 72, 0, 0
5173, 20, 122, 124, 1, 0, 0.81%, 0, 0, 10, 25.89, 919768, 72, 0, 0
5179, 20, 122, 124, 1, 0, 0.81%, 0, 0, 10, 25.75, 919901, 72, 0, 0
5184, 20, 122, 124, 1, 0, 0.81%, 0, 0, 10, 26.19, 920032, 72, 0, 0
5189, 20, 122, 124, 1, 0, 0.81%, 0, 0, 10, 26.12, 920167, 72, 0, 0
5194, 20, 122, 124, 1, 0, 0.81%, 0, 0, 10, 25.75, 920297, 72, 0, 0
5199, 20, 122, 124, 1, 0, 0.81%, 0, 0, 10, 25.49, 920426, 72, 0, 0
5204, 20, 122, 124, 1, 0, 0.81%, 0, 0, 10, 25.98, 920559, 72, 0, 0
5209, 20, 122, 124, 1, 0, 0.81%, 0, 0, 10, 25.93, 920695, 72, 0, 0
5214, 20, 122, 124, 1, 0, 0.81%, 0, 0, 10, 25.76, 920828, 72, 0, 0
5219, 20, 122, 124, 1, 0, 0.81%, 0, 0, 10, 25.93, 920959, 72, 0, 0
5225, 20, 122, 124, 1, 0, 0.81%, 0, 0, 10, 25.30, 921090, 72, 0, 0
5230, 20, 122, 124, 1, 0, 0.81%, 0, 0, 10, 25.27, 921221, 72, 0, 0
5235, 20, 122, 124, 1, 0, 0.81%, 0, 0, 10, 25.64, 921352, 72, 0, 0
5240, 20, 122, 124, 1, 0, 0.81%, 0, 0, 10, 24.75, 921479, 72, 0, 0
5245, 20, 122, 124, 1, 0, 0.81%, 0, 0, 10, 26.24, 921613, 72, 0, 0
5250, 20, 122, 124, 1, 0, 0.81%, 0, 0, 10, 26.21, 921750, 72, 0, 0
5255, 20, 122, 124, 1, 0, 0.81%, 0, 0, 10, 25.77, 921880, 72, 0, 0
5261, 20, 122, 124, 1, 0, 0.81%, 0, 0, 10, 25.73, 922011, 72, 0, 0
5266, 20, 122, 124, 1, 0, 0.81%, 0, 0, 10, 25.27, 922138, 72, 0, 0
5271, 20, 122, 124, 1, 0, 0.81%, 0, 0, 10, 25.56, 922273, 72, 0, 0
5276, 20, 122, 124, 1, 0, 0.81%, 0, 0, 10, 24.92, 922400, 72, 0, 0
5281, 20, 122, 124, 1, 0, 0.81%, 0, 0, 10, 25.67, 922531, 72, 0, 0
5286, 20, 122, 124, 1, 0, 0.81%, 0, 0, 10, 25.87, 922662, 72, 0, 0
5291, 20, 122, 124, 1, 0, 0.81%, 0, 0, 10, 25.55, 922794, 72, 0, 0
5296, 20, 122, 124, 1, 0, 0.81%, 0, 0, 10, 25.19, 922926, 72, 0, 0
5302, 20, 122, 124, 1, 0, 0.81%, 0, 0, 10, 25.31, 923056, 72, 0, 0
5307, 20, 122, 124, 1, 0, 0.81%, 0, 0, 10, 25.71, 923189, 72, 0, 0
5312, 20, 122, 124, 1, 0, 0.81%, 0, 0, 10, 25.98, 923319, 72, 0, 0
5317, 20, 122, 124, 1, 0, 0.81%, 0, 0, 10, 25.63, 923447, 72, 0, 0
5322, 20, 122, 124, 1, 0, 0.81%, 0, 0, 10, 25.93, 923575, 72, 0, 0
5327, 20, 122, 124, 1, 0, 0.81%, 0, 0, 10, 25.67, 923706, 72, 0, 0
5332, 20, 122, 124, 1, 0, 0.81%, 0, 0, 10, 25.82, 923840, 72, 0, 0
5337, 20, 122, 124, 1, 0, 0.81%, 0, 0, 10, 24.91, 923966, 72, 0, 0
5342, 20, 122, 124, 1, 0, 0.81%, 0, 0, 10, 25.60, 924098, 72, 0, 0
5347, 20, 122, 124, 1, 0, 0.81%, 0, 0, 10, 26.12, 924232, 72, 0, 0
5353, 20, 122, 124, 1, 0, 0.81%, 0, 0, 10, 23.72, 924350, 72, 0, 0
5358, 20, 122, 124, 1, 0, 0.81%, 0, 0, 10, 24.62, 924474, 72, 0, 0
5363, 20, 122, 124, 1, 0, 0.81%, 0, 0, 10, 24.74, 924601, 72, 0, 0
5368, 20, 122, 124, 1, 0, 0.81%, 0, 0, 10, 25.55, 924733, 72, 0, 0
5373, 20, 122, 125, 2, 0, 0.81%, 0, 0, 10, 26.70, 924870, 72, 0, 0
5378, 20, 122, 125, 2, 0, 0.81%, 0, 0, 10, 25.52, 924997, 72, 0, 0
5383, 20, 122, 125, 2, 0, 0.81%, 0, 0, 10, 25.65, 925130, 72, 0, 0
5388, 20, 122, 125, 2, 0, 0.81%, 0, 0, 10, 25.84, 925261, 72, 0, 0
5393, 20, 122, 125, 2, 0, 0.81%, 0, 0, 10, 26.60, 925397, 72, 0, 0
5398, 20, 122, 125, 2, 0, 0.81%, 0, 0, 10, 26.55, 925529, 72, 0, 0
5403, 20, 122, 125, 2, 0, 0.81%, 0, 0, 10, 25.78, 925661, 72, 0, 0
5408, 20, 122, 125, 2, 0, 0.81%, 0, 0, 10, 24.76, 925783, 72, 0, 0
5414, 20, 122, 125, 2, 0, 0.81%, 0, 0, 10, 25.98, 925917, 72, 0, 0
5419, 20, 122, 125, 2, 0, 0.81%, 0, 0, 10, 25.75, 926050, 72, 0, 0
5424, 20, 122, 125, 2, 0, 0.81%, 0, 0, 10, 24.24, 926170, 72, 0, 0
5429, 20, 122, 125, 2, 0, 0.81%, 0, 0, 10, 22.77, 926286, 72, 0, 0
5434, 20, 122, 125, 2, 0, 0.81%, 0, 0, 10, 22.63, 926401, 72, 0, 0
5439, 20, 122, 125, 2, 0, 0.81%, 0, 0, 10, 23.16, 926517, 72, 0, 0
5444, 20, 122, 125, 2, 0, 0.81%, 0, 0, 10, 23.39, 926636, 72, 0, 0
5449, 20, 122, 125, 2, 0, 0.81%, 0, 0, 10, 23.36, 926753, 72, 0, 0
5454, 20, 14, 125, 2, 0, 0.81%, 0, 0, 10, 23.57, 926874, 72, 0, 0
5459, 20, 14, 125, 2, 0, 0.81%, 0, 0, 10, 22.93, 926991, 72, 0, 0
5464, 20, 14, 125, 2, 0, 0.81%, 0, 0, 10, 24.57, 927116, 72, 0, 0
5469, 20, 14, 125, 2, 0, 0.81%, 0, 0, 10, 25.43, 927247, 72, 0, 0
5474, 20, 14, 125, 2, 0, 0.81%, 0, 0, 10, 25.05, 927375, 72, 0, 0
5479, 20, 47, 125, 2, 0, 0.81%, 0, 0, 10, 24.34, 927497, 72, 0, 0
5484, 20, 47, 125, 2, 0, 0.81%, 0, 0, 10, 23.17, 927611, 72, 0, 0
5490, 20, 47, 125, 2, 0, 0.81%, 0, 0, 10, 24.41, 927739, 72, 0, 0
5495, 20, 47, 125, 2, 0, 0.81%, 0, 0, 10, 23.03, 927858, 72, 0, 0
5500, 20, 47, 125, 2, 0, 0.81%, 0, 0, 10, 23.64, 927978, 72, 0, 0
5505, 20, 32, 125, 2, 0, 0.81%, 0, 0, 10, 23.89, 928100, 72, 0, 0
5510, 20, 32, 125, 2, 0, 0.81%, 0, 0, 10, 23.54, 928215, 72, 0, 0
5515, 20, 54, 125, 2, 0, 0.81%, 0, 0, 10, 23.14, 928331, 72, 0, 0
5520, 20, 18, 125, 2, 0, 0.81%, 0, 0, 10, 22.26, 928443, 72, 0, 0
5525, 20, 18, 125, 2, 0, 0.81%, 0, 0, 10, 21.82, 928556, 72, 0, 0
5530, 20, 18, 125, 2, 0, 0.81%, 0, 0, 10, 22.95, 928673, 72, 0, 0
5536, 20, 26, 125, 2, 0, 0.81%, 0, 0, 10, 22.74, 928789, 72, 0, 0
5541, 20, 26, 125, 2, 0, 0.81%, 0, 0, 10, 24.27, 928914, 72, 0, 0
5546, 20, 30, 125, 2, 0, 0.81%, 0, 0, 10, 26.25, 929051, 72, 0, 0
5551, 20, 30, 125, 2, 0, 0.81%, 0, 0, 10, 25.56, 929183, 72, 0, 0
5556, 20, 17, 125, 2, 0, 0.81%, 0, 0, 10, 78.46, 929649, 72, 0, 0
5561, 20, 2, 125, 2, 0, 0.81%, 0, 0, 10, 38.46, 929781, 72, 0, 0
5566, 20, 2, 125, 2, 0, 0.81%, 0, 0, 10, 28.76, 929914, 72, 0, 0
5572, 20, 27, 125, 2, 0, 0.81%, 0, 0, 10, 26.50, 930048, 72, 0, 0
5577, 20, 27, 125, 2, 0, 0.81%, 0, 0, 10, 25.94, 930178, 72, 0, 0
5582, 20, 27, 125, 2, 0, 0.81%, 0, 0, 10, 25.60, 930310, 72, 0, 0
5587, 20, 30, 125, 2, 0, 0.81%, 0, 0, 10, 25.76, 930443, 72, 0, 0
5592, 20, 30, 125, 2, 0, 0.81%, 0, 0, 10, 24.89, 930570, 72, 0, 0
5597, 20, 116, 125, 2, 0, 0.81%, 0, 0, 10, 24.09, 930692, 72, 0, 0
5602, 20, 116, 125, 2, 0, 0.81%, 0, 0, 10, 26.12, 930826, 72, 0, 0
5607, 20, 19, 125, 2, 0, 0.81%, 0, 0, 10, 25.94, 930956, 72, 0, 0
5612, 20, 19, 125, 2, 0, 0.81%, 0, 0, 10, 25.57, 931084, 72, 0, 0
5617, 20, 19, 125, 2, 0, 0.81%, 0, 0, 10, 24.70, 931210, 72, 0, 0
5623, 20, 26, 125, 2, 0, 0.81%, 0, 0, 10, 24.47, 931333, 72, 0, 0
5628, 20, 26, 125, 2, 0, 0.81%, 0, 0, 10, 24.67, 931459, 72, 0, 0
5633, 20, 52, 125, 2, 0, 0.81%, 0, 0, 10, 25.12, 931585, 72, 0, 0
5638, 20, 52, 125, 2, 0, 0.81%, 0, 0, 10, 26.67, 931725, 72, 0, 0
5643, 20, 52, 125, 2, 0, 0.81%, 0, 0, 10, 25.19, 931853, 72, 0, 0
5648, 20, 13, 125, 2, 0, 0.81%, 0, 0, 10, 25.72, 931986, 72, 0, 0
5653, 20, 13, 125, 2, 0, 0.81%, 0, 0, 10, 26.44, 932120, 72, 0, 0
5658, 20, 32, 125, 2, 0, 0.81%, 0, 0, 10, 24.79, 932243, 72, 0, 0
5664, 20, 32, 125, 2, 0, 0.81%, 0, 0, 10, 25.87, 932378, 72, 0, 0
5669, 20, 32, 125, 2, 0, 0.81%, 0, 0, 10, 25.27, 932506, 72, 0, 0
5674, 20, 51, 125, 2, 0, 0.81%, 0, 0, 10, 25.63, 932641, 72, 0, 0
5679, 20, 51, 125, 2, 0, 0.81%, 0, 0, 10, 25.62, 932770, 72, 0, 0
5684, 20, 58, 125, 2, 0, 0.81%, 0, 0, 10, 25.54, 932901, 72, 0, 0
5689, 20, 58, 125, 2, 0, 0.81%, 0, 0, 10, 26.14, 933035, 72, 0, 0
5694, 20, 58, 125, 2, 0, 0.81%, 0, 0, 10, 26.22, 933165, 72, 0, 0
5699, 20, 58, 125, 2, 0, 0.81%, 0, 0, 10, 26.03, 933296, 72, 0, 0
5704, 20, 58, 125, 2, 0, 0.81%, 0, 0, 10, 25.97, 933428, 72, 0, 0
5710, 20, 30, 125, 2, 0, 0.81%, 0, 0, 10, 25.34, 933557, 72, 0, 0
5715, 20, 30, 125, 2, 0, 0.81%, 0, 0, 10, 25.59, 933684, 72, 0, 0
5720, 20, 51, 125, 2, 0, 0.81%, 0, 0, 10, 26.60, 933821, 72, 0, 0
5725, 20, 51, 125, 2, 0, 0.81%, 0, 0, 10, 26.00, 933956, 72, 0, 0
5730, 20, 14, 125, 2, 0, 0.81%, 0, 0, 10, 25.67, 934091, 72, 0, 0
5735, 20, 14, 125, 2, 0, 0.81%, 0, 0, 10, 26.31, 934224, 72, 0, 0
5740, 20, 11, 125, 2, 0, 0.81%, 0, 0, 10, 26.50, 934358, 72, 0, 0
5745, 20, 34, 125, 2, 0, 0.81%, 0, 0, 10, 25.02, 934482, 72, 0, 0
5750, 20, 34, 125, 2, 0, 0.81%, 0, 0, 10, 25.21, 934608, 72, 0, 0
5756, 20, 94, 125, 2, 0, 0.81%, 0, 0, 10, 25.57, 934737, 72, 0, 0
5761, 20, 94, 125, 2, 0, 0.81%, 0, 0, 10, 25.79, 934869, 72, 0, 0
5766, 20, 94, 125, 2, 0, 0.81%, 0, 0, 10, 25.98, 935000, 72, 0, 0
5771, 20, 94, 125, 2, 0, 0.81%, 0, 0, 10, 25.49, 935129, 72, 0, 0
5776, 20, 94, 125, 2, 0, 0.81%, 0, 0, 10, 24.05, 935253, 72, 0, 0
5781, 20, 94, 125, 2, 0, 0.81%, 0, 0, 10, 25.08, 935381, 72, 0, 0
5786, 20, 94, 125, 2, 0, 0.81%, 0, 0, 10, 25.43, 935509, 72, 0, 0
5792, 20, 77, 125, 2, 0, 0.81%, 0, 0, 10, 25.78, 935643, 72, 0, 0
5797, 20, 77, 125, 2, 0, 0.81%, 0, 0, 10, 25.59, 935776, 72, 0, 0
5802, 20, 77, 125, 2, 0, 0.81%, 0, 0, 10, 26.38, 935912, 72, 0, 0
5807, 20, 77, 125, 2, 0, 0.81%, 0, 0, 10, 27.06, 936052, 72, 0, 0
5812, 20, 55, 125, 2, 0, 0.81%, 0, 0, 10, 48.98, 936329, 72, 0, 0
5817, 20, 10, 125, 2, 0, 0.81%, 0, 0, 10, 43.71, 936568, 72, 0, 0
5822, 20, 10, 125, 2, 0, 0.81%, 0, 0, 10, 30.20, 936705, 72, 0, 0
5827, 20, 18, 125, 2, 0, 0.81%, 0, 0, 10, 26.66, 936835, 72, 0, 0
5833, 20, 18, 125, 2, 0, 0.81%, 0, 0, 10, 25.30, 936965, 72, 0, 0
5838, 20, 52, 125, 2, 0, 0.81%, 0, 0, 10, 25.50, 937093, 72, 0, 0
5843, 20, 52, 125, 2, 0, 0.81%, 0, 0, 10, 25.21, 937221, 72, 0, 0
5848, 20, 55, 125, 2, 0, 0.81%, 0, 0, 10, 25.91, 937355, 72, 0, 0
5853, 20, 94, 125, 2, 0, 0.81%, 0, 0, 10, 26.42, 937490, 72, 0, 0
5858, 20, 94, 125, 2, 0, 0.81%, 0, 0, 10, 240.00, 937663, 72, 0, 0
5863, 20, 94, 125, 2, 0, 0.81%, 0, 0, 10, 26.51, 938040, 72, 0, 0
5868, 20, 94, 125, 2, 0, 0.81%, 0, 0, 10, 25.89, 938171, 72, 0, 0
5874, 20, 94, 125, 2, 0, 0.81%, 0, 0, 10, 25.42, 938302, 72, 0, 0
5879, 20, 58, 125, 2, 0, 0.81%, 0, 0, 10, 25.78, 938436, 72, 0, 0
5884, 20, 58, 125, 2, 0, 0.81%, 0, 0, 10, 26.15, 938571, 72, 0, 0
5889, 20, 58, 125, 2, 0, 0.81%, 0, 0, 10, 26.77, 938706, 72, 0, 0
5894, 20, 58, 125, 2, 0, 0.81%, 0, 0, 10, 26.35, 938839, 72, 0, 0
5899, 20, 58, 125, 2, 0, 0.81%, 0, 0, 10, 25.78, 938970, 72, 0, 0
5904, 20, 61, 125, 2, 0, 0.81%, 0, 0, 10, 25.69, 939103, 72, 0, 0
5909, 20, 61, 125, 2, 0, 0.81%, 0, 0, 10, 25.81, 939237, 72, 0, 0
5914, 20, 61, 125, 2, 0, 0.81%, 0, 0, 10, 25.88, 939366, 72, 0, 0
5920, 20, 61, 125, 2, 0, 0.81%, 0, 0, 10, 26.11, 939502, 72, 0, 0
5925, 20, 23, 125, 2, 0, 0.81%, 0, 0, 10, 26.78, 939639, 72, 0, 0
5930, 20, 23, 125, 2, 0, 0.81%, 0, 0, 10, 25.82, 939773, 72, 0, 0
5935, 20, 36, 125, 2, 0, 0.81%, 0, 0, 10, 25.33, 939901, 72, 0, 0
5940, 20, 36, 125, 2, 0, 0.81%, 0, 0, 10, 25.48, 940031, 72, 0, 0
5945, 20, 36, 125, 2, 0, 0.81%, 0, 0, 10, 30.24, 940180, 72, 0, 0
5951, 20, 99, 125, 2, 0, 0.81%, 0, 0, 10, 38.51, 940379, 72, 0, 0
5956, 20, 99, 125, 2, 0, 0.81%, 0, 0, 10, 29.30, 940516, 72, 0, 0
5961, 20, 99, 125, 2, 0, 0.81%, 0, 0, 10, 26.87, 940649, 72, 0, 0
5966, 20, 7, 125, 2, 0, 0.81%, 0, 0, 10, 26.55, 940785, 72, 0, 0
5971, 20, 7, 125, 2, 0, 0.81%, 0, 0, 10, 26.88, 940923, 72, 0, 0
5976, 20, 7, 125, 2, 0, 0.81%, 0, 0, 10, 25.91, 941054, 72, 0, 0
5981, 20, 111, 125, 2, 0, 0.81%, 0, 0, 10, 25.92, 941186, 72, 0, 0
5986, 20, 111, 125, 2, 0, 0.81%, 0, 0, 10, 26.36, 941591, 72, 0, 0
5991, 20, 111, 125, 2, 0, 0.81%, 0, 0, 10, 25.83, 941720, 72, 0, 0
5997, 20, 111, 125, 2, 0, 0.81%, 0, 0, 10, 25.98, 941857, 72, 0, 0
6002, 20, 111, 125, 2, 0, 0.81%, 0, 0, 10, 26.38, 941993, 72, 0, 0
6007, 20, 111, 125, 2, 0, 0.81%, 0, 0, 10, 25.59, 942125, 72, 0, 0
6012, 20, 111, 125, 2, 0, 0.81%, 0, 0, 10, 25.87, 942257, 72, 0, 0
6017, 20, 111, 125, 2, 0, 0.81%, 0, 0, 10, 25.82, 942388, 72, 0, 0
6022, 20, 7, 125, 2, 0, 0.81%, 0, 0, 10, 24.96, 942516, 72, 0, 0
6027, 20, 7, 125, 2, 0, 0.81%, 0, 0, 10, 24.21, 942639, 72, 0, 0
6033, 20, 10, 125, 2, 0, 0.81%, 0, 0, 10, 25.69, 942774, 72, 0, 0
6038, 20, 10, 125, 2, 0, 0.81%, 0, 0, 10, 25.71, 942903, 72, 0, 0
6043, 20, 16, 125, 2, 0, 0.81%, 0, 0, 10, 26.17, 943039, 72, 0, 0
6048, 20, 16, 125, 2, 0, 0.81%, 0, 0, 10, 24.88, 943165, 72, 0, 0
6053, 20, 16, 125, 2, 0, 0.81%, 0, 0, 10, 25.53, 943295, 72, 0, 0
6058, 20, 99, 125, 2, 0, 0.81%, 0, 0, 10, 25.54, 943427, 72, 0, 0
6063, 20, 99, 125, 2, 0, 0.81%, 0, 0, 10, 26.54, 943562, 72, 0, 0
6068, 20, 99, 125, 2, 0, 0.81%, 0, 0, 10, 25.83, 943694, 72, 0, 0
6074, 20, 99, 125, 2, 0, 0.81%, 0, 0, 10, 25.68, 943823, 72, 0, 0
6079, 20, 47, 125, 2, 0, 0.81%, 0, 0, 10, 26.06, 943957, 72, 0, 0
6084, 20, 47, 125, 2, 0, 0.81%, 0, 0, 10, 25.51, 944090, 72, 0, 0
6089, 20, 47, 125, 2, 0, 0.81%, 0, 0, 10, 25.82, 944220, 72, 0, 0
6094, 20, 47, 125, 2, 0, 0.81%, 0, 0, 10, 25.38, 944351, 72, 0, 0
6099, 20, 47, 125, 2, 0, 0.81%, 0, 0, 10, 27.59, 944491, 72, 0, 0
6104, 20, 7, 125, 2, 0, 0.81%, 0, 0, 10, 26.67, 944628, 72, 0, 0
6109, 20, 7, 125, 2, 0, 0.81%, 0, 0, 10, 25.96, 944760, 72, 0, 0
6115, 20, 23, 125, 2, 0, 0.81%, 0, 0, 10, 25.02, 944888, 72, 0, 0
6120, 20, 23, 125, 2, 0, 0.81%, 0, 0, 10, 25.03, 945017, 72, 0, 0
6125, 20, 54, 125, 2, 0, 0.81%, 0, 0, 10, 25.80, 945148, 72, 0, 0
6130, 20, 26, 125, 2, 0, 0.81%, 0, 0, 10, 25.48, 945279, 72, 0, 0
6135, 20, 26, 125, 2, 0, 0.81%, 0, 0, 10, 26.13, 945415, 72, 0, 0
6140, 21, 57, 125, 2, 0, 0.81%, 0, 0, 10, 26.65, 945548, 72, 0, 0
6145, 21, 57, 125, 2, 0, 0.81%, 0, 0, 10, 28.66, 945953, 72, 0, 0
6150, 21, 52, 125, 2, 0, 0.81%, 0, 0, 10, 30.57, 946126, 72, 0, 0
6156, 21, 58, 125, 2, 0, 0.81%, 0, 0, 10, 22.56, 946412, 72, 0, 0
6161, 21, 58, 125, 2, 0, 0.81%, 0, 0, 10, 24.50, 946541, 72, 0, 0
6166, 21, 58, 125, 2, 0, 0.81%, 0, 0, 10, 185.22, 946787, 72, 0, 0
6171, 21, 19, 125, 2, 0, 0.81%, 0, 0, 10, 24.28, 947211, 72, 0, 0
6176, 21, 35, 125, 2, 0, 0.81%, 0, 0, 10, 25.27, 947341, 72, 0, 0
6181, 21, 35, 125, 2, 0, 0.81%, 0, 0, 10, 25.63, 947472, 72, 0, 0
6186, 21, 98, 125, 2, 0, 0.81%, 0, 0, 10, 37.88, 947651, 72, 0, 0
6191, 21, 52, 125, 2, 0, 0.81%, 0, 0, 10, 60.26, 947977, 72, 0, 0
6196, 21, 124, 125, 2, 0, 0.81%, 0, 0, 10, 20.77, 948590, 72, 0, 0
6201, 21, 124, 125, 2, 0, 0.81%, 0, 0, 10, 29.81, 948748, 72, 0, 0
6206, 21, 124, 125, 2, 0, 0.81%, 0, 0, 10, 26.94, 948880, 72, 0, 0
6212, 21, 94, 125, 1, 0, 0.81%, 0, 0, 10, 500.00, 949117, 72, 0, 0
6217, 21, 94, 125, 1, 0, 0.81%, 0, 0, 10, 36.02, 949382, 72, 0, 0
6222, 21, 94, 125, 1, 0, 0.81%, 0, 0, 10, 28.47, 949515, 72, 0, 0
6227, 21, 94, 125, 1, 0, 0.81%, 0, 0, 10, 27.35, 949654, 72, 0, 0
6232, 21, 94, 125, 1, 0, 0.81%, 0, 0, 10, 26.59, 949793, 72, 0, 0
6237, 21, 19, 125, 1, 0, 0.81%, 0, 0, 10, 46.99, 950020, 72, 0, 0
6242, 21, 19, 125, 1, 0, 0.81%, 0, 0, 10, 48.95, 950240, 72, 0, 0
6247, 21, 57, 125, 1, 0, 0.81%, 0, 0, 10, 33.33, 950403, 72, 0, 0
6253, 21, 57, 125, 1, 0, 0.81%, 0, 0, 10, 27.67, 950535, 72, 0, 0
6258, 21, 57, 125, 1, 0, 0.81%, 0, 0, 10, 26.60, 950670, 72, 0, 0
6263, 21, 57, 125, 1, 0, 0.81%, 0, 0, 10, 25.37, 950797, 72, 0, 0
6268, 21, 51, 125, 1, 0, 0.81%, 0, 0, 10, 25.83, 950928, 72, 0, 0
6273, 21, 51, 125, 1, 0, 0.81%, 0, 0, 10, 25.78, 951060, 72, 0, 0
6278, 21, 32, 125, 1, 0, 0.81%, 0, 0, 10, 26.17, 951197, 72, 0, 0
6283, 21, 32, 125, 1, 0, 0.81%, 0, 0, 10, 25.17, 951323, 72, 0, 0
6288, 21, 19, 125, 1, 0, 0.81%, 0, 0, 10, 26.21, 951456, 72, 0, 0
6293, 21, 19, 125, 1, 0, 0.81%, 0, 0, 10, 25.93, 951586, 72, 0, 0
6298, 21, 19, 125, 1, 0, 0.81%, 0, 0, 10, 26.29, 951722, 72, 0, 0
6303, 21, 20, 125, 1, 0, 0.81%, 0, 0, 10, 25.75, 951852, 72, 0, 0
6308, 21, 5, 125, 1, 0, 0.81%, 0, 0, 10, 25.63, 951983, 72, 0, 0
6314, 21, 5, 125, 1, 0, 0.81%, 0, 0, 10, 25.56, 952114, 72, 0, 0
6319, 21, 61, 125, 1, 0, 0.81%, 0, 0, 10, 26.93, 952251, 72, 0, 0
6324, 21, 61, 125, 1, 0, 0.81%, 0, 0, 10, 26.68, 952386, 72, 0, 0
6329, 21, 61, 125, 1, 0, 0.81%, 0, 0, 10, 26.28, 952516, 72, 0, 0
6334, 21, 61, 125, 1, 0, 0.81%, 0, 0, 10, 26.01, 952698, 72, 0, 0
6339, 21, 61, 125, 1, 0, 0.81%, 0, 0, 10, 23.44, 952815, 72, 0, 0
6344, 21, 45, 125, 1, 0, 0.81%, 0, 0, 10, 25.67, 952947, 72, 0, 0
6349, 21, 45, 125, 1, 0, 0.81%, 0, 0, 10, 25.81, 953080, 72, 0, 0
6354, 21, 45, 125, 1, 0, 0.81%, 0, 0, 10, 25.41, 953211, 72, 0, 0
6360, 21, 45, 125, 1, 0, 0.81%, 0, 0, 10, 25.53, 953344, 72, 0, 0
6365, 21, 6, 125, 1, 0, 0.81%, 0, 0, 10, 25.71, 953476, 72, 0, 0
6370, 21, 58, 125, 1, 0, 0.81%, 0, 0, 10, 26.05, 953611, 72, 0, 0
6375, 21, 58, 125, 1, 0, 0.81%, 0, 0, 10, 25.58, 953740, 72, 0, 0
6380, 21, 58, 125, 1, 0, 0.81%, 0, 0, 10, 26.14, 953875, 72, 0, 0
6385, 21, 58, 125, 1, 0, 0.81%, 0, 0, 10, 24.78, 954000, 72, 0, 0
6390, 21, 38, 125, 1, 0, 0.81%, 0, 0, 10, 25.69, 954131, 72, 0, 0
6395, 21, 52, 125, 1, 0, 0.81%, 0, 0, 10, 533.65, 954454, 72, 0, 0
6401, 21, 52, 125, 1, 0, 0.81%, 0, 0, 10, 50.32, 954692, 72, 0, 0
6406, 21, 33, 125, 1, 0, 0.81%, 0, 0, 10, 33.25, 954859, 72, 0, 0
6411, 21, 57, 125, 1, 0, 0.81%, 0, 0, 10, 27.27, 955127, 72, 0, 0
6416, 21, 57, 125, 1, 0, 0.81%, 0, 0, 10, 25.62, 955258, 72, 0, 0
6421, 21, 57, 125, 1, 0, 0.81%, 0, 0, 10, 25.50, 955385, 72, 0, 0
6426, 21, 57, 125, 1, 0, 0.81%, 0, 0, 10, 25.66, 955516, 72, 0, 0
6431, 21, 51, 125, 1, 0, 0.81%, 0, 0, 10, 317.00, 956236, 72, 0, 0
6436, 21, 10, 125, 1, 0, 0.81%, 0, 0, 10, 28.17, 956494, 72, 0, 0
6441, 21, 10, 125, 1, 0, 0.81%, 0, 0, 10, 25.96, 956621, 72, 0, 0
6447, 21, 10, 125, 1, 0, 0.81%, 0, 0, 10, 26.05, 956752, 72, 0, 0
6452, 21, 10, 125, 1, 0, 0.81%, 0, 0, 10, 26.34, 956887, 72, 0, 0
6457, 21, 10, 125, 1, 0, 0.81%, 0, 0, 10, 27.16, 957025, 72, 0, 0
6462, 21, 26, 125, 1, 0, 0.81%, 0, 0, 10, 25.90, 957159, 72, 0, 0
6467, 21, 26, 125, 1, 0, 0.81%, 0, 0, 10, 26.47, 957291, 72, 0, 0
6472, 21, 6, 125, 1, 0, 0.81%, 0, 0, 10, 25.13, 957470, 72, 0, 0
6477, 21, 111, 125, 1, 0, 0.81%, 0, 0, 10, 25.06, 957600, 72, 0, 0
6483, 21, 111, 125, 1, 0, 0.81%, 0, 0, 10, 25.39, 957730, 72, 0, 0
6488, 21, 111, 125, 1, 0, 0.81%, 0, 0, 10, 26.20, 957866, 72, 0, 0
6493, 21, 111, 125, 1, 0, 0.81%, 0, 0, 10, 25.46, 957994, 72, 0, 0
6498, 21, 111, 125, 1, 0, 0.81%, 0, 0, 10, 25.20, 958121, 72, 0, 0
6503, 21, 111, 125, 1, 0, 0.81%, 0, 0, 10, 52.83, 958392, 72, 0, 0
6508, 21, 111, 125, 1, 0, 0.81%, 0, 0, 10, 77.67, 958778, 72, 0, 0
6513, 21, 14, 125, 1, 0, 0.81%, 0, 0, 10, 95.48, 959277, 72, 0, 0
6518, 21, 35, 125, 1, 0, 0.81%, 0, 0, 10, 18.02, 959451, 72, 0, 0
6523, 21, 35, 125, 1, 0, 0.81%, 0, 0, 10, 150.63, 959620, 72, 0, 0
6529, 21, 37, 125, 1, 0, 0.81%, 0, 0, 10, 32.96, 959829, 72, 0, 0
6534, 21, 37, 125, 1, 0, 0.81%, 0, 0, 10, 28.35, 959966, 72, 0, 0
6539, 21, 10, 125, 1, 0, 0.81%, 0, 0, 10, 239.95, 960243, 72, 0, 0
6544, 21, 61, 125, 1, 0, 0.81%, 0, 0, 10, 20.12, 960888, 72, 0, 0
6549, 21, 61, 125, 1, 0, 0.81%, 0, 0, 10, 24.42, 961018, 72, 0, 0
6554, 21, 61, 125, 1, 0, 0.81%, 0, 0, 10, 26.34, 961155, 72, 0, 0
6559, 21, 38, 125, 1, 0, 0.81%, 0, 0, 10, 26.04, 961289, 72, 0, 0
6564, 21, 55, 125, 1, 0, 0.81%, 0, 0, 10, 25.73, 961422, 72, 0, 0
6569, 21, 111, 125, 1, 0, 0.81%, 0, 0, 10, 26.11, 961556, 72, 0, 0
6575, 21, 111, 125, 1, 0, 0.81%, 0, 0, 10, 26.32, 961692, 72, 0, 0
6580, 21, 111, 125, 1, 0, 0.81%, 0, 0, 10, 26.07, 961821, 72, 0, 0
6585, 21, 111, 125, 1, 0, 0.81%, 0, 0, 10, 25.30, 961948, 72, 0, 0
6590, 21, 111, 125, 1, 0, 0.81%, 0, 0, 10, 26.60, 962087, 72, 0, 0
6595, 21, 111, 125, 1, 0, 0.81%, 0, 0, 10, 26.57, 962224, 72, 0, 0
6600, 21, 111, 125, 1, 0, 0.81%, 0, 0, 10, 26.60, 962356, 72, 0, 0
6605, 21, 111, 125, 1, 0, 0.81%, 0, 0, 10, 27.04, 962493, 72, 0, 0
6610, 21, 111, 125, 1, 0, 0.81%, 0, 0, 10, 25.87, 962626, 72, 0, 0
6615, 21, 111, 125, 1, 0, 0.81%, 0, 0, 10, 25.73, 962758, 72, 0, 0
6621, 21, 98, 125, 1, 0, 0.81%, 0, 0, 10, 25.94, 962891, 72, 0, 0
6626, 21, 57, 125, 1, 0, 0.81%, 0, 0, 10, 26.00, 963026, 72, 0, 0
6631, 21, 57, 125, 1, 0, 0.81%, 0, 0, 10, 25.46, 963157, 72, 0, 0
6636, 21, 57, 125, 1, 0, 0.81%, 0, 0, 10, 25.17, 963287, 72, 0, 0
6641, 21, 57, 125, 1, 0, 0.81%, 0, 0, 10, 25.86, 963420, 72, 0, 0
6646, 21, 35, 125, 1, 0, 0.81%, 0, 0, 10, 25.55, 963553, 72, 0, 0
6651, 21, 35, 125, 1, 0, 0.81%, 0, 0, 10, 25.11, 963679, 72, 0, 0
6656, 21, 35, 125, 1, 0, 0.81%, 0, 0, 10, 25.56, 963809, 72, 0, 0
6661, 21, 52, 125, 1, 0, 0.81%, 0, 0, 10, 25.78, 963939, 72, 0, 0
6667, 21, 52, 125, 1, 0, 0.81%, 0, 0, 10, 26.65, 964079, 72, 0, 0
6672, 21, 35, 125, 1, 0, 0.81%, 0, 0, 10, 26.59, 964217, 72, 0, 0
6677, 21, 35, 125, 1, 0, 0.81%, 0, 0, 10, 25.23, 964344, 72, 0, 0
6682, 21, 55, 125, 1, 0, 0.81%, 0, 0, 10, 26.08, 964479, 72, 0, 0
6687, 21, 20, 125, 1, 0, 0.81%, 0, 0, 10, 24.26, 964601, 72, 0, 0
6692, 21, 57, 125, 1, 0, 0.81%, 0, 0, 10, 25.52, 964730, 72, 0, 0
6697, 21, 57, 125, 1, 0, 0.81%, 0, 0, 10, 25.21, 964856, 72, 0, 0
6703, 21, 57, 125, 1, 0, 0.81%, 0, 0, 10, 25.03, 964985, 72, 0, 0
6708, 21, 57, 125, 1, 0, 0.81%, 0, 0, 10, 25.34, 965116, 72, 0, 0
6713, 21, 57, 125, 1, 0, 0.81%, 0, 0, 10, 24.07, 965240, 72, 0, 0
6718, 21, 35, 125, 1, 0, 0.81%, 0, 0, 10, 24.20, 965362, 72, 0, 0
6723, 21, 35, 125, 1, 0, 0.81%, 0, 0, 10, 23.46, 965479, 72, 0, 0
6728, 21, 123, 125, 1, 0, 0.81%, 0, 0, 10, 24.41, 965607, 72, 0, 0
6733, 21, 123, 125, 1, 0, 0.81%, 0, 0, 10, 25.57, 965740, 72, 0, 0
6739, 21, 123, 125, 1, 0, 0.81%, 0, 0, 10, 25.81, 965874, 72, 0, 0
6744, 21, 123, 125, 1, 0, 0.81%, 0, 0, 10, 25.84, 966003, 72, 0, 0
6749, 21, 123, 125, 1, 0, 0.81%, 0, 0, 10, 25.78, 966136, 72, 0, 0
6754, 21, 123, 125, 1, 0, 0.81%, 0, 0, 10, 26.71, 966272, 72, 0, 0
6759, 21, 123, 125, 1, 0, 0.81%, 0, 0, 10, 25.73, 966401, 72, 0, 0
6764, 21, 123, 125, 1, 0, 0.81%, 0, 0, 10, 25.59, 966534, 72, 0, 0
6769, 21, 123, 125, 1, 0, 0.81%, 0, 0, 10, 26.14, 966668, 72, 0, 0
6774, 21, 123, 125, 1, 0, 0.81%, 0, 0, 10, 25.07, 966794, 72, 0, 0
6779, 21, 123, 125, 1, 0, 0.81%, 0, 0, 10, 25.45, 966925, 72, 0, 0
6785, 21, 123, 125, 1, 0, 0.81%, 0, 0, 10, 26.05, 967060, 72, 0, 0
6790, 21, 123, 126, 2, 0, 0.81%, 0, 0, 11, 25.33, 967190, 72, 0, 0
6795, 21, 123, 126, 2, 0, 0.81%, 0, 0, 11, 25.64, 967319, 72, 0, 0
6800, 21, 123, 126, 2, 0, 0.81%, 0, 0, 11, 25.26, 967450, 72, 0, 0
6805, 21, 123, 126, 2, 0, 0.81%, 0, 0, 11, 25.95, 967585, 72, 0, 0
6810, 21, 123, 126, 2, 0, 0.81%, 0, 0, 11, 25.60, 967715, 72, 0, 0
6815, 21, 123, 126, 2, 0, 0.81%, 0, 0, 11, 24.64, 967836, 72, 0, 0
6820, 21, 123, 126, 2, 0, 0.81%, 0, 0, 11, 25.57, 967965, 72, 0, 0
6825, 21, 123, 126, 2, 0, 0.81%, 0, 0, 11, 25.87, 968097, 72, 0, 0
6830, 21, 123, 126, 2, 0, 0.81%, 0, 0, 11, 26.76, 968231, 72, 0, 0
6835, 21, 123, 126, 2, 0, 0.81%, 0, 0, 11, 26.22, 968361, 72, 0, 0
6841, 21, 123, 126, 2, 0, 0.81%, 0, 0, 11, 25.03, 968489, 72, 0, 0
6846, 21, 123, 126, 2, 0, 0.81%, 0, 0, 11, 25.27, 968621, 72, 0, 0
6851, 21, 123, 126, 2, 0, 0.81%, 0, 0, 11, 24.95, 968747, 72, 0, 0
6856, 21, 123, 126, 2, 0, 0.81%, 0, 0, 11, 24.96, 968877, 72, 0, 0
6861, 21, 123, 126, 2, 0, 0.81%, 0, 0, 11, 25.33, 969008, 72, 0, 0
6866, 21, 123, 126, 2, 0, 0.81%, 0, 0, 11, 25.58, 969140, 72, 0, 0
6871, 21, 123, 126, 2, 0, 0.81%, 0, 0, 11, 25.12, 969266, 72, 0, 0
6877, 21, 123, 126, 2, 0, 0.81%, 0, 0, 11, 25.37, 969397, 72, 0, 0
6882, 21, 123, 126, 2, 0, 0.81%, 0, 0, 11, 24.83, 969523, 72, 0, 0
6887, 21, 123, 126, 2, 0, 0.81%, 0, 0, 11, 24.49, 969651, 72, 0, 0
6892, 21, 57, 126, 1, 0, 0.81%, 0, 0, 11, 25.30, 969780, 72, 0, 0
6897, 21, 57, 126, 1, 0, 0.81%, 0, 0, 11, 25.57, 969912, 72, 0, 0
6902, 21, 57, 126, 1, 0, 0.81%, 0, 0, 11, 30.82, 970083, 72, 0, 0
6907, 21, 125, 126, 1, 0, 0.81%, 0, 0, 11, 24.42, 970486, 72, 0, 0
6912, 21, 125, 126, 1, 0, 0.81%, 0, 0, 11, 57.86, 970775, 72, 0, 0
6917, 21, 125, 126, 1, 0, 0.81%, 0, 0, 11, 33.40, 970904, 72, 0, 0
6922, 21, 125, 126, 1, 0, 0.81%, 0, 0, 11, 203.13, 971129, 72, 0, 0
6928, 21, 93, 126, 0, 0, 0.81%, 0, 0, 11, 30.48, 971996, 72, 0, 0
6933, 21, 93, 126, 0, 0, 0.81%, 0, 0, 11, 20.76, 972087, 72, 0, 0
6938, 21, 17, 126, 0, 0, 0.81%, 0, 0, 11, 23.59, 972209, 72, 0, 0
6943, 21, 17, 126, 0, 0, 0.81%, 0, 0, 11, 25.76, 972341, 72, 0, 0
6948, 21, 35, 126, 0, 0, 0.81%, 0, 0, 11, 24.06, 972464, 72, 0, 0
6953, 21, 35, 126, 0, 0, 0.81%, 0, 0, 11, 23.39, 972583, 72, 0, 0
6959, 21, 35, 126, 0, 0, 0.81%, 0, 0, 11, 26.12, 972718, 72, 0, 0
6964, 21, 27, 126, 0, 0, 0.81%, 0, 0, 11, 25.38, 972849, 72, 0, 0
6969, 21, 27, 126, 0, 0, 0.81%, 0, 0, 11, 25.21, 972977, 72, 0, 0
6974, 21, 94, 126, 0, 0, 0.81%, 0, 0, 11, 25.81, 973109, 72, 0, 0
6979, 21, 94, 126, 0, 0, 0.81%, 0, 0, 11, 26.16, 973244, 72, 0, 0
6984, 21, 94, 126, 0, 0, 0.81%, 0, 0, 11, 25.86, 973373, 72, 0, 0
6989, 21, 94, 126, 0, 0, 0.81%, 0, 0, 11, 25.86, 973504, 72, 0, 0
6994, 21, 94, 126, 0, 0, 0.81%, 0, 0, 11, 25.78, 973635, 72, 0, 0
6999, 21, 94, 126, 0, 0, 0.81%, 0, 0, 11, 26.73, 973767, 72, 0, 0
7005, 21, 94, 126, 0, 0, 0.81%, 0, 0, 11, 26.38, 973903, 72, 0, 0
7010, 21, 36, 126, 0, 0, 0.81%, 0, 0, 11, 25.28, 974032, 72, 0, 0
7015, 21, 36, 126, 0, 0, 0.81%, 0, 0, 11, 25.75, 974162, 72, 0, 0
7020, 21, 36, 126, 0, 0, 0.81%, 0, 0, 11, 25.96, 974294, 72, 0, 0
7025, 21, 99, 126, 0, 0, 0.81%, 0, 0, 11, 26.14, 974429, 72, 0, 0
7030, 21, 99, 126, 0, 0, 0.81%, 0, 0, 11, 25.62, 974561, 72, 0, 0
7035, 21, 99, 126, 0, 0, 0.81%, 0, 0, 11, 23.48, 974680, 72, 0, 0
7040, 21, 99, 126, 0, 0, 0.81%, 0, 0, 11, 23.35, 974796, 72, 0, 0
7045, 21, 57, 126, 0, 0, 0.81%, 0, 0, 11, 24.84, 974927, 72, 0, 0
7050, 21, 57, 126, 0, 0, 0.81%, 0, 0, 11, 26.16, 975059, 72, 0, 0
7055, 21, 57, 126, 0, 0, 0.81%, 0, 0, 11, 26.12, 975191, 72, 0, 0
7061, 21, 57, 126, 0, 0, 0.81%, 0, 0, 11, 26.15, 975421, 72, 0, 0
7066, 21, 55, 126, 0, 0, 0.81%, 0, 0, 11, 25.43, 975581, 72, 0, 0
7071, 21, 18, 126, 0, 0, 0.81%, 0, 0, 11, 25.19, 975706, 72, 0, 0
7076, 21, 7, 126, 0, 0, 0.81%, 0, 0, 11, 24.90, 976021, 72, 0, 0
7081, 21, 7, 126, 0, 0, 0.81%, 0, 0, 11, 26.09, 976152, 72, 0, 0
7086, 21, 99, 126, 0, 0, 0.81%, 0, 0, 11, 25.15, 976280, 72, 0, 0
7091, 21, 99, 126, 0, 0, 0.81%, 0, 0, 11, 25.58, 976410, 72, 0, 0
7096, 21, 99, 126, 0, 0, 0.81%, 0, 0, 11, 25.21, 976543, 72, 0, 0
7101, 21, 99, 126, 0, 0, 0.81%, 0, 0, 11, 25.40, 976670, 72, 0, 0
7107, 21, 99, 126, 0, 0, 0.81%, 0, 0, 11, 26.19, 976806, 72, 0, 0
7112, 21, 7, 126, 0, 0, 0.81%, 0, 0, 11, 25.36, 976937, 72, 0, 0
7117, 21, 7, 126, 0, 0, 0.81%, 0, 0, 11, 25.57, 977066, 72, 0, 0
7122, 21, 32, 126, 0, 0, 0.81%, 0, 0, 11, 25.99, 977199, 72, 0, 0
7127, 21, 32, 126, 0, 0, 0.81%, 0, 0, 11, 26.49, 977337, 72, 0, 0
7132, 21, 61, 126, 0, 0, 0.81%, 0, 0, 11, 26.09, 977471, 72, 0, 0
7138, 21, 61, 126, 0, 0, 0.81%, 0, 0, 11, 26.36, 977606, 72, 0, 0
7143, 21, 61, 126, 0, 0, 0.81%, 0, 0, 11, 26.11, 977744, 72, 0, 0
7148, 21, 61, 126, 0, 0, 0.81%, 0, 0, 11, 25.15, 977871, 72, 0, 0
7153, 21, 61, 126, 0, 0, 0.81%, 0, 0, 11, 26.24, 978008, 72, 0, 0
7158, 21, 16, 126, 0, 0, 0.81%, 0, 0, 11, 25.60, 978138, 72, 0, 0
7163, 21, 16, 126, 0, 0, 0.81%, 0, 0, 11, 25.34, 978267, 72, 0, 0
7169, 21, 55, 126, 0, 0, 0.81%, 0, 0, 11, 24.82, 978394, 72, 0, 0
7174, 21, 95, 126, 0, 0, 0.81%, 0, 0, 11, 28.59, 978541, 72, 0, 0
7179, 21, 95, 126, 0, 0, 0.81%, 0, 0, 11, 28.54, 978898, 72, 0, 0
7184, 21, 18, 126, 0, 0, 0.81%, 0, 0, 11, 61.65, 979263, 72, 0, 0
7189, 21, 35, 126, 0, 0, 0.81%, 0, 0, 11, 44.08, 979692, 72, 0, 0
7194, 21, 94, 126, 0, 0, 0.81%, 0, 0, 11, 28.28, 979804, 72, 0, 0
7199, 21, 94, 126, 0, 0, 0.81%, 0, 0, 11, 28.00, 979943, 72, 0, 0
7204, 21, 94, 126, 0, 0, 0.81%, 0, 0, 11, 30.07, 980420, 72, 0, 0
7209, 21, 13, 126, 0, 0, 0.81%, 0, 0, 11, 23.20, 980913, 72, 0, 0
7215, 21, 13, 126, 0, 0, 0.81%, 0, 0, 11, 307.69, 981170, 72, 0, 0
7220, 21, 32, 126, 0, 0, 0.81%, 0, 0, 11, 28.30, 981357, 72, 0, 0
7225, 21, 10, 126, 0, 0, 0.81%, 0, 0, 11, 28.91, 981510, 72, 0, 0
7230, 21, 10, 126, 0, 0, 0.81%, 0, 0, 11, 29.80, 981659, 72, 0, 0
7235, 21, 23, 126, 0, 0, 0.81%, 0, 0, 11, 19.34, 982832, 72, 0, 0
7240, 21, 23, 126, 0, 0, 0.81%, 0, 0, 11, 19.05, 982931, 72, 0, 0
7245, 21, 23, 126, 0, 0, 0.81%, 0, 0, 11, 22.55, 983045, 72, 0, 0
7250, 21, 23, 126, 0, 0, 0.81%, 0, 0, 11, 25.17, 983175, 72, 0, 0
7255, 21, 23, 126, 0, 0, 0.81%, 0, 0, 11, 25.76, 983308, 72, 0, 0
7261, 21, 18, 126, 0, 0, 0.81%, 0, 0, 11, 25.30, 983437, 72, 0, 0
7266, 21, 18, 126, 0, 0, 0.81%, 0, 0, 11, 25.46, 983570, 72, 0, 0
7271, 21, 18, 126, 0, 0, 0.81%, 0, 0, 11, 23.80, 983688, 72, 0, 0
7276, 21, 37, 126, 0, 0, 0.81%, 0, 0, 11, 25.49, 983822, 72, 0, 0
7281, 21, 37, 126, 0, 0, 0.81%, 0, 0, 11, 25.68, 983955, 72, 0, 0
7286, 21, 47, 126, 0, 0, 0.81%, 0, 0, 11, 25.52, 984084, 72, 0, 0
7291, 21, 47, 126, 0, 0, 0.81%, 0, 0, 11, 25.49, 984214, 72, 0, 0
7296, 21, 47, 126, 0, 0, 0.81%, 0, 0, 11, 26.05, 984347, 72, 0, 0
7302, 21, 47, 126, 0, 0, 0.81%, 0, 0, 11, 26.27, 984482, 72, 0, 0
7307, 21, 11, 126, 0, 0, 0.81%, 0, 0, 11, 26.88, 984621, 72, 0, 0
7312, 21, 36, 126, 0, 0, 0.81%, 0, 0, 11, 26.73, 984760, 72, 0, 0
7317, 21, 36, 126, 0, 0, 0.81%, 0, 0, 11, 26.28, 984893, 72, 0, 0
7322, 21, 116, 126, 0, 0, 0.81%, 0, 0, 11, 25.80, 985025, 72, 0, 0
7327, 21, 116, 126, 0, 0, 0.81%, 0, 0, 11, 26.09, 985158, 72, 0, 0
7332, 21, 26, 126, 0, 0, 0.81%, 0, 0, 11, 26.39, 985293, 72, 0, 0
7337, 21, 26, 126, 0, 0, 0.81%, 0, 0, 11, 26.34, 985426, 72, 0, 0
7342, 21, 14, 126, 0, 0, 0.81%, 0, 0, 11, 25.48, 985557, 72, 0, 0
7348, 21, 14, 126, 0, 0, 0.81%, 0, 0, 11, 25.53, 985686, 72, 0, 0
7353, 21, 14, 126, 0, 0, 0.81%, 0, 0, 11, 26.29, 985825, 72, 0, 0
7358, 21, 9, 126, 0, 0, 0.81%, 0, 0, 11, 26.40, 985960, 72, 0, 0
7363, 21, 9, 126, 0, 0, 0.81%, 0, 0, 11, 26.26, 986093, 72, 0, 0
7368, 21, 45, 126, 0, 0, 0.81%, 0, 0, 11, 25.07, 986221, 72, 0, 0
7373, 21, 45, 126, 0, 0, 0.81%, 0, 0, 11, 25.44, 986348, 72, 0, 0
7378, 21, 45, 126, 0, 0, 0.81%, 0, 0, 11, 26.34, 986480, 72, 0, 0
7383, 21, 47, 126, 0, 0, 0.81%, 0, 0, 11, 184.43, 986762, 72, 0, 0
7389, 21, 47, 126, 0, 0, 0.81%, 0, 0, 11, 17.94, 987324, 72, 0, 0
7394, 21, 34, 126, 0, 0, 0.81%, 0, 0, 11, 23.51, 987452, 72, 0, 0
7399, 21, 34, 126, 0, 0, 0.81%, 0, 0, 11, 26.99, 987598, 72, 0, 0
7404, 21, 100, 126, 0, 0, 0.81%, 0, 0, 11, 26.10, 987730, 72, 0, 0
7409, 21, 100, 126, 0, 0, 0.81%, 0, 0, 11, 26.95, 987865, 72, 0, 0
7414, 21, 100, 126, 0, 0, 0.81%, 0, 0, 11, 25.94, 987995, 72, 0, 0
7419, 21, 100, 126, 0, 0, 0.81%, 0, 0, 11, 25.52, 988122, 72, 0, 0
7424, 21, 27, 126, 0, 0, 0.81%, 0, 0, 11, 25.77, 988255, 72, 0, 0
7429, 21, 27, 126, 0, 0, 0.81%, 0, 0, 11, 26.15, 988392, 72, 0, 0
7435, 21, 27, 126, 0, 0, 0.81%, 0, 0, 11, 25.43, 988522, 72, 0, 0
7440, 21, 10, 126, 0, 0, 0.81%, 0, 0, 11, 25.59, 988656, 72, 0, 0
7445, 21, 10, 126, 0, 0, 0.81%, 0, 0, 11, 25.69, 988784, 72, 0, 0
7450, 21, 45, 126, 0, 0, 0.81%, 0, 0, 11, 25.69, 988917, 72, 0, 0
7455, 21, 45, 126, 0, 0, 0.81%, 0, 0, 11, 26.07, 989052, 72, 0, 0
7460, 21, 45, 126, 0, 0, 0.81%, 0, 0, 11, 27.35, 989196, 72, 0, 0
7465, 21, 45, 126, 0, 0, 0.81%, 0, 0, 11, 25.85, 989327, 72, 0, 0
7470, 21, 10, 126, 0, 0, 0.81%, 0, 0, 11, 25.60, 989456, 72, 0, 0
7476, 21, 10, 126, 0, 0, 0.81%, 0, 0, 11, 25.71, 989587, 72, 0, 0
7481, 21, 10, 126, 0, 0, 0.81%, 0, 0, 11, 25.45, 989716, 72, 0, 0
7486, 21, 100, 126, 0, 0, 0.81%, 0, 0, 11, 26.70, 989850, 72, 0, 0
7491, 21, 100, 126, 0, 0, 0.81%, 0, 0, 11, 26.01, 989980, 72, 0, 0
7496, 21, 100, 126, 0, 0, 0.81%, 0, 0, 11, 25.79, 990109, 72, 0, 0
7501, 21, 100, 126, 0, 0, 0.81%, 0, 0, 11, 26.73, 990254, 72, 0, 0
7506, 21, 98, 126, 0, 0, 0.81%, 0, 0, 11, 25.64, 990381, 72, 0, 0
7511, 21, 9, 126, 0, 0, 0.81%, 0, 0, 11, 26.39, 990633, 72, 0, 0
7516, 21, 9, 126, 0, 0, 0.81%, 0, 0, 11, 26.49, 990766, 72, 0, 0
7521, 21, 52, 126, 0, 0, 0.81%, 0, 0, 11, 25.90, 990899, 72, 0, 0
7526, 21, 52, 126, 0, 0, 0.81%, 0, 0, 11, 25.65, 991029, 72, 0, 0
7531, 21, 45, 126, 0, 0, 0.81%, 0, 0, 11, 134.14, 991494, 72, 0, 0
7537, 21, 99, 126, 0, 0, 0.81%, 0, 0, 11, 19.79, 992225, 72, 0, 0
7542, 21, 99, 126, 0, 0, 0.81%, 0, 0, 11, 21.80, 992333, 72, 0, 0
7547, 21, 99, 126, 0, 0, 0.81%, 0, 0, 11, 25.02, 992467, 72, 0, 0
7552, 21, 99, 126, 0, 0, 0.81%, 0, 0, 11, 26.42, 992605, 72, 0, 0
7557, 21, 9, 126, 0, 0, 0.81%, 0, 0, 11, 27.73, 992745, 72, 0, 0
7562, 21, 9, 126, 0, 0, 0.81%, 0, 0, 11, 26.26, 992875, 72, 0, 0
7567, 21, 17, 126, 0, 0, 0.81%, 0, 0, 11, 25.55, 993004, 72, 0, 0
7572, 21, 17, 126, 0, 0, 0.81%, 0, 0, 11, 25.40, 993133, 72, 0, 0
7577, 21, 17, 126, 0, 0, 0.81%, 0, 0, 11, 25.75, 993262, 72, 0, 0
7583, 21, 23, 126, 0, 0, 0.81%, 0, 0, 11, 25.82, 993396, 72, 0, 0
7588, 21, 23, 126, 0, 0, 0.81%, 0, 0, 11, 25.66, 993528, 72, 0, 0
7593, 21, 51, 126, 0, 0, 0.81%, 0, 0, 11, 26.54, 993665, 72, 0, 0
7598, 21, 51, 126, 0, 0, 0.81%, 0, 0, 11, 25.74, 993797, 72, 0, 0
7603, 21, 2, 126, 0, 0, 0.81%, 0, 0, 11, 25.14, 993924, 72, 0, 0
7608, 21, 2, 126, 0, 0, 0.81%, 0, 0, 11, 25.44, 994055, 72, 0, 0
7613, 21, 111, 126, 0, 0, 0.81%, 0, 0, 11, 26.04, 994191, 72, 0, 0
7619, 21, 111, 126, 0, 0, 0.81%, 0, 0, 11, 26.03, 994328, 72, 0, 0
7624, 21, 111, 126, 0, 0, 0.81%, 0, 0, 11, 25.53, 994459, 72, 0, 0
7629, 21, 111, 126, 0, 0, 0.81%, 0, 0, 11, 25.72, 994592, 72, 0, 0
7634, 21, 111, 126, 0, 0, 0.81%, 0, 0, 11, 26.09, 994728, 72, 0, 0
7639, 21, 111, 126, 0, 0, 0.81%, 0, 0, 11, 26.04, 994861, 72, 0, 0
7644, 21, 111, 126, 0, 0, 0.81%, 0, 0, 11, 25.33, 994992, 72, 0, 0
7649, 21, 111, 126, 0, 0, 0.81%, 0, 0, 11, 25.46, 995121, 72, 0, 0
7654, 21, 111, 126, 0, 0, 0.81%, 0, 0, 11, 24.92, 995247, 72, 0, 0
7660, 21, 111, 126, 0, 0, 0.81%, 0, 0, 11, 25.81, 995377, 72, 0, 0
7665, 21, 111, 126, 0, 0, 0.81%, 0, 0, 11, 25.84, 995509, 72, 0, 0
7670, 21, 30, 126, 0, 0, 0.81%, 0, 0, 11, 26.15, 995639, 72, 0, 0
7675, 21, 30, 126, 0, 0, 0.81%, 0, 0, 11, 25.77, 995769, 72, 0, 0
7680, 21, 26, 126, 0, 0, 0.81%, 0, 0, 11, 25.39, 995899, 72, 0, 0
7685, 21, 26, 126, 0, 0, 0.81%, 0, 0, 11, 25.94, 996031, 72, 0, 0
7690, 21, 115, 126, 0, 0, 0.81%, 0, 0, 11, 26.17, 996162, 72, 0, 0
7695, 21, 115, 126, 0, 0, 0.81%, 0, 0, 11, 25.72, 996296, 72, 0, 0
7700, 21, 115, 126, 0, 0, 0.81%, 0, 0, 11, 24.59, 996418, 72, 0, 0
7705, 21, 115, 126, 0, 0, 0.81%, 0, 0, 11, 25.38, 996550, 72, 0, 0
7710, 21, 115, 126, 0, 0, 0.81%, 0, 0, 11, 24.94, 996675, 72, 0, 0
7716, 21, 115, 126, 0, 0, 0.81%, 0, 0, 11, 25.99, 996811, 72, 0, 0
7721, 21, 115, 126, 0, 0, 0.81%, 0, 0, 11, 26.29, 996947, 72, 0, 0
7726, 22, 7, 126, 0, 0, 0.81%, 0, 0, 11, 25.57, 997078, 72, 0, 0
7731, 22, 7, 126, 0, 0, 0.81%, 0, 0, 11, 25.55, 997212, 72, 0, 0
7736, 22, 99, 126, 0, 0, 0.81%, 0, 0, 11, 26.15, 997348, 72, 0, 0
7741, 22, 99, 126, 0, 0, 0.81%, 0, 0, 11, 24.51, 997473, 72, 0, 0
7747, 22, 99, 126, 0, 0, 0.81%, 0, 0, 11, 24.03, 997592, 72, 0, 0
7752, 22, 99, 126, 0, 0, 0.81%, 0, 0, 11, 24.16, 997718, 72, 0, 0
7757, 22, 99, 126, 0, 0, 0.81%, 0, 0, 11, 25.78, 997852, 72, 0, 0
7762, 22, 55, 126, 0, 0, 0.81%, 0, 0, 11, 26.49, 997987, 72, 0, 0
7767, 22, 45, 126, 0, 0, 0.81%, 0, 0, 11, 26.52, 998125, 72, 0, 0
7772, 22, 45, 126, 0, 0, 0.81%, 0, 0, 11, 26.21, 998259, 72, 0, 0
7777, 22, 45, 126, 0, 0, 0.81%, 0, 0, 11, 24.69, 998383, 72, 0, 0
7783, 22, 45, 126, 0, 0, 0.81%, 0, 0, 11, 24.26, 998507, 72, 0, 0
7788, 22, 45, 126, 0, 0, 0.81%, 0, 0, 11, 25.80, 998642, 72, 0, 0
7793, 22, 17, 126, 0, 0, 0.81%, 0, 0, 11, 25.94, 998874, 72, 0, 0
7798, 22, 17, 126, 0, 0, 0.81%, 0, 0, 11, 26.13, 999006, 72, 0, 0
7803, 22, 17, 126, 0, 0, 0.81%, 0, 0, 11, 26.43, 999141, 72, 0, 0
7808, 22, 17, 126, 0, 0, 0.81%, 0, 0, 11, 25.90, 999271, 72, 0, 0
7813, 22, 26, 126, 0, 0, 0.81%, 0, 0, 11, 23.69, 999391, 72, 0, 0
7818, 22, 26, 126, 0, 0, 0.81%, 0, 0, 11, 24.83, 999517, 72, 0, 0
7823, 22, 14, 126, 0, 0, 0.81%, 0, 0, 11, 26.49, 999652, 72, 0, 0
7828, 22, 14, 126, 0, 0, 0.81%, 0, 0, 11, 26.98, 999789, 72, 0, 0
7834, 22, 34, 126, 0, 0, 0.81%, 0, 0, 11, 26.19, 999924, 72, 0, 0
7839, 22, 34, 126, 0, 0, 0.81%, 0, 0, 11, 26.01, 1000060, 72, 0, 0
7844, 22, 78, 126, 0, 0, 0.81%, 0, 0, 11, 26.22, 1000194, 72, 0, 0
7849, 22, 78, 126, 0, 0, 0.81%, 0, 0, 11, 24.16, 1000314, 72, 0, 0
7854, 22, 2, 126, 0, 0, 0.81%, 0, 0, 11, 24.92, 1000441, 72, 0, 0
7859, 22, 2, 126, 0, 0, 0.81%, 0, 0, 11, 25.62, 1000574, 72, 0, 0
7865, 22, 13, 126, 0, 0, 0.81%, 0, 0, 11, 25.60, 1000705, 72, 0, 0
7870, 22, 13, 126, 0, 0, 0.81%, 0, 0, 11, 26.04, 1000839, 72, 0, 0
7875, 22, 19, 126, 0, 0, 0.81%, 0, 0, 11, 25.92, 1000968, 72, 0, 0
7880, 22, 19, 126, 0, 0, 0.81%, 0, 0, 11, 25.90, 1001098, 72, 0, 0
7885, 22, 51, 126, 0, 0, 0.81%, 0, 0, 11, 26.07, 1001228, 72, 0, 0
7890, 22, 51, 126, 0, 0, 0.81%, 0, 0, 11, 26.26, 1001361, 72, 0, 0
7895, 22, 51, 126, 0, 0, 0.81%, 0, 0, 11, 26.03, 1001490, 72, 0, 0
7900, 22, 19, 126, 0, 0, 0.81%, 0, 0, 11, 25.92, 1001626, 72, 0, 0
7905, 22, 19, 126, 0, 0, 0.81%, 0, 0, 11, 25.64, 1001753, 72, 0, 0
7910, 22, 118, 126, 0, 0, 0.81%, 0, 0, 11, 26.06, 1001890, 72, 0, 0
7915, 22, 118, 126, 0, 0, 0.81%, 0, 0, 11, 26.15, 1002024, 72, 0, 0
7920, 22, 118, 126, 0, 0, 0.81%, 0, 0, 11, 25.96, 1002154, 72, 0, 0
7926, 22, 118, 126, 0, 0, 0.81%, 0, 0, 11, 25.65, 1002284, 72, 0, 0
7931, 22, 118, 126, 0, 0, 0.81%, 0, 0, 11, 28.14, 1002427, 72, 0, 0
7936, 22, 99, 126, 0, 0, 0.81%, 0, 0, 11, 24.81, 1002930, 72, 0, 0
7941, 22, 19, 126, 0, 0, 0.81%, 0, 0, 11, 25.39, 1003268, 72, 0, 0
7946, 22, 18, 126, 0, 0, 0.81%, 0, 0, 11, 26.36, 1003405, 72, 0, 0
7951, 22, 18, 126, 0, 0, 0.81%, 0, 0, 11, 26.10, 1003537, 72, 0, 0
7956, 22, 47, 126, 0, 0, 0.81%, 0, 0, 11, 26.21, 1003667, 72, 0, 0
7961, 22, 47, 126, 0, 0, 0.81%, 0, 0, 11, 26.70, 1003800, 72, 0, 0
7966, 22, 47, 126, 0, 0, 0.81%, 0, 0, 11, 26.20, 1003934, 72, 0, 0
7971, 22, 47, 126, 0, 0, 0.81%, 0, 0, 11, 26.87, 1004071, 72, 0, 0
7977, 22, 47, 126, 0, 0, 0.81%, 0, 0, 11, 26.14, 1004200, 72, 0, 0
7982, 22, 16, 126, 0, 0, 0.81%, 0, 0, 11, 33.27, 1004360, 72, 0, 0
7987, 22, 32, 126, 0, 0, 0.81%, 0, 0, 11, 30.44, 1004564, 72, 0, 0
7992, 22, 35, 126, 0, 0, 0.81%, 0, 0, 11, 24.29, 1005054, 72, 0, 0
7997, 22, 47, 126, 0, 0, 0.81%, 0, 0, 11, 26.14, 1005190, 72, 0, 0
8002, 22, 37, 126, 0, 0, 0.81%, 0, 0, 11, 22.60, 1006267, 72, 0, 0
8008, 22, 37, 126, 0, 0, 0.81%, 0, 0, 11, 15.11, 1006738, 72, 0, 0
8013, 22, 11, 126, 0, 0, 0.81%, 0, 0, 11, 17.46, 1006830, 72, 0, 0
8018, 22, 27, 126, 0, 0, 0.81%, 0, 0, 11, 21.89, 1006944, 72, 0, 0
8023, 22, 27, 126, 0, 0, 0.81%, 0, 0, 11, 32.76, 1007105, 72, 0, 0
8028, 22, 26, 126, 0, 0, 0.81%, 0, 0, 11, 26.23, 1007339, 72, 0, 0
8033, 22, 26, 126, 0, 0, 0.81%, 0, 0, 11, 26.02, 1007473, 72, 0, 0
8038, 22, 26, 126, 0, 0, 0.81%, 0, 0, 11, 25.60, 1007603, 72, 0, 0
8044, 22, 45, 126, 0, 0, 0.81%, 0, 0, 11, 24.63, 1007925, 72, 0, 0
8049, 22, 45, 126, 0, 0, 0.81%, 0, 0, 11, 26.04, 1008059, 72, 0, 0
8054, 22, 45, 126, 0, 0, 0.81%, 0, 0, 11, 26.25, 1008195, 72, 0, 0
8059, 22, 45, 126, 0, 0, 0.81%, 0, 0, 11, 26.23, 1008327, 72, 0, 0
8064, 22, 45, 126, 0, 0, 0.81%, 0, 0, 11, 27.11, 1008467, 72, 0, 0
8069, 22, 51, 126, 0, 0, 0.81%, 0, 0, 11, 25.56, 1008598, 72, 0, 0
8074, 22, 51, 126, 0, 0, 0.81%, 0, 0, 11, 26.38, 1008731, 72, 0, 0
8079, 22, 98, 126, 0, 0, 0.81%, 0, 0, 11, 26.55, 1008866, 72, 0, 0
8085, 22, 30, 126, 0, 0, 0.81%, 0, 0, 11, 26.52, 1009004, 72, 0, 0
8090, 22, 30, 126, 0, 0, 0.81%, 0, 0, 11, 26.80, 1009142, 72, 0, 0
8095, 22, 47, 126, 0, 0, 0.81%, 0, 0, 11, 25.45, 1009269, 72, 0, 0
8100, 22, 47, 126, 0, 0, 0.81%, 0, 0, 11, 25.71, 1009397, 72, 0, 0
8105, 22, 47, 126, 0, 0, 0.81%, 0, 0, 11, 25.51, 1009527, 72, 0, 0
8110, 22, 47, 126, 0, 0, 0.81%, 0, 0, 11, 25.26, 1009659, 72, 0, 0
8115, 22, 47, 126, 0, 0, 0.81%, 0, 0, 11, 25.42, 1009787, 72, 0, 0
8120, 22, 36, 126, 0, 0, 0.81%, 0, 0, 11, 25.81, 1009920, 72, 0, 0
8125, 22, 36, 126, 0, 0, 0.81%, 0, 0, 11, 26.99, 1010058, 72, 0, 0
8130, 22, 19, 126, 0, 0, 0.81%, 0, 0, 11, 29.00, 1010203, 72, 0, 0
8135, 22, 19, 126, 0, 0, 0.81%, 0, 0, 11, 25.28, 1010392, 72, 0, 0
8140, 22, 13, 126, 0, 0, 0.81%, 0, 0, 11, 24.69, 1010567, 72, 0, 0
8146, 22, 13, 126, 0, 0, 0.81%, 0, 0, 11, 25.80, 1010701, 72, 0, 0
8151, 22, 13, 126, 0, 0, 0.81%, 0, 0, 11, 26.21, 1010840, 72, 0, 0
8156, 22, 13, 126, 0, 0, 0.81%, 0, 0, 11, 24.75, 1011044, 72, 0, 0
8161, 22, 16, 126, 0, 0, 0.81%, 0, 0, 11, 34.11, 1011218, 72, 0, 0
8166, 22, 16, 126, 0, 0, 0.81%, 0, 0, 11, 28.90, 1011359, 72, 0, 0
8171, 22, 19, 126, 0, 0, 0.81%, 0, 0, 11, 27.18, 1011498, 72, 0, 0
8177, 22, 121, 126, 0, 0, 0.81%, 0, 0, 11, 26.23, 1011704, 72, 0, 0
8182, 22, 121, 126, 0, 0, 0.81%, 0, 0, 11, 23.98, 1011874, 72, 0, 0
8187, 22, 121, 126, 0, 0, 0.81%, 0, 0, 11, 25.80, 1012007, 72, 0, 0
8192, 22, 121, 126, 0, 0, 0.81%, 0, 0, 11, 25.83, 1012140, 72, 0, 0
8197, 22, 121, 126, 0, 0, 0.81%, 0, 0, 11, 26.19, 1012277, 72, 0, 0
8202, 22, 121, 126, 0, 0, 0.81%, 0, 0, 11, 26.37, 1012412, 72, 0, 0
8207, 22, 121, 126, 0, 0, 0.81%, 0, 0, 11, 26.20, 1012544, 72, 0, 0
8212, 22, 121, 126, 0, 0, 0.81%, 0, 0, 11, 26.07, 1012675, 72, 0, 0
8217, 22, 121, 126, 0, 0, 0.81%, 0, 0, 11, 26.01, 1012809, 72, 0, 0
8223, 22, 121, 126, 0, 0, 0.81%, 0, 0, 11, 26.00, 1012943, 72, 0, 0
8228, 22, 54, 126, 0, 0, 0.81%, 0, 0, 11, 26.65, 1013079, 72, 0, 0
8233, 22, 45, 126, 0, 0, 0.81%, 0, 0, 11, 26.58, 1013215, 72, 0, 0
8238, 22, 45, 126, 0, 0, 0.81%, 0, 0, 11, 26.28, 1013352, 72, 0, 0
8243, 22, 45, 126, 0, 0, 0.81%, 0, 0, 11, 26.25, 1013487, 72, 0, 0
8248, 22, 45, 126, 0, 0, 0.81%, 0, 0, 11, 26.47, 1013626, 72, 0, 0
8253, 22, 58, 126, 0, 0, 0.81%, 0, 0, 11, 25.82, 1013755, 72, 0, 0
8258, 22, 58, 126, 0, 0, 0.81%, 0, 0, 11, 25.66, 1013883, 72, 0, 0
8264, 22, 58, 126, 0, 0, 0.81%, 0, 0, 11, 26.40, 1014022, 72, 0, 0
8269, 22, 58, 126, 0, 0, 0.81%, 0, 0, 11, 26.83, 1014163, 72, 0, 0
8274, 22, 58, 126, 0, 0, 0.81%, 0, 0, 11, 26.68, 1014302, 72, 0, 0
8279, 22, 34, 126, 0, 0, 0.81%, 0, 0, 11, 26.45, 1014435, 72, 0, 0
8284, 22, 34, 126, 0, 0, 0.81%, 0, 0, 11, 27.98, 1014573, 72, 0, 0
8289, 22, 23, 126, 0, 0, 0.81%, 0, 0, 11, 27.09, 1014713, 72, 0, 0
8294, 22, 23, 126, 0, 0, 0.81%, 0, 0, 11, 25.44, 1014844, 72, 0, 0
8300, 22, 94, 126, 0, 0, 0.81%, 0, 0, 11, 27.90, 1014990, 72, 0, 0
8305, 22, 94, 126, 0, 0, 0.81%, 0, 0, 11, 26.08, 1015121, 72, 0, 0
8310, 22, 94, 126, 0, 0, 0.81%, 0, 0, 11, 25.37, 1015245, 72, 0, 0
8315, 22, 94, 126, 0, 0, 0.81%, 0, 0, 11, 27.12, 1015381, 72, 0, 0
8320, 22, 94, 126, 0, 0, 0.81%, 0, 0, 11, 27.41, 1015521, 72, 0, 0
8325, 22, 94, 126, 0, 0, 0.81%, 0, 0, 11, 30.74, 1015731, 72, 0, 0
8330, 22, 23, 126, 0, 0, 0.81%, 0, 0, 11, 27.53, 1015867, 72, 0, 0
8335, 22, 23, 126, 0, 0, 0.81%, 0, 0, 11, 27.92, 1016013, 72, 0, 0
8341, 22, 83, 126, 0, 0, 0.81%, 0, 0, 11, 26.36, 1016147, 72, 0, 0
8346, 22, 83, 126, 0, 0, 0.81%, 0, 0, 11, 26.02, 1016276, 72, 0, 0
8351, 22, 35, 126, 0, 0, 0.81%, 0, 0, 11, 25.51, 1016406, 72, 0, 0
8356, 22, 35, 126, 0, 0, 0.81%, 0, 0, 11, 25.63, 1016539, 72, 0, 0
8361, 22, 16, 126, 0, 0, 0.81%, 0, 0, 11, 25.18, 1016668, 72, 0, 0
8366, 22, 16, 126, 0, 0, 0.81%, 0, 0, 11, 25.03, 1016800, 72, 0, 0
8371, 22, 38, 126, 0, 0, 0.81%, 0, 0, 11, 25.39, 1016931, 72, 0, 0
8377, 22, 26, 126, 0, 0, 0.81%, 0, 0, 11, 25.19, 1017058, 72, 0, 0
8382, 22, 26, 126, 0, 0, 0.81%, 0, 0, 11, 25.81, 1017194, 72, 0, 0
8387, 22, 30, 126, 0, 0, 0.81%, 0, 0, 11, 24.95, 1017320, 72, 0, 0
8392, 22, 30, 126, 0, 0, 0.81%, 0, 0, 11, 26.17, 1017453, 72, 0, 0
8397, 22, 18, 126, 0, 0, 0.81%, 0, 0, 11, 25.82, 1017587, 72, 0, 0
8402, 22, 18, 126, 0, 0, 0.81%, 0, 0, 11, 25.34, 1017713, 72, 0, 0
8407, 22, 18, 126, 0, 0, 0.81%, 0, 0, 11, 25.83, 1017845, 72, 0, 0
8412, 22, 57, 126, 0, 0, 0.81%, 0, 0, 11, 27.42, 1017989, 72, 0, 0
8418, 22, 57, 126, 0, 0, 0.81%, 0, 0, 11, 27.20, 1018129, 72, 0, 0
8423, 22, 57, 126, 0, 0, 0.81%, 0, 0, 11, 26.92, 1018266, 72, 0, 0
8428, 22, 57, 126, 0, 0, 0.81%, 0, 0, 11, 25.80, 1018393, 72, 0, 0
8433, 22, 27, 126, 0, 0, 0.81%, 0, 0, 11, 24.84, 1018521, 72, 0, 0
8438, 22, 27, 126, 0, 0, 0.81%, 0, 0, 11, 24.05, 1018646, 72, 0, 0
8443, 22, 17, 126, 0, 0, 0.81%, 0, 0, 11, 23.44, 1018763, 72, 0, 0
8448, 22, 17, 126, 0, 0, 0.81%, 0, 0, 11, 25.58, 1018897, 72, 0, 0
8453, 22, 17, 126, 0, 0, 0.81%, 0, 0, 11, 25.60, 1019031, 72, 0, 0
8459, 22, 10, 126, 0, 0, 0.81%, 0, 0, 11, 25.47, 1019162, 72, 0, 0
8464, 22, 10, 126, 0, 0, 0.81%, 0, 0, 11, 26.34, 1019298, 72, 0, 0
8469, 22, 7, 126, 0, 0, 0.81%, 0, 0, 11, 25.66, 1019430, 72, 0, 0
8474, 22, 7, 126, 0, 0, 0.81%, 0, 0, 11, 26.39, 1019568, 72, 0, 0
8479, 22, 47, 126, 0, 0, 0.81%, 0, 0, 11, 26.10, 1019703, 72, 0, 0
8484, 22, 47, 126, 0, 0, 0.81%, 0, 0, 11, 25.91, 1019837, 72, 0, 0
8489, 22, 47, 126, 0, 0, 0.81%, 0, 0, 11, 26.23, 1019972, 72, 0, 0
8494, 22, 47, 126, 0, 0, 0.81%, 0, 0, 11, 25.79, 1020102, 72, 0, 0
8500, 22, 47, 126, 0, 0, 0.81%, 0, 0, 11, 24.96, 1020229, 72, 0, 0
8505, 22, 23, 126, 0, 0, 0.81%, 0, 0, 11, 25.53, 1020363, 72, 0, 0
8510, 22, 23, 126, 0, 0, 0.81%, 0, 0, 11, 25.72, 1020495, 72, 0, 0
8515, 22, 34, 126, 0, 0, 0.81%, 0, 0, 11, 26.88, 1020708, 72, 0, 0
8520, 22, 34, 126, 0, 0, 0.81%, 0, 0, 11, 26.10, 1020837, 72, 0, 0
8525, 22, 26, 126, 0, 0, 0.81%, 0, 0, 11, 25.61, 1020968, 72, 0, 0
8530, 22, 26, 126, 0, 0, 0.81%, 0, 0, 11, 25.82, 1021099, 72, 0, 0
8535, 22, 27, 126, 0, 0, 0.81%, 0, 0, 11, 25.94, 1021230, 72, 0, 0
8540, 22, 27, 126, 0, 0, 0.81%, 0, 0, 11, 26.24, 1021366, 72, 0, 0
8546, 22, 37, 126, 0, 0, 0.81%, 0, 0, 11, 25.54, 1021500, 72, 0, 0
8551, 22, 37, 126, 0, 0, 0.81%, 0, 0, 11, 25.64, 1021629, 72, 0, 0
8556, 22, 26, 126, 0, 0, 0.81%, 0, 0, 11, 25.59, 1021758, 72, 0, 0
8561, 22, 26, 126, 0, 0, 0.81%, 0, 0, 11, 25.07, 1021884, 72, 0, 0
8566, 22, 26, 126, 0, 0, 0.81%, 0, 0, 11, 25.06, 1022013, 72, 0, 0
8571, 22, 34, 126, 0, 0, 0.81%, 0, 0, 11, 25.76, 1022182, 72, 0, 0
8576, 22, 34, 126, 0, 0, 0.81%, 0, 0, 11, 25.99, 1022312, 72, 0, 0
8581, 22, 55, 126, 0, 0, 0.81%, 0, 0, 11, 26.77, 1022448, 72, 0, 0
8586, 22, 111, 126, 0, 0, 0.81%, 0, 0, 11, 26.41, 1022583, 72, 0, 0
8591, 22, 111, 126, 0, 0, 0.81%, 0, 0, 11, 26.29, 1022715, 72, 0, 0
8597, 22, 111, 126, 0, 0, 0.81%, 0, 0, 11, 200.87, 1022890, 72, 0, 0
8602, 22, 111, 126, 0, 0, 0.81%, 0, 0, 11, 25.72, 1023023, 72, 0, 0
8607, 22, 111, 126, 0, 0, 0.81%, 0, 0, 11, 24.79, 1023151, 72, 0, 0
8612, 22, 111, 126, 0, 0, 0.81%, 0, 0, 11, 25.27, 1023276, 72, 0, 0
8617, 22, 111, 126, 0, 0, 0.81%, 0, 0, 11, 26.55, 1023418, 72, 0, 0
8622, 22, 111, 126, 0, 0, 0.81%, 0, 0, 11, 25.74, 1023553, 72, 0, 0
8627, 22, 111, 126, 0, 0, 0.81%, 0, 0, 11, 24.88, 1023677, 72, 0, 0
8633, 22, 111, 126, 0, 0, 0.81%, 0, 0, 11, 25.30, 1023807, 72, 0, 0
8638, 22, 26, 126, 0, 0, 0.81%, 0, 0, 11, 24.23, 1023933, 72, 0, 0
8643, 22, 26, 126, 0, 0, 0.81%, 0, 0, 11, 26.01, 1024069, 72, 0, 0
8648, 22, 26, 126, 0, 0, 0.81%, 0, 0, 11, 26.32, 1024207, 72, 0, 0
8653, 22, 30, 126, 0, 0, 0.81%, 0, 0, 11, 25.10, 1024333, 72, 0, 0
8658, 22, 30, 126, 0, 0, 0.81%, 0, 0, 11, 25.85, 1024467, 72, 0, 0
8663, 22, 7, 126, 0, 0, 0.81%, 0, 0, 11, 25.99, 1024599, 72, 0, 0
8669, 22, 7, 126, 0, 0, 0.81%, 0, 0, 11, 26.58, 1024738, 72, 0, 0
8674, 22, 19, 126, 0, 0, 0.81%, 0, 0, 11, 25.25, 1024864, 72, 0, 0
8679, 22, 19, 126, 0, 0, 0.81%, 0, 0, 11, 24.76, 1024990, 72, 0, 0
8684, 22, 19, 126, 0, 0, 0.81%, 0, 0, 11, 24.84, 1025120, 72, 0, 0
8689, 22, 52, 126, 0, 0, 0.81%, 0, 0, 11, 25.33, 1025247, 72, 0, 0
8694, 22, 52, 126, 0, 0, 0.81%, 0, 0, 11, 26.15, 1025381, 72, 0, 0
8699, 22, 45, 126, 0, 0, 0.81%, 0, 0, 11, 26.21, 1025514, 72, 0, 0
8704, 22, 45, 126, 0, 0, 0.81%, 0, 0, 11, 24.48, 1025639, 72, 0, 0
8709, 22, 45, 126, 0, 0, 0.81%, 0, 0, 11, 25.33, 1025767, 72, 0, 0
8715, 22, 45, 126, 0, 0, 0.81%, 0, 0, 11, 25.86, 1025900, 72, 0, 0
8720, 22, 45, 126, 0, 0, 0.81%, 0, 0, 11, 25.90, 1026030, 72, 0, 0
8725, 22, 51, 126, 0, 0, 0.81%, 0, 0, 11, 25.57, 1026162, 72, 0, 0
8730, 22, 51, 126, 0, 0, 0.81%, 0, 0, 11, 24.67, 1026289, 72, 0, 0
8735, 22, 51, 126, 0, 0, 0.81%, 0, 0, 11, 25.98, 1026423, 72, 0, 0
8740, 22, 7, 126, 0, 0, 0.81%, 0, 0, 11, 25.75, 1026552, 72, 0, 0
8745, 22, 7, 126, 0, 0, 0.81%, 0, 0, 11, 26.06, 1026683, 72, 0, 0
8750, 22, 18, 126, 0, 0, 0.81%, 0, 0, 11, 25.72, 1026816, 72, 0, 0
8755, 22, 18, 126, 0, 0, 0.81%, 0, 0, 11, 26.48, 1026953, 72, 0, 0
8760, 22, 122, 126, 0, 0, 0.81%, 0, 0, 11, 26.77, 1027088, 72, 0, 0
8766, 22, 122, 126, 0, 0, 0.81%, 0, 0, 11, 25.85, 1027218, 72, 0, 0
8771, 22, 122, 126, 0, 0, 0.81%, 0, 0, 11, 25.73, 1027349, 72, 0, 0
8776, 22, 122, 126, 0, 0, 0.81%, 0, 0, 11, 25.96, 1027483, 72, 0, 0
8781, 22, 122, 126, 0, 0, 0.81%, 0, 0, 11, 25.93, 1027618, 72, 0, 0
8786, 22, 122, 126, 0, 0, 0.81%, 0, 0, 11, 25.40, 1027749, 72, 0, 0
8791, 22, 122, 126, 0, 0, 0.81%, 0, 0, 11, 27.14, 1027890, 72, 0, 0
8796, 22, 122, 126, 0, 0, 0.81%, 0, 0, 11, 26.63, 1028024, 72, 0, 0
8801, 22, 122, 126, 0, 0, 0.81%, 0, 0, 11, 25.86, 1028152, 72, 0, 0
8806, 22, 122, 126, 0, 0, 0.81%, 0, 0, 11, 25.63, 1028287, 72, 0, 0
8812, 22, 16, 126, 0, 0, 0.81%, 0, 0, 11, 25.59, 1028416, 72, 0, 0
8817, 22, 16, 126, 0, 0, 0.81%, 0, 0, 11, 25.78, 1028548, 72, 0, 0
8822, 22, 7, 126, 0, 0, 0.81%, 0, 0, 11, 26.02, 1028682, 72, 0, 0
8827, 22, 7, 126, 0, 0, 0.81%, 0, 0, 11, 26.24, 1028814, 72, 0, 0
8832, 22, 7, 126, 0, 0, 0.81%, 0, 0, 11, 26.35, 1028948, 72, 0, 0
8837, 22, 20, 126, 0, 0, 0.81%, 0, 0, 11, 26.36, 1029084, 72, 0, 0
8842, 22, 34, 126, 0, 0, 0.81%, 0, 0, 11, 26.04, 1029220, 72, 0, 0
8847, 22, 34, 126, 0, 0, 0.81%, 0, 0, 11, 25.54, 1029352, 72, 0, 0
8853, 22, 13, 126, 0, 0, 0.81%, 0, 0, 11, 25.35, 1029481, 72, 0, 0
8858, 22, 13, 126, 0, 0, 0.81%, 0, 0, 11, 25.41, 1029610, 72, 0, 0
8863, 22, 34, 126, 0, 0, 0.81%, 0, 0, 11, 24.40, 1029813, 72, 0, 0
8868, 22, 34, 126, 0, 0, 0.81%, 0, 0, 11, 25.11, 1029944, 72, 0, 0
8873, 22, 99, 126, 0, 0, 0.81%, 0, 0, 11, 25.26, 1030071, 72, 0, 0
8878, 22, 99, 126, 0, 0, 0.81%, 0, 0, 11, 25.88, 1030202, 72, 0, 0
8883, 22, 99, 126, 0, 0, 0.81%, 0, 0, 11, 26.35, 1030340, 72, 0, 0
8888, 22, 99, 126, 0, 0, 0.81%, 0, 0, 11, 26.45, 1030477, 72, 0, 0
8893, 22, 99, 126, 0, 0, 0.81%, 0, 0, 11, 24.94, 1030603, 72, 0, 0
8899, 22, 23, 126, 0, 0, 0.81%, 0, 0, 11, 24.49, 1030722, 72, 0, 0
8904, 22, 23, 126, 0, 0, 0.81%, 0, 0, 11, 25.60, 1030853, 72, 0, 0
8909, 22, 98, 126, 0, 0, 0.81%, 0, 0, 11, 26.23, 1030988, 72, 0, 0
8914, 22, 38, 126, 0, 0, 0.81%, 0, 0, 11, 25.65, 1031122, 72, 0, 0
8919, 22, 45, 126, 0, 0, 0.81%, 0, 0, 11, 26.33, 1031258, 72, 0, 0
8924, 22, 45, 126, 0, 0, 0.81%, 0, 0, 11, 26.17, 1031394, 72, 0, 0
8929, 22, 45, 126, 0, 0, 0.81%, 0, 0, 11, 26.19, 1031531, 72, 0, 0
8935, 22, 45, 126, 0, 0, 0.81%, 0, 0, 11, 26.74, 1031669, 72, 0, 0
8940, 22, 45, 126, 0, 0, 0.81%, 0, 0, 11, 25.86, 1031801, 72, 0, 0
8945, 22, 47, 126, 0, 0, 0.81%, 0, 0, 11, 25.46, 1031931, 72, 0, 0
8950, 22, 47, 126, 0, 0, 0.81%, 0, 0, 11, 26.43, 1032064, 72, 0, 0
8955, 22, 47, 126, 0, 0, 0.81%, 0, 0, 11, 25.78, 1032196, 72, 0, 0
8960, 22, 47, 126, 0, 0, 0.81%, 0, 0, 11, 26.68, 1032337, 72, 0, 0
8966, 22, 19, 126, 0, 0, 0.81%, 0, 0, 11, 26.81, 1032474, 72, 0, 0
8971, 22, 19, 126, 0, 0, 0.81%, 0, 0, 11, 26.81, 1032613, 72, 0, 0
8976, 22, 23, 126, 0, 0, 0.81%, 0, 0, 11, 26.24, 1032747, 72, 0, 0
8981, 22, 23, 126, 0, 0, 0.81%, 0, 0, 11, 26.11, 1032882, 72, 0, 0
8986, 22, 23, 126, 0, 0, 0.81%, 0, 0, 11, 26.13, 1033017, 72, 0, 0
8991, 22, 61, 126, 0, 0, 0.81%, 0, 0, 11, 26.43, 1033153, 72, 0, 0
8997, 22, 61, 126, 0, 0, 0.81%, 0, 0, 11, 25.64, 1033282, 72, 0, 0
9002, 22, 61, 126, 0, 0, 0.81%, 0, 0, 11, 25.82, 1033411, 72, 0, 0
9007, 22, 61, 126, 0, 0, 0.81%, 0, 0, 11, 25.58, 1033544, 72, 0, 0
9012, 22, 100, 126, 0, 0, 0.81%, 0, 0, 11, 25.20, 1033674, 72, 0, 0
9017, 22, 100, 126, 0, 0, 0.81%, 0, 0, 11, 25.38, 1033802, 72, 0, 0
9022, 22, 100, 126, 0, 0, 0.81%, 0, 0, 11, 25.87, 1033934, 72, 0, 0
9027, 22, 100, 126, 0, 0, 0.81%, 0, 0, 11, 25.61, 1034062, 72, 0, 0
9032, 22, 100, 126, 0, 0, 0.81%, 0, 0, 11, 25.14, 1034192, 72, 0, 0
9037, 22, 98, 126, 0, 0, 0.81%, 0, 0, 11, 25.34, 1034323, 72, 0, 0
9042, 22, 83, 126, 0, 0, 0.81%, 0, 0, 11, 25.72, 1034455, 72, 0, 0
9048, 22, 16, 126, 0, 0, 0.81%, 0, 0, 11, 25.78, 1034588, 72, 0, 0
9053, 22, 16, 126, 0, 0, 0.81%, 0, 0, 11, 25.93, 1034720, 72, 0, 0
9058, 22, 45, 126, 0, 0, 0.81%, 0, 0, 11, 25.48, 1034849, 72, 0, 0
9063, 22, 45, 126, 0, 0, 0.81%, 0, 0, 11, 24.87, 1034978, 72, 0, 0
9068, 22, 45, 126, 0, 0, 0.81%, 0, 0, 11, 24.74, 1035103, 72, 0, 0
9073, 22, 45, 126, 0, 0, 0.81%, 0, 0, 11, 25.35, 1035231, 72, 0, 0
9078, 22, 45, 126, 0, 0, 0.81%, 0, 0, 11, 26.16, 1035363, 72, 0, 0
9083, 22, 55, 126, 0, 0, 0.81%, 0, 0, 11, 25.94, 1035495, 72, 0, 0
9088, 22, 57, 126, 0, 0, 0.81%, 0, 0, 11, 27.66, 1035651, 72, 0, 0
9093, 22, 57, 126, 0, 0, 0.81%, 0, 0, 11, 26.20, 1035782, 72, 0, 0
9099, 22, 14, 126, 0, 0, 0.81%, 0, 0, 11, 26.62, 1036401, 72, 0, 0
9104, 22, 21, 126, 0, 0, 0.81%, 0, 0, 11, 26.88, 1036609, 72, 0, 0
9109, 22, 21, 126, 0, 0, 0.81%, 0, 0, 11, 29.38, 1036765, 72, 0, 0
9114, 22, 58, 126, 0, 0, 0.81%, 0, 0, 11, 29.10, 1036912, 72, 0, 0
9119, 22, 58, 126, 0, 0, 0.81%, 0, 0, 11, 24.58, 1037098, 72, 0, 0
9124, 22, 58, 126, 0, 0, 0.81%, 0, 0, 11, 26.79, 1037239, 72, 0, 0
9129, 22, 58, 126, 0, 0, 0.81%, 0, 0, 11, 25.89, 1037368, 72, 0, 0
9134, 22, 27, 126, 0, 0, 0.81%, 0, 0, 11, 30.11, 1037606, 72, 0, 0
9140, 22, 27, 126, 0, 0, 0.81%, 0, 0, 11, 28.55, 1037784, 72, 0, 0
9145, 22, 52, 126, 0, 0, 0.81%, 0, 0, 11, 275.00, 1038009, 72, 0, 0
9150, 22, 107, 126, 0, 0, 0.81%, 0, 0, 11, 23.92, 1038529, 72, 0, 0
9155, 22, 107, 126, 0, 0, 0.81%, 0, 0, 11, 25.11, 1038662, 72, 0, 0
9160, 22, 107, 126, 0, 0, 0.81%, 0, 0, 11, 25.94, 1038794, 72, 0, 0
9165, 22, 107, 126, 0, 0, 0.81%, 0, 0, 11, 25.28, 1038925, 72, 0, 0
9170, 22, 27, 126, 0, 0, 0.81%, 0, 0, 11, 24.31, 1039049, 72, 0, 0
9176, 22, 27, 126, 0, 0, 0.81%, 0, 0, 11, 25.33, 1039181, 72, 0, 0
9181, 22, 111, 126, 0, 0, 0.81%, 0, 0, 11, 26.18, 1039313, 72, 0, 0
9186, 22, 111, 126, 0, 0, 0.81%, 0, 0, 11, 25.43, 1039447, 72, 0, 0
9191, 22, 111, 126, 0, 0, 0.81%, 0, 0, 11, 25.31, 1039578, 72, 0, 0
9196, 22, 111, 126, 0, 0, 0.81%, 0, 0, 11, 25.38, 1039707, 72, 0, 0
9201, 22, 111, 126, 0, 0, 0.81%, 0, 0, 11, 25.83, 1039840, 72, 0, 0
9206, 22, 111, 126, 0, 0, 0.81%, 0, 0, 11, 25.50, 1039968, 72, 0, 0
9211, 22, 111, 126, 0, 0, 0.81%, 0, 0, 11, 26.71, 1040104, 72, 0, 0
9216, 22, 111, 126, 0, 0, 0.81%, 0, 0, 11, 26.44, 1040237, 72, 0, 0
9221, 22, 111, 126, 0, 0, 0.81%, 0, 0, 11, 26.01, 1040370, 72, 0, 0
9227, 22, 111, 126, 0, 0, 0.81%, 0, 0, 11, 26.35, 1040505, 72, 0, 0
9232, 22, 35, 126, 0, 0, 0.81%, 0, 0, 11, 25.80, 1040640, 72, 0, 0
9237, 22, 35, 126, 0, 0, 0.81%, 0, 0, 11, 25.88, 1040775, 72, 0, 0
9242, 22, 35, 126, 0, 0, 0.81%, 0, 0, 11, 25.94, 1040903, 72, 0, 0
9247, 23, 35, 126, 0, 0, 0.81%, 0, 0, 11, 26.29, 1041035, 72, 0, 0
9252, 23, 35, 126, 0, 0, 0.81%, 0, 0, 11, 25.36, 1041163, 72, 0, 0
9257, 23, 111, 126, 0, 0, 0.81%, 0, 0, 11, 23.27, 1041275, 72, 0, 0
9262, 23, 111, 126, 0, 0, 0.81%, 0, 0, 11, 25.36, 1041407, 72, 0, 0
9267, 23, 111, 126, 0, 0, 0.81%, 0, 0, 11, 24.44, 1041529, 72, 0, 0
9272, 23, 111, 126, 0, 0, 0.81%, 0, 0, 11, 23.60, 1041646, 72, 0, 0
9277, 23, 111, 126, 0, 0, 0.81%, 0, 0, 11, 25.64, 1041778, 72, 0, 0
9283, 23, 111, 126, 0, 0, 0.81%, 0, 0, 11, 26.39, 1041915, 72, 0, 0
9288, 23, 111, 126, 0, 0, 0.81%, 0, 0, 11, 25.06, 1042043, 72, 0, 0
9293, 23, 111, 126, 0, 0, 0.81%, 0, 0, 11, 266.01, 1042288, 72, 0, 0
9298, 23, 111, 126, 0, 0, 0.81%, 0, 0, 11, 25.74, 1042474, 72, 0, 0
9303, 23, 21, 126, 0, 0, 0.81%, 0, 0, 11, 25.97, 1042606, 72, 0, 0
9308, 23, 21, 126, 0, 0, 0.81%, 0, 0, 11, 25.55, 1042739, 72, 0, 0
9313, 23, 21, 126, 0, 0, 0.81%, 0, 0, 11, 26.04, 1042876, 72, 0, 0
9319, 23, 35, 126, 0, 0, 0.81%, 0, 0, 11, 25.58, 1043009, 72, 0, 0
9324, 23, 35, 126, 0, 0, 0.81%, 0, 0, 11, 25.50, 1043137, 72, 0, 0
9329, 23, 18, 126, 0, 0, 0.81%, 0, 0, 11, 27.16, 1043282, 72, 0, 0
9334, 23, 18, 126, 0, 0, 0.81%, 0, 0, 11, 26.04, 1043414, 72, 0, 0
9339, 23, 36, 126, 0, 0, 0.81%, 0, 0, 11, 26.34, 1043547, 72, 0, 0
9344, 23, 36, 126, 0, 0, 0.81%, 0, 0, 11, 25.89, 1043681, 72, 0, 0
9349, 23, 55, 126, 0, 0, 0.81%, 0, 0, 11, 26.11, 1043813, 72, 0, 0
9354, 23, 32, 126, 0, 0, 0.81%, 0, 0, 11, 24.38, 1043934, 72, 0, 0
9359, 23, 32, 126, 0, 0, 0.81%, 0, 0, 11, 24.46, 1044061, 72, 0, 0
9364, 23, 32, 126, 0, 0, 0.81%, 0, 0, 11, 25.47, 1044190, 72, 0, 0
9370, 23, 47, 126, 0, 0, 0.81%, 0, 0, 11, 25.75, 1044323, 72, 0, 0
9375, 23, 47, 126, 0, 0, 0.81%, 0, 0, 11, 25.97, 1044457, 72, 0, 0
9380, 23, 47, 126, 0, 0, 0.81%, 0, 0, 11, 26.44, 1044590, 72, 0, 0
9385, 23, 47, 126, 0, 0, 0.81%, 0, 0, 11, 26.52, 1044728, 72, 0, 0
9390, 23, 13, 126, 0, 0, 0.81%, 0, 0, 11, 25.76, 1044859, 72, 0, 0
9395, 23, 13, 126, 0, 0, 0.81%, 0, 0, 11, 27.82, 1045002, 72, 0, 0
9400, 23, 38, 126, 0, 0, 0.81%, 0, 0, 11, 27.23, 1045142, 72, 0, 0
9406, 23, 117, 126, 0, 0, 0.81%, 0, 0, 11, 26.01, 1045273, 72, 0, 0
9411, 23, 117, 126, 0, 0, 0.81%, 0, 0, 11, 25.63, 1045401, 72, 0, 0
9416, 23, 117, 126, 0, 0, 0.81%, 0, 0, 11, 25.62, 1045530, 72, 0, 0
9421, 23, 117, 126, 0, 0, 0.81%, 0, 0, 11, 25.65, 1045665, 72, 0, 0
9426, 23, 117, 126, 0, 0, 0.81%, 0, 0, 11, 25.73, 1045797, 72, 0, 0
9431, 23, 117, 126, 0, 0, 0.81%, 0, 0, 11, 25.89, 1045930, 72, 0, 0
9436, 23, 117, 126, 0, 0, 0.81%, 0, 0, 11, 26.24, 1046063, 72, 0, 0
9441, 23, 55, 126, 0, 0, 0.81%, 0, 0, 11, 25.89, 1046198, 72, 0, 0
9447, 23, 32, 126, 0, 0, 0.81%, 0, 0, 11, 25.59, 1046329, 72, 0, 0
9452, 23, 32, 126, 0, 0, 0.81%, 0, 0, 11, 26.47, 1046467, 72, 0, 0
9457, 23, 32, 126, 0, 0, 0.81%, 0, 0, 11, 25.85, 1046600, 72, 0, 0
9462, 23, 27, 126, 0, 0, 0.81%, 0, 0, 11, 25.54, 1046733, 72, 0, 0
9467, 23, 27, 126, 0, 0, 0.81%, 0, 0, 11, 25.59, 1046863, 72, 0, 0
9472, 23, 34, 126, 0, 0, 0.81%, 0, 0, 11, 25.27, 1046989, 72, 0, 0
9478, 23, 34, 126, 0, 0, 0.81%, 0, 0, 11, 25.58, 1047122, 72, 0, 0
9483, 23, 100, 126, 0, 0, 0.81%, 0, 0, 11, 25.52, 1047253, 72, 0, 0
9488, 23, 100, 126, 0, 0, 0.81%, 0, 0, 11, 25.70, 1047384, 72, 0, 0
9493, 23, 100, 126, 0, 0, 0.81%, 0, 0, 11, 26.05, 1047519, 72, 0, 0
9498, 23, 100, 126, 0, 0, 0.81%, 0, 0, 11, 25.34, 1047646, 72, 0, 0
9503, 23, 100, 126, 0, 0, 0.81%, 0, 0, 11, 25.80, 1047780, 72, 0, 0
9508, 23, 45, 126, 0, 0, 0.81%, 0, 0, 11, 26.21, 1047911, 72, 0, 0
9513, 23, 45, 126, 0, 0, 0.81%, 0, 0, 11, 26.26, 1048045, 72, 0, 0
9518, 23, 45, 126, 0, 0, 0.81%, 0, 0, 11, 25.06, 1048170, 72, 0, 0
9523, 23, 45, 126, 0, 0, 0.81%, 0, 0, 11, 24.47, 1048293, 72, 0, 0
9529, 23, 58, 126, 0, 0, 0.81%, 0, 0, 11, 25.73, 1048429, 72, 0, 0
9534, 23, 58, 126, 0, 0, 0.81%, 0, 0, 11, 25.91, 1048566, 72, 0, 0
9539, 23, 58, 126, 0, 0, 0.81%, 0, 0, 11, 25.84, 1048696, 72, 0, 0
9544, 23, 58, 126, 0, 0, 0.81%, 0, 0, 11, 26.40, 1048831, 72, 0, 0
9549, 23, 58, 126, 0, 0, 0.81%, 0, 0, 11, 26.64, 1048966, 72, 0, 0
9554, 23, 23, 126, 0, 0, 0.81%, 0, 0, 11, 26.52, 1049100, 72, 0, 0
9559, 23, 23, 126, 0, 0, 0.81%, 0, 0, 11, 26.22, 1049233, 72, 0, 0
9564, 23, 43, 126, 0, 0, 0.81%, 0, 0, 11, 26.80, 1049372, 72, 0, 0
9570, 23, 26, 126, 0, 0, 0.81%, 0, 0, 11, 26.43, 1049508, 72, 0, 0
9575, 23, 26, 126, 0, 0, 0.81%, 0, 0, 11, 25.46, 1049639, 72, 0, 0
9580, 23, 27, 126, 0, 0, 0.81%, 0, 0, 11, 25.75, 1049771, 72, 0, 0
9585, 23, 27, 126, 0, 0, 0.81%, 0, 0, 11, 25.03, 1049899, 72, 0, 0
9590, 23, 58, 126, 0, 0, 0.81%, 0, 0, 11, 25.54, 1050033, 72, 0, 0
9595, 23, 58, 126, 0, 0, 0.81%, 0, 0, 11, 25.68, 1050167, 72, 0, 0
9601, 23, 58, 126, 0, 0, 0.81%, 0, 0, 11, 25.78, 1050300, 72, 0, 0
9606, 23, 58, 126, 0, 0, 0.81%, 0, 0, 11, 26.00, 1050436, 72, 0, 0
9611, 23, 58, 126, 0, 0, 0.81%, 0, 0, 11, 26.27, 1050573, 72, 0, 0
9616, 23, 16, 126, 0, 0, 0.81%, 0, 0, 11, 31.05, 1050737, 72, 0, 0
9621, 23, 16, 126, 0, 0, 0.81%, 0, 0, 11, 26.82, 1050865, 72, 0, 0
9626, 23, 17, 126, 0, 0, 0.81%, 0, 0, 11, 26.40, 1050995, 72, 0, 0
9631, 23, 17, 126, 0, 0, 0.81%, 0, 0, 11, 26.22, 1051131, 72, 0, 0
9637, 23, 11, 126, 0, 0, 0.81%, 0, 0, 11, 26.15, 1051262, 72, 0, 0
9642, 23, 23, 126, 0, 0, 0.81%, 0, 0, 11, 26.52, 1051399, 72, 0, 0
9647, 23, 23, 126, 0, 0, 0.81%, 0, 0, 11, 27.63, 1051540, 72, 0, 0
9652, 23, 13, 126, 0, 0, 0.81%, 0, 0, 11, 26.21, 1051674, 72, 0, 0
9657, 23, 13, 126, 0, 0, 0.81%, 0, 0, 11, 25.54, 1051805, 72, 0, 0
9662, 23, 47, 126, 0, 0, 0.81%, 0, 0, 11, 25.99, 1051939, 72, 0, 0
9667, 23, 47, 126, 0, 0, 0.81%, 0, 0, 11, 25.83, 1052071, 72, 0, 0
9673, 23, 47, 126, 0, 0, 0.81%, 0, 0, 11, 25.65, 1052200, 72, 0, 0
9678, 23, 47, 126, 0, 0, 0.81%, 0, 0, 11, 25.19, 1052327, 72, 0, 0
9683, 23, 47, 126, 0, 0, 0.81%, 0, 0, 11, 26.09, 1052459, 72, 0, 0
9688, 23, 100, 126, 0, 0, 0.81%, 0, 0, 11, 26.02, 1052594, 72, 0, 0
9693, 23, 100, 126, 0, 0, 0.81%, 0, 0, 11, 25.78, 1052727, 72, 0, 0
9698, 23, 100, 126, 0, 0, 0.81%, 0, 0, 11, 25.78, 1052860, 72, 0, 0
9703, 23, 100, 126, 0, 0, 0.81%, 0, 0, 11, 25.44, 1052990, 72, 0, 0
9708, 23, 7, 126, 0, 0, 0.81%, 0, 0, 11, 25.56, 1053119, 72, 0, 0
9713, 23, 7, 126, 0, 0, 0.81%, 0, 0, 11, 25.44, 1053247, 72, 0, 0
9719, 23, 38, 126, 0, 0, 0.81%, 0, 0, 11, 25.76, 1053378, 72, 0, 0
9724, 23, 7, 126, 0, 0, 0.81%, 0, 0, 11, 25.72, 1053510, 72, 0, 0
9729, 23, 7, 126, 0, 0, 0.81%, 0, 0, 11, 25.84, 1053640, 72, 0, 0
9734, 23, 52, 126, 0, 0, 0.81%, 0, 0, 11, 25.99, 1053772, 72, 0, 0
9739, 23, 52, 126, 0, 0, 0.81%, 0, 0, 11, 26.50, 1053906, 72, 0, 0
9744, 23, 45, 126, 0, 0, 0.81%, 0, 0, 11, 26.48, 1054042, 72, 0, 0
9749, 23, 45, 126, 0, 0, 0.81%, 0, 0, 11, 25.67, 1054170, 72, 0, 0
9754, 23, 45, 126, 0, 0, 0.81%, 0, 0, 11, 25.94, 1054304, 72, 0, 0
9759, 23, 45, 126, 0, 0, 0.81%, 0, 0, 11, 25.25, 1054433, 72, 0, 0
9765, 23, 45, 126, 0, 0, 0.81%, 0, 0, 11, 24.65, 1054560, 72, 0, 0
9770, 23, 34, 126, 0, 0, 0.81%, 0, 0, 11, 25.21, 1054691, 72, 0, 0
9775, 23, 34, 126, 0, 0, 0.81%, 0, 0, 11, 25.50, 1054827, 72, 0, 0
9780, 23, 57, 126, 0, 0, 0.81%, 0, 0, 11, 24.17, 1054948, 72, 0, 0
9785, 23, 57, 126, 0, 0, 0.81%, 0, 0, 11, 25.18, 1055075, 72, 0, 0
9790, 23, 57, 126, 0, 0, 0.81%, 0, 0, 11, 25.45, 1055208, 72, 0, 0
9795, 23, 57, 126, 0, 0, 0.81%, 0, 0, 11, 25.57, 1055340, 72, 0, 0
9800, 23, 57, 126, 0, 0, 0.81%, 0, 0, 11, 25.05, 1055468, 72, 0, 0
9806, 23, 99, 126, 0, 0, 0.81%, 0, 0, 11, 26.27, 1055601, 72, 0, 0
9811, 23, 99, 126, 0, 0, 0.81%, 0, 0, 11, 26.45, 1055735, 72, 0, 0
9816, 23, 99, 126, 0, 0, 0.81%, 0, 0, 11, 25.11, 1055864, 72, 0, 0
9821, 23, 99, 126, 0, 0, 0.81%, 0, 0, 11, 25.92, 1055994, 72, 0, 0
9826, 23, 35, 126, 0, 0, 0.81%, 0, 0, 11, 26.47, 1056131, 72, 0, 0
9831, 23, 35, 126, 0, 0, 0.81%, 0, 0, 11, 26.35, 1056267, 72, 0, 0
9836, 23, 35, 126, 0, 0, 0.81%, 0, 0, 11, 26.04, 1056400, 72, 0, 0
9842, 23, 37, 126, 0, 0, 0.81%, 0, 0, 11, 26.15, 1056535, 72, 0, 0
9847, 23, 37, 126, 0, 0, 0.81%, 0, 0, 11, 26.20, 1056668, 72, 0, 0
9852, 23, 14, 126, 0, 0, 0.81%, 0, 0, 11, 26.67, 1056806, 72, 0, 0
9857, 23, 14, 126, 0, 0, 0.81%, 0, 0, 11, 23.50, 1056995, 72, 0, 0
9862, 23, 38, 126, 0, 0, 0.81%, 0, 0, 11, 25.42, 1057125, 72, 0, 0
9867, 23, 13, 126, 0, 0, 0.81%, 0, 0, 11, 25.42, 1057255, 72, 0, 0
9872, 23, 13, 126, 0, 0, 0.81%, 0, 0, 11, 26.54, 1057392, 72, 0, 0
9877, 23, 27, 126, 0, 0, 0.81%, 0, 0, 11, 27.37, 1057530, 72, 0, 0
9882, 23, 27, 126, 0, 0, 0.81%, 0, 0, 11, 24.83, 1057716, 72, 0, 0
9888, 23, 45, 126, 0, 0, 0.81%, 0, 0, 11, 26.52, 1057854, 72, 0, 0
9893, 23, 45, 126, 0, 0, 0.81%, 0, 0, 11, 25.73, 1057983, 72, 0, 0
9898, 23, 45, 126, 0, 0, 0.81%, 0, 0, 11, 25.54, 1058116, 72, 0, 0
9903, 23, 45, 126, 0, 0, 0.81%, 0, 0, 11, 25.09, 1058245, 72, 0, 0
9908, 23, 48, 126, 0, 0, 0.81%, 0, 0, 11, 25.50, 1058377, 72, 0, 0
9913, 23, 111, 126, 0, 0, 0.81%, 0, 0, 11, 25.32, 1058506, 72, 0, 0
9918, 23, 111, 126, 0, 0, 0.81%, 0, 0, 11, 25.34, 1058634, 72, 0, 0
9923, 23, 111, 126, 0, 0, 0.81%, 0, 0, 11, 25.60, 1058767, 72, 0, 0
9928, 23, 111, 126, 0, 0, 0.81%, 0, 0, 11, 24.63, 1058892, 72, 0, 0
9934, 23, 111, 126, 0, 0, 0.81%, 0, 0, 11, 25.41, 1059027, 72, 0, 0
9939, 23, 111, 126, 0, 0, 0.81%, 0, 0, 11, 26.04, 1059159, 72, 0, 0
9944, 23, 111, 126, 0, 0, 0.81%, 0, 0, 11, 25.89, 1059291, 72, 0, 0
9949, 23, 111, 126, 0, 0, 0.81%, 0, 0, 11, 24.84, 1059419, 72, 0, 0
9954, 23, 111, 126, 0, 0, 0.81%, 0, 0, 11, 25.04, 1059548, 72, 0, 0
9960, 23, 111, 126, 0, 0, 0.81%, 0, 0, 11, 26.22, 1059683, 72, 0, 0
9965, 23, 38, 126, 0, 0, 0.81%, 0, 0, 11, 26.02, 1059817, 72, 0, 0
9970, 23, 56, 126, 0, 0, 0.81%, 0, 0, 11, 25.76, 1059952, 72, 0, 0
9975, 23, 100, 126, 0, 0, 0.81%, 0, 0, 11, 25.03, 1060083, 72, 0, 0
9980, 23, 100, 126, 0, 0, 0.81%, 0, 0, 11, 25.43, 1060217, 72, 0, 0
9986, 23, 100, 126, 0, 0, 0.81%, 0, 0, 11, 25.47, 1060347, 72, 0, 0
9991, 23, 100, 126, 0, 0, 0.81%, 0, 0, 11, 25.57, 1060480, 72, 0, 0
9996, 23, 111, 126, 0, 0, 0.81%, 0, 0, 11, 24.58, 1060605, 72, 0, 0
10001, 23, 111, 126, 0, 0, 0.81%, 0, 0, 11, 24.00, 1060731, 72, 0, 0
10006, 23, 111, 126, 0, 0, 0.81%, 0, 0, 11, 23.81, 1060854, 72, 0, 0
10011, 23, 111, 126, 0, 0, 0.81%, 0, 0, 11, 24.02, 1060977, 72, 0, 0
10016, 23, 111, 126, 0, 0, 0.81%, 0, 0, 11, 25.28, 1061109, 72, 0, 0
10022, 23, 111, 126, 0, 0, 0.81%, 0, 0, 11, 26.22, 1061246, 72, 0, 0
10027, 23, 111, 126, 0, 0, 0.81%, 0, 0, 11, 25.68, 1061376, 72, 0, 0
10032, 23, 111, 126, 0, 0, 0.81%, 0, 0, 11, 26.59, 1061512, 72, 0, 0
10037, 23, 111, 126, 0, 0, 0.81%, 0, 0, 11, 26.50, 1061648, 72, 0, 0
10042, 23, 111, 126, 0, 0, 0.81%, 0, 0, 11, 23.92, 1061768, 72, 0, 0
10047, 23, 111, 126, 0, 0, 0.81%, 0, 0, 11, 24.75, 1061896, 72, 0, 0
10052, 23, 30, 126, 0, 0, 0.81%, 0, 0, 11, 24.43, 1062020, 72, 0, 0
10057, 23, 30, 126, 0, 0, 0.81%, 0, 0, 11, 25.04, 1062148, 72, 0, 0
10063, 23, 98, 126, 0, 0, 0.81%, 0, 0, 11, 25.65, 1062284, 72, 0, 0
10068, 23, 45, 126, 0, 0, 0.81%, 0, 0, 11, 25.65, 1062418, 72, 0, 0
10073, 23, 45, 126, 0, 0, 0.81%, 0, 0, 11, 24.64, 1062543, 72, 0, 0
10078, 23, 45, 126, 0, 0, 0.81%, 0, 0, 11, 25.60, 1062672, 72, 0, 0
10083, 23, 45, 126, 0, 0, 0.81%, 0, 0, 11, 265.22, 1062857, 72, 0, 0
10088, 23, 52, 126, 0, 0, 0.81%, 0, 0, 11, 25.77, 1062990, 72, 0, 0
10093, 23, 52, 126, 0, 0, 0.81%, 0, 0, 11, 26.45, 1063124, 72, 0, 0
10098, 23, 22, 126, 0, 0, 0.81%, 0, 0, 11, 26.22, 1063258, 72, 0, 0
10103, 23, 22, 126, 0, 0, 0.81%, 0, 0, 11, 27.10, 1063448, 72, 0, 0
10108, 23, 57, 126, 0, 0, 0.81%, 0, 0, 11, 27.87, 1063588, 72, 0, 0
10114, 23, 57, 126, 0, 0, 0.81%, 0, 0, 11, 27.63, 1063734, 72, 0, 0
10119, 23, 57, 126, 0, 0, 0.81%, 0, 0, 11, 26.38, 1063865, 72, 0, 0
10124, 23, 57, 126, 0, 0, 0.81%, 0, 0, 11, 27.59, 1064009, 72, 0, 0
10129, 23, 34, 126, 0, 0, 0.81%, 0, 0, 11, 26.24, 1064147, 72, 0, 0
10134, 23, 34, 126, 0, 0, 0.81%, 0, 0, 11, 25.96, 1064278, 72, 0, 0
10139, 23, 34, 126, 0, 0, 0.81%, 0, 0, 11, 26.15, 1064411, 72, 0, 0
10144, 23, 18, 126, 0, 0, 0.81%, 0, 0, 11, 25.83, 1064544, 72, 0, 0
10149, 23, 18, 126, 0, 0, 0.81%, 0, 0, 11, 25.41, 1064674, 72, 0, 0
10155, 23, 35, 126, 0, 0, 0.81%, 0, 0, 11, 25.93, 1064808, 72, 0, 0
10160, 23, 35, 126, 0, 0, 0.81%, 0, 0, 11, 24.59, 1064934, 72, 0, 0
10165, 23, 98, 126, 0, 0, 0.81%, 0, 0, 11, 24.54, 1065054, 72, 0, 0
10170, 23, 82, 126, 0, 0, 0.81%, 0, 0, 11, 24.64, 1065182, 72, 0, 0
10175, 23, 82, 126, 0, 0, 0.81%, 0, 0, 11, 25.89, 1065321, 72, 0, 0
10180, 23, 55, 126, 0, 0, 0.81%, 0, 0, 11, 26.02, 1065456, 72, 0, 0
10185, 23, 99, 126, 0, 0, 0.81%, 0, 0, 11, 26.33, 1065590, 72, 0, 0
10191, 23, 99, 126, 0, 0, 0.81%, 0, 0, 11, 25.20, 1065719, 72, 0, 0
10196, 23, 99, 126, 0, 0, 0.81%, 0, 0, 11, 25.73, 1065853, 72, 0, 0
10201, 23, 99, 126, 0, 0, 0.81%, 0, 0, 11, 25.54, 1065982, 72, 0, 0
10206, 23, 57, 126, 0, 0, 0.81%, 0, 0, 11, 25.72, 1066111, 72, 0, 0
10211, 23, 57, 126, 0, 0, 0.81%, 0, 0, 11, 25.75, 1066357, 72, 0, 0
10216, 23, 57, 126, 0, 0, 0.81%, 0, 0, 11, 25.79, 1066488, 72, 0, 0
10221, 23, 57, 126, 0, 0, 0.81%, 0, 0, 11, 26.21, 1066624, 72, 0, 0
10226, 23, 54, 126, 0, 0, 0.81%, 0, 0, 11, 26.24, 1066756, 72, 0, 0
10231, 23, 37, 126, 0, 0, 0.81%, 0, 0, 11, 26.27, 1066887, 72, 0, 0
10236, 23, 37, 126, 0, 0, 0.81%, 0, 0, 11, 25.94, 1067017, 72, 0, 0
10242, 23, 7, 126, 0, 0, 0.81%, 0, 0, 11, 25.47, 1067146, 72, 0, 0
10247, 23, 7, 126, 0, 0, 0.81%, 0, 0, 11, 26.05, 1067277, 72, 0, 0
10252, 23, 36, 126, 0, 0, 0.81%, 0, 0, 11, 25.34, 1067409, 72, 0, 0
10257, 23, 36, 126, 0, 0, 0.81%, 0, 0, 11, 24.86, 1067536, 72, 0, 0
10262, 23, 36, 126, 0, 0, 0.81%, 0, 0, 11, 26.10, 1067677, 72, 0, 0
10267, 23, 99, 126, 0, 0, 0.81%, 0, 0, 11, 25.37, 1067807, 72, 0, 0
10272, 23, 99, 126, 0, 0, 0.81%, 0, 0, 11, 25.22, 1067934, 72, 0, 0
10277, 23, 99, 126, 0, 0, 0.81%, 0, 0, 11, 27.18, 1068074, 72, 0, 0
10282, 23, 99, 126, 0, 0, 0.81%, 0, 0, 11, 26.75, 1068207, 72, 0, 0
10288, 23, 13, 126, 0, 0, 0.81%, 0, 0, 11, 25.90, 1068341, 72, 0, 0
10293, 23, 13, 126, 0, 0, 0.81%, 0, 0, 11, 26.09, 1068474, 72, 0, 0
10298, 23, 34, 126, 0, 0, 0.81%, 0, 0, 11, 25.07, 1068602, 72, 0, 0
10303, 23, 34, 126, 0, 0, 0.81%, 0, 0, 11, 25.81, 1068734, 72, 0, 0
10308, 23, 34, 126, 0, 0, 0.81%, 0, 0, 11, 25.19, 1068864, 72, 0, 0
10313, 23, 27, 126, 0, 0, 0.81%, 0, 0, 11, 25.42, 1068996, 72, 0, 0
10318, 23, 27, 126, 0, 0, 0.81%, 0, 0, 11, 25.84, 1069125, 72, 0, 0
10324, 23, 57, 126, 0, 0, 0.81%, 0, 0, 11, 25.12, 1069253, 72, 0, 0
10329, 23, 57, 126, 0, 0, 0.81%, 0, 0, 11, 26.35, 1069393, 72, 0, 0
10334, 23, 57, 126, 0, 0, 0.81%, 0, 0, 11, 26.12, 1069526, 72, 0, 0
10339, 23, 57, 126, 0, 0, 0.81%, 0, 0, 11, 25.20, 1069655, 72, 0, 0
10344, 23, 55, 126, 0, 0, 0.81%, 0, 0, 11, 25.11, 1069780, 72, 0, 0
10349, 23, 55, 126, 0, 0, 0.81%, 0, 0, 11, 25.11, 1069909, 72, 0, 0
10354, 23, 52, 126, 0, 0, 0.81%, 0, 0, 11, 24.95, 1070035, 72, 0, 0
10359, 23, 52, 126, 0, 0, 0.81%, 0, 0, 11, 25.70, 1070166, 72, 0, 0
10364, 23, 55, 126, 0, 0, 0.81%, 0, 0, 11, 25.89, 1070300, 72, 0, 0
10370, 23, 94, 126, 0, 0, 0.81%, 0, 0, 11, 25.86, 1070436, 72, 0, 0
10375, 23, 94, 126, 0, 0, 0.81%, 0, 0, 11, 26.02, 1070572, 72, 0, 0
10380, 23, 94, 126, 0, 0, 0.81%, 0, 0, 11, 26.17, 1070707, 72, 0, 0
10385, 23, 94, 126, 0, 0, 0.81%, 0, 0, 11, 25.64, 1070838, 72, 0, 0
10390, 23, 94, 126, 0, 0, 0.81%, 0, 0, 11, 25.70, 1070967, 72, 0, 0
10395, 23, 94, 126, 0, 0, 0.81%, 0, 0, 11, 25.84, 1071099, 72, 0, 0
10401, 23, 94, 126, 0, 0, 0.81%, 0, 0, 11, 25.33, 1071229, 72, 0, 0
10406, 23, 24, 126, 0, 0, 0.81%, 0, 0, 11, 26.99, 1071372, 72, 0, 0
10411, 23, 61, 126, 0, 0, 0.81%, 0, 0, 11, 25.69, 1071505, 72, 0, 0
10416, 23, 61, 126, 0, 0, 0.81%, 0, 0, 11, 25.59, 1071635, 72, 0, 0
10421, 23, 61, 126, 0, 0, 0.81%, 0, 0, 11, 25.17, 1071760, 72, 0, 0
10426, 23, 61, 126, 0, 0, 0.81%, 0, 0, 11, 25.51, 1071889, 72, 0, 0
10431, 23, 61, 126, 0, 0, 0.81%, 0, 0, 11, 26.20, 1072022, 72, 0, 0
10436, 23, 17, 126, 0, 0, 0.81%, 0, 0, 11, 25.78, 1072155, 72, 0, 0
10441, 23, 17, 126, 0, 0, 0.81%, 0, 0, 11, 25.41, 1072284, 72, 0, 0
10447, 23, 7, 126, 0, 0, 0.81%, 0, 0, 11, 26.38, 1072424, 72, 0, 0
10452, 23, 7, 126, 0, 0, 0.81%, 0, 0, 11, 25.23, 1072548, 72, 0, 0
10457, 23, 36, 126, 0, 0, 0.81%, 0, 0, 11, 26.01, 1072680, 72, 0, 0
10462, 23, 36, 126, 0, 0, 0.81%, 0, 0, 11, 25.95, 1072810, 72, 0, 0
10467, 23, 36, 126, 0, 0, 0.81%, 0, 0, 11, 25.85, 1072943, 72, 0, 0
10472, 23, 55, 126, 0, 0, 0.81%, 0, 0, 11, 25.22, 1073069, 72, 0, 0
10477, 23, 45, 126, 0, 0, 0.81%, 0, 0, 11, 25.47, 1073200, 72, 0, 0
10482, 23, 45, 126, 0, 0, 0.81%, 0, 0, 11, 26.15, 1073336, 72, 0, 0
10487, 23, 45, 126, 0, 0, 0.81%, 0, 0, 11, 25.87, 1073469, 72, 0, 0
10493, 23, 45, 126, 0, 0, 0.81%, 0, 0, 11, 25.87, 1073601, 72, 0, 0
10498, 23, 47, 126, 0, 0, 0.81%, 0, 0, 11, 26.58, 1073739, 72, 0, 0
10503, 23, 47, 126, 0, 0, 0.81%, 0, 0, 11, 25.69, 1073873, 72, 0, 0
10508, 23, 47, 126, 0, 0, 0.81%, 0, 0, 11, 25.38, 1074001, 72, 0, 0
10513, 23, 47, 126, 0, 0, 0.81%, 0, 0, 11, 27.03, 1074142, 72, 0, 0
10518, 23, 47, 126, 0, 0, 0.81%, 0, 0, 11, 26.15, 1074273, 72, 0, 0
10523, 23, 16, 126, 0, 0, 0.81%, 0, 0, 11, 26.08, 1074406, 72, 0, 0
10528, 23, 16, 126, 0, 0, 0.81%, 0, 0, 11, 25.93, 1074539, 72, 0, 0
10533, 23, 23, 126, 0, 0, 0.81%, 0, 0, 11, 25.98, 1074672, 72, 0, 0
10539, 23, 23, 126, 0, 0, 0.81%, 0, 0, 11, 26.60, 1074811, 72, 0, 0
10544, 23, 8, 126, 0, 0, 0.81%, 0, 0, 11, 26.39, 1074945, 72, 0, 0
10549, 23, 8, 126, 0, 0, 0.81%, 0, 0, 11, 25.83, 1075076, 72, 0, 0
10554, 23, 8, 126, 0, 0, 0.81%, 0, 0, 11, 24.82, 1075200, 72, 0, 0
10559, 23, 32, 126, 0, 0, 0.81%, 0, 0, 11, 24.89, 1075375, 72, 0, 0
10564, 23, 32, 126, 0, 0, 0.81%, 0, 0, 11, 25.34, 1075507, 72, 0, 0
10569, 23, 27, 126, 0, 0, 0.81%, 0, 0, 11, 24.38, 1075632, 72, 0, 0
10574, 23, 27, 126, 0, 0, 0.81%, 0, 0, 11, 24.86, 1075757, 72, 0, 0
10580, 23, 7, 126, 0, 0, 0.81%, 0, 0, 11, 24.94, 1075886, 72, 0, 0
10585, 23, 7, 126, 0, 0, 0.81%, 0, 0, 11, 25.35, 1076014, 72, 0, 0
10590, 23, 45, 126, 0, 0, 0.81%, 0, 0, 11, 25.45, 1076146, 72, 0, 0
10595, 23, 45, 126, 0, 0, 0.81%, 0, 0, 11, 27.12, 1076285, 72, 0, 0
10600, 23, 45, 126, 0, 0, 0.81%, 0, 0, 11, 26.48, 1076421, 72, 0, 0
10605, 23, 45, 126, 0, 0, 0.81%, 0, 0, 11, 25.99, 1076555, 72, 0, 0
10610, 23, 45, 126, 0, 0, 0.81%, 0, 0, 11, 27.26, 1076694, 72, 0, 0
10616, 23, 37, 126, 0, 0, 0.81%, 0, 0, 11, 26.10, 1076825, 72, 0, 0
10621, 23, 37, 126, 0, 0, 0.81%, 0, 0, 11, 25.57, 1076957, 72, 0, 0
10626, 23, 47, 126, 0, 0, 0.81%, 0, 0, 11, 25.72, 1077087, 72, 0, 0
10631, 23, 47, 126, 0, 0, 0.81%, 0, 0, 11, 26.68, 1077224, 72, 0, 0
10636, 23, 47, 126, 0, 0, 0.81%, 0, 0, 11, 26.39, 1077357, 72, 0, 0
10641, 23, 47, 126, 0, 0, 0.81%, 0, 0, 11, 26.16, 1077488, 72, 0, 0
10646, 23, 47, 126, 0, 0, 0.81%, 0, 0, 11, 25.74, 1077617, 72, 0, 0
10651, 23, 34, 126, 0, 0, 0.81%, 0, 0, 11, 25.67, 1077746, 72, 0, 0
10656, 23, 34, 126, 0, 0, 0.81%, 0, 0, 11, 25.62, 1077879, 72, 0, 0
10661, 23, 13, 126, 0, 0, 0.81%, 0, 0, 11, 26.44, 1078015, 72, 0, 0
10666, 23, 13, 126, 0, 0, 0.81%, 0, 0, 11, 25.82, 1078146, 72, 0, 0
10672, 23, 38, 126, 0, 0, 0.81%, 0, 0, 11, 25.52, 1078275, 72, 0, 0
10677, 23, 35, 126, 0, 0, 0.81%, 0, 0, 11, 24.51, 1078397, 72, 0, 0
10682, 23, 35, 126, 0, 0, 0.81%, 0, 0, 11, 26.11, 1078528, 72, 0, 0
10687, 23, 7, 126, 0, 0, 0.81%, 0, 0, 11, 25.96, 1078663, 72, 0, 0
10692, 23, 7, 126, 0, 0, 0.81%, 0, 0, 11, 26.63, 1078800, 72, 0, 0
10697, 23, 26, 126, 0, 0, 0.81%, 0, 0, 11, 26.15, 1078934, 72, 0, 0
10702, 23, 26, 126, 0, 0, 0.81%, 0, 0, 11, 26.35, 1079068, 72, 0, 0
10707, 23, 34, 126, 0, 0, 0.81%, 0, 0, 11, 25.86, 1079198, 72, 0, 0
10712, 23, 34, 126, 0, 0, 0.81%, 0, 0, 11, 25.63, 1079330, 72, 0, 0
10717, 23, 34, 126, 0, 0, 0.81%, 0, 0, 11, 25.77, 1079458, 72, 0, 0
10722, 23, 35, 126, 0, 0, 0.81%, 0, 0, 11, 24.98, 1079585, 72, 0, 0
10728, 23, 35, 126, 0, 0, 0.81%, 0, 0, 11, 24.40, 1079709, 72, 0, 0
10733, 23, 98, 126, 0, 0, 0.81%, 0, 0, 11, 24.94, 1079841, 72, 0, 0
10738, 23, 51, 126, 0, 0, 0.81%, 0, 0, 11, 26.17, 1079977, 72, 0, 0
10743, 23, 51, 126, 0, 0, 0.81%, 0, 0, 11, 25.56, 1080110, 72, 0, 0
10748, 23, 61, 126, 0, 0, 0.81%, 0, 0, 11, 30.97, 1080293, 72, 0, 0
10753, 23, 61, 126, 0, 0, 0.81%, 0, 0, 11, 27.08, 1080426, 72, 0, 0
10758, 23, 61, 126, 0, 0, 0.81%, 0, 0, 11, 25.54, 1080553, 72, 0, 0
10763, 23, 61, 126, 0, 0, 0.81%, 0, 0, 11, 26.13, 1080685, 72, 0, 0
10768, 23, 27, 126, 0, 0, 0.81%, 0, 0, 11, 24.93, 1080810, 72, 0, 0
10774, 23, 27, 126, 0, 0, 0.81%, 0, 0, 11, 25.42, 1080942, 72, 0, 0
10779, 23, 30, 126, 0, 0, 0.81%, 0, 0, 11, 26.37, 1081079, 72, 0, 0
10784, 23, 30, 126, 0, 0, 0.81%, 0, 0, 11, 25.61, 1081208, 72, 0, 0
10789, 23, 30, 126, 0, 0, 0.81%, 0, 0, 11, 26.11, 1081338, 72, 0, 0
10794, 23, 121, 126, 0, 0, 0.81%, 0, 0, 11, 25.96, 1081470, 72, 0, 0
10799, 23, 121, 126, 0, 0, 0.81%, 0, 0, 11, 25.65, 1081600, 72, 0, 0
10804, 23, 121, 126, 0, 0, 0.81%, 0, 0, 11, 25.77, 1081732, 72, 0, 0
10809, 23, 121, 126, 0, 0, 0.81%, 0, 0, 11, 25.78, 1081863, 72, 0, 0
10814, 23, 121, 126, 0, 0, 0.81%, 0, 0, 11, 25.60, 1081995, 72, 0, 0
10820, 23, 121, 126, 0, 0, 0.81%, 0, 0, 11, 26.06, 1082132, 72, 0, 0
10825, 23, 121, 126, 0, 0, 0.81%, 0, 0, 11, 25.66, 1082266, 72, 0, 0
10830, 23, 121, 126, 0, 0, 0.81%, 0, 0, 11, 25.54, 1082398, 72, 0, 0
10835, 23, 121, 126, 0, 0, 0.81%, 0, 0, 11, 26.49, 1082535, 72, 0, 0
10840, 23, 121, 126, 0, 0, 0.81%, 0, 0, 11, 26.09, 1082669, 72, 0, 0
10846, 23, 34, 126, 0, 0, 0.81%, 0, 0, 11, 25.58, 1082803, 72, 0, 0
10851, 23, 34, 126, 0, 0, 0.81%, 0, 0, 11, 26.22, 1082935, 72, 0, 0
10856, 23, 36, 126, 0, 0, 0.81%, 0, 0, 11, 25.57, 1083067, 72, 0, 0
10861, 23, 36, 126, 0, 0, 0.81%, 0, 0, 11, 26.15, 1083198, 72, 0, 0
10866, 23, 47, 126, 0, 0, 0.81%, 0, 0, 11, 26.87, 1083333, 72, 0, 0
10871, 23, 47, 126, 0, 0, 0.81%, 0, 0, 11, 25.10, 1083462, 72, 0, 0
10876, 23, 47, 126, 0, 0, 0.81%, 0, 0, 11, 25.40, 1083594, 72, 0, 0
10881, 23, 47, 126, 0, 0, 0.81%, 0, 0, 11, 24.68, 1083719, 72, 0, 0
10886, 23, 47, 126, 0, 0, 0.81%, 0, 0, 11, 24.94, 1083844, 72, 0, 0
10891, 23, 99, 126, 0, 0, 0.81%, 0, 0, 11, 25.98, 1083979, 72, 0, 0
10897, 23, 99, 126, 0, 0, 0.81%, 0, 0, 11, 25.17, 1084110, 72, 0, 0
10902, 23, 99, 126, 0, 0, 0.81%, 0, 0, 11, 24.00, 1084230, 72, 0, 0
10907, 23, 99, 126, 0, 0, 0.81%, 0, 0, 11, 24.18, 1084355, 72, 0, 0
10912, 23, 99, 126, 0, 0, 0.81%, 0, 0, 11, 25.49, 1084486, 72, 0, 0
10917, 23, 27, 126, 0, 0, 0.81%, 0, 0, 11, 25.46, 1084615, 72, 0, 0
10922, 23, 27, 126, 0, 0, 0.81%, 0, 0, 11, 25.91, 1084750, 72, 0, 0
10927, 23, 20, 126, 0, 0, 0.81%, 0, 0, 11, 25.31, 1084879, 72, 0, 0
10932, 23, 14, 126, 0, 0, 0.81%, 0, 0, 11, 25.34, 1085009, 72, 0, 0
10937, 23, 14, 126, 0, 0, 0.81%, 0, 0, 11, 24.62, 1085134, 72, 0, 0
10942, 23, 45, 126, 0, 0, 0.81%, 0, 0, 11, 25.22, 1085261, 72, 0, 0
10948, 23, 45, 126, 0, 0, 0.81%, 0, 0, 11, 26.79, 1085402, 72, 0, 0
10953, 23, 45, 126, 0, 0, 0.81%, 0, 0, 11, 26.00, 1085536, 72, 0, 0
10958, 23, 45, 126, 0, 0, 0.81%, 0, 0, 11, 25.64, 1085668, 72, 0, 0
10963, 23, 45, 126, 0, 0, 0.81%, 0, 0, 11, 26.23, 1085802, 72, 0, 0
10968, 23, 23, 126, 0, 0, 0.81%, 0, 0, 11, 24.99, 1085929, 72, 0, 0
10973, 23, 23, 126, 0, 0, 0.81%, 0, 0, 11, 26.53, 1086062, 72, 0, 0
10978, 23, 37, 126, 0, 0, 0.81%, 0, 0, 11, 26.31, 1086197, 72, 0, 0
10983, 23, 37, 126, 0, 0, 0.81%, 0, 0, 11, 26.10, 1086328, 72, 0, 0
10989, 23, 11, 126, 0, 0, 0.81%, 0, 0, 11, 25.86, 1086460, 72, 0, 0
10994, 23, 100, 126, 0, 0, 0.81%, 0, 0, 11, 26.00, 1086595, 72, 0, 0
10999, 23, 100, 126, 0, 0, 0.81%, 0, 0, 11, 25.82, 1086728, 72, 0, 0
11004, 23, 100, 126, 0, 0, 0.81%, 0, 0, 11, 26.35, 1086867, 72, 0, 0
11009, 23, 100, 126, 0, 0, 0.81%, 0, 0, 11, 26.38, 1087000, 72, 0, 0
11015, 23, 98, 126, 0, 0, 0.81%, 0, 0, 11, 24.54, 1087126, 72, 0, 0
11020, 23, 58, 126, 0, 0, 0.81%, 0, 0, 11, 24.88, 1087252, 72, 0, 0
11025, 23, 58, 126, 0, 0, 0.81%, 0, 0, 11, 26.26, 1087387, 72, 0, 0
11030, 23, 58, 126, 0, 0, 0.81%, 0, 0, 11, 26.10, 1087520, 72, 0, 0
11035, 23, 58, 126, 0, 0, 0.81%, 0, 0, 11, 26.29, 1087655, 72, 0, 0
11040, 24, 98, 126, 0, 0, 0.81%, 0, 0, 11, 26.11, 1087785, 72, 0, 0
11045, 24, 55, 126, 0, 0, 0.81%, 0, 0, 11, 25.66, 1087916, 72, 0, 0
11050, 24, 74, 126, 0, 0, 0.81%, 0, 0, 11, 25.71, 1088049, 72, 0, 0
11055, 24, 74, 126, 0, 0, 0.81%, 0, 0, 11, 25.77, 1088184, 72, 0, 0
11061, 24, 74, 126, 0, 0, 0.81%, 0, 0, 11, 25.66, 1088314, 72, 0, 0
11066, 24, 74, 126, 0, 0, 0.81%, 0, 0, 11, 26.60, 1088447, 72, 0, 0
11071, 24, 9, 126, 0, 0, 0.81%, 0, 0, 11, 25.35, 1088575, 72, 0, 0
11076, 24, 9, 126, 0, 0, 0.81%, 0, 0, 11, 26.30, 1088708, 72, 0, 0
11081, 24, 58, 126, 0, 0, 0.81%, 0, 0, 11, 26.80, 1088844, 72, 0, 0
11086, 24, 58, 126, 0, 0, 0.81%, 0, 0, 11, 24.98, 1088969, 72, 0, 0
11091, 24, 58, 126, 0, 0, 0.81%, 0, 0, 11, 24.96, 1089095, 72, 0, 0
11096, 24, 58, 126, 0, 0, 0.81%, 0, 0, 11, 25.06, 1089223, 72, 0, 0
11101, 24, 58, 126, 0, 0, 0.81%, 0, 0, 11, 25.99, 1089357, 72, 0, 0
11106, 24, 94, 126, 0, 0, 0.81%, 0, 0, 11, 26.35, 1089491, 72, 0, 0
11111, 24, 94, 126, 0, 0, 0.81%, 0, 0, 11, 26.59, 1089623, 72, 0, 0
11116, 24, 94, 126, 0, 0, 0.81%, 0, 0, 11, 26.37, 1089756, 72, 0, 0
11122, 24, 94, 126, 0, 0, 0.81%, 0, 0, 11, 26.27, 1089888, 72, 0, 0
11127, 24, 94, 126, 0, 0, 0.81%, 0, 0, 11, 26.80, 1090027, 72, 0, 0
11132, 24, 94, 126, 0, 0, 0.81%, 0, 0, 11, 26.12, 1090156, 72, 0, 0
11137, 24, 57, 126, 0, 0, 0.81%, 0, 0, 11, 26.57, 1090293, 72, 0, 0
11142, 24, 57, 126, 0, 0, 0.81%, 0, 0, 11, 26.50, 1090429, 72, 0, 0
11147, 24, 57, 126, 0, 0, 0.81%, 0, 0, 11, 25.98, 1090560, 72, 0, 0
11152, 24, 57, 126, 0, 0, 0.81%, 0, 0, 11, 26.17, 1090697, 72, 0, 0
11158, 24, 57, 126, 0, 0, 0.81%, 0, 0, 11, 26.41, 1090833, 72, 0, 0
11163, 24, 98, 126, 0, 0, 0.81%, 0, 0, 11, 25.85, 1090967, 72, 0, 0
11168, 24, 94, 126, 0, 0, 0.81%, 0, 0, 11, 25.80, 1091100, 72, 0, 0
11173, 24, 94, 126, 0, 0, 0.81%, 0, 0, 11, 25.41, 1091233, 72, 0, 0
11178, 24, 94, 126, 0, 0, 0.81%, 0, 0, 11, 25.89, 1091369, 72, 0, 0
11183, 24, 94, 126, 0, 0, 0.81%, 0, 0, 11, 25.04, 1091493, 72, 0, 0
11188, 24, 94, 126, 0, 0, 0.81%, 0, 0, 11, 25.09, 1091620, 72, 0, 0
11194, 24, 94, 126, 0, 0, 0.81%, 0, 0, 11, 25.77, 1091752, 72, 0, 0
11199, 24, 94, 126, 0, 0, 0.81%, 0, 0, 11, 25.55, 1091883, 72, 0, 0
11204, 24, 98, 126, 0, 0, 0.81%, 0, 0, 11, 27.61, 1092020, 72, 0, 0
11209, 24, 10, 126, 0, 0, 0.81%, 0, 0, 11, 29.42, 1092180, 72, 0, 0
11214, 24, 10, 126, 0, 0, 0.81%, 0, 0, 11, 26.72, 1092309, 72, 0, 0
11219, 24, 52, 126, 0, 0, 0.81%, 0, 0, 11, 26.00, 1092438, 72, 0, 0
11224, 24, 52, 126, 0, 0, 0.81%, 0, 0, 11, 25.69, 1092568, 72, 0, 0
11229, 24, 16, 126, 0, 0, 0.81%, 0, 0, 11, 26.11, 1092703, 72, 0, 0
11234, 24, 16, 126, 0, 0, 0.81%, 0, 0, 11, 26.00, 1092834, 72, 0, 0
11239, 24, 99, 126, 0, 0, 0.81%, 0, 0, 11, 25.68, 1092966, 72, 0, 0
11244, 24, 99, 126, 0, 0, 0.81%, 0, 0, 11, 26.26, 1093097, 72, 0, 0
11250, 24, 99, 126, 0, 0, 0.81%, 0, 0, 11, 25.71, 1093226, 72, 0, 0
11255, 24, 99, 126, 0, 0, 0.81%, 0, 0, 11, 25.26, 1093356, 72, 0, 0
11260, 24, 99, 126, 0, 0, 0.81%, 0, 0, 11, 25.46, 1093486, 72, 0, 0
11265, 24, 34, 126, 0, 0, 0.81%, 0, 0, 11, 26.38, 1093621, 72, 0, 0
11270, 24, 34, 126, 0, 0, 0.81%, 0, 0, 11, 26.44, 1093755, 72, 0, 0
11275, 24, 1, 126, 0, 0, 0.81%, 0, 0, 11, 26.51, 1093888, 72, 0, 0
11280, 24, 27, 126, 0, 0, 0.81%, 0, 0, 11, 26.66, 1094027, 72, 0, 0
11285, 24, 27, 126, 0, 0, 0.81%, 0, 0, 11, 25.34, 1094156, 72, 0, 0
11290, 24, 47, 126, 0, 0, 0.81%, 0, 0, 11, 25.41, 1094285, 72, 0, 0
11295, 24, 47, 126, 0, 0, 0.81%, 0, 0, 11, 24.93, 1094409, 72, 0, 0
11301, 24, 47, 126, 0, 0, 0.81%, 0, 0, 11, 26.17, 1094543, 72, 0, 0
11306, 24, 47, 126, 0, 0, 0.81%, 0, 0, 11, 26.03, 1094673, 72, 0, 0
11311, 24, 47, 126, 0, 0, 0.81%, 0, 0, 11, 26.34, 1094807, 72, 0, 0
11316, 24, 58, 126, 0, 0, 0.81%, 0, 0, 11, 25.38, 1094936, 72, 0, 0
11321, 24, 58, 126, 0, 0, 0.81%, 0, 0, 11, 26.67, 1095070, 72, 0, 0
11326, 24, 58, 126, 0, 0, 0.81%, 0, 0, 11, 25.94, 1095200, 72, 0, 0
11331, 24, 58, 126, 0, 0, 0.81%, 0, 0, 11, 25.61, 1095331, 72, 0, 0
11336, 24, 58, 126, 0, 0, 0.81%, 0, 0, 11, 25.99, 1095465, 72, 0, 0
11341, 24, 55, 126, 0, 0, 0.81%, 0, 0, 11, 26.35, 1095596, 72, 0, 0
11346, 24, 34, 126, 0, 0, 0.81%, 0, 0, 11, 26.16, 1095730, 72, 0, 0
11351, 24, 34, 126, 0, 0, 0.81%, 0, 0, 11, 24.75, 1095856, 72, 0, 0
11357, 24, 57, 126, 0, 0, 0.81%, 0, 0, 11, 24.94, 1095988, 72, 0, 0
11362, 24, 57, 126, 0, 0, 0.81%, 0, 0, 11, 25.09, 1096120, 72, 0, 0
11367, 24, 57, 126, 0, 0, 0.81%, 0, 0, 11, 25.24, 1096250, 72, 0, 0
11372, 24, 57, 126, 0, 0, 0.81%, 0, 0, 11, 25.44, 1096378, 72, 0, 0
11377, 24, 16, 126, 0, 0, 0.81%, 0, 0, 11, 276.10, 1097168, 72, 0, 0
11382, 24, 61, 126, 0, 0, 0.81%, 0, 0, 11, 61.27, 1097722, 72, 0, 0
11387, 24, 13, 126, 0, 0, 0.81%, 0, 0, 11, 114.23, 1098297, 72, 0, 0
11393, 24, 57, 126, 0, 0, 0.81%, 0, 0, 11, 18.40, 1099148, 72, 0, 0
11398, 24, 99, 126, 0, 0, 0.81%, 0, 0, 11, 191.89, 1100012, 72, 0, 0
11403, 24, 98, 126, 0, 0, 0.81%, 0, 0, 11, 102.22, 1100588, 72, 0, 0
11408, 24, 61, 126, 0, 0, 0.81%, 0, 0, 11, 509.90, 1103058, 72, 0, 0
11413, 24, 45, 126, 0, 0, 0.81%, 0, 0, 11, 501.15, 1105637, 72, 0, 0
11418, 24, 58, 126, 0, 0, 0.81%, 0, 0, 11, 395.44, 1107889, 72, 0, 0
11423, 24, 7, 126, 0, 0, 0.81%, 0, 0, 11, 605.98, 1111310, 72, 0, 0
11429, 24, 111, 126, 0, 0, 0.81%, 0, 0, 11, 665.46, 1114782, 72, 0, 0
11434, 24, 17, 126, 0, 0, 0.81%, 0, 0, 11, 454.42, 1116225, 72, 0, 0
11439, 24, 111, 126, 0, 0, 0.81%, 0, 0, 11, 612.89, 1119633, 72, 0, 0
11444, 24, 10, 126, 0, 0, 0.81%, 0, 0, 11, 673.41, 1122967, 72, 0, 0
11449, 24, 117, 126, 0, 0, 0.81%, 0, 0, 11, 657.47, 1126146, 72, 0, 0
11455, 24, 36, 127, 1, 0, 0.81%, 0, 0, 11, 20.54, 1128913, 72, 0, 0
11460, 24, 36, 127, 1, 0, 0.81%, 0, 0, 11, 199.22, 1129041, 72, 0, 0
11465, 24, 30, 127, 1, 0, 0.81%, 0, 0, 11, 13.31, 1129204, 72, 0, 0
11470, 24, 30, 127, 1, 0, 0.81%, 0, 0, 11, 17.82, 1129338, 72, 0, 0
11475, 24, 57, 127, 1, 0, 0.81%, 0, 0, 11, 191.06, 1129717, 72, 0, 0
11480, 24, 57, 127, 1, 0, 0.81%, 0, 0, 11, 203.62, 1130337, 72, 0, 0
11486, 24, 99, 127, 1, 0, 0.81%, 0, 0, 11, 488.21, 1131545, 72, 0, 0
11491, 24, 94, 127, 1, 0, 0.81%, 0, 0, 11, 17.10, 1132374, 72, 0, 0
11496, 25, 45, 127, 1, 0, 0.81%, 0, 0, 11, 16.35, 1133135, 72, 0, 0
11501, 25, 45, 127, 1, 0, 0.81%, 0, 0, 11, 15.33, 1133214, 72, 0, 0
11506, 25, 45, 127, 1, 0, 0.81%, 0, 0, 11, 15.66, 1133296, 72, 0, 0
11512, 25, 45, 127, 1, 0, 0.81%, 0, 0, 11, 15.12, 1133374, 72, 0, 0
11517, 25, 45, 127, 1, 0, 0.81%, 0, 0, 11, 16.51, 1133457, 72, 0, 0
11522, 25, 17, 127, 1, 0, 0.81%, 0, 0, 11, 17.77, 1133549, 72, 0, 0
11527, 25, 17, 127, 1, 0, 0.81%, 0, 0, 11, 22.31, 1133665, 72, 0, 0
11532, 25, 16, 127, 1, 0, 0.81%, 0, 0, 11, 24.39, 1133795, 72, 0, 0
11537, 25, 16, 127, 1, 0, 0.81%, 0, 0, 11, 25.21, 1133926, 72, 0, 0
11542, 25, 16, 127, 1, 0, 0.81%, 0, 0, 11, 26.58, 1134065, 72, 0, 0
11548, 25, 51, 127, 1, 0, 0.81%, 0, 0, 11, 26.07, 1134198, 72, 0, 0
11553, 25, 51, 127, 1, 0, 0.81%, 0, 0, 11, 25.83, 1134329, 72, 0, 0
11558, 25, 26, 127, 1, 0, 0.81%, 0, 0, 11, 25.36, 1134459, 72, 0, 0
11563, 25, 26, 127, 1, 0, 0.81%, 0, 0, 11, 25.64, 1134591, 72, 0, 0
11568, 25, 98, 127, 1, 0, 0.81%, 0, 0, 11, 24.70, 1134722, 72, 0, 0
11573, 25, 13, 127, 1, 0, 0.81%, 0, 0, 11, 25.32, 1134853, 72, 0, 0
11579, 25, 13, 127, 1, 0, 0.81%, 0, 0, 11, 26.58, 1134990, 72, 0, 0
11584, 25, 13, 127, 1, 0, 0.81%, 0, 0, 11, 25.56, 1135117, 72, 0, 0
11589, 25, 19, 127, 1, 0, 0.81%, 0, 0, 11, 25.22, 1135247, 72, 0, 0
11594, 25, 19, 127, 1, 0, 0.81%, 0, 0, 11, 25.13, 1135377, 72, 0, 0
11599, 25, 57, 127, 1, 0, 0.81%, 0, 0, 11, 25.68, 1135508, 72, 0, 0
11604, 25, 57, 127, 1, 0, 0.81%, 0, 0, 11, 25.01, 1135634, 72, 0, 0
11609, 25, 57, 127, 1, 0, 0.81%, 0, 0, 11, 26.21, 1135768, 72, 0, 0
11614, 25, 57, 127, 1, 0, 0.81%, 0, 0, 11, 26.19, 1135899, 72, 0, 0
11619, 25, 57, 127, 1, 0, 0.81%, 0, 0, 11, 25.48, 1136026, 72, 0, 0
11624, 25, 99, 127, 1, 0, 0.81%, 0, 0, 11, 25.61, 1136158, 72, 0, 0
11629, 25, 99, 127, 1, 0, 0.81%, 0, 0, 11, 25.54, 1136287, 72, 0, 0
11635, 25, 99, 127, 1, 0, 0.81%, 0, 0, 11, 25.89, 1136423, 72, 0, 0
11640, 25, 99, 127, 1, 0, 0.81%, 0, 0, 11, 25.64, 1136554, 72, 0, 0
11645, 25, 51, 127, 1, 0, 0.81%, 0, 0, 11, 25.63, 1136687, 72, 0, 0
11650, 25, 51, 127, 1, 0, 0.81%, 0, 0, 11, 25.75, 1136820, 72, 0, 0
11655, 25, 2, 127, 1, 0, 0.81%, 0, 0, 11, 25.24, 1136951, 72, 0, 0
11660, 25, 2, 127, 1, 0, 0.81%, 0, 0, 11, 25.48, 1137082, 72, 0, 0
11666, 25, 2, 127, 1, 0, 0.81%, 0, 0, 11, 25.42, 1137215, 72, 0, 0
11671, 25, 71, 127, 1, 0, 0.81%, 0, 0, 11, 25.46, 1137344, 72, 0, 0
11676, 25, 71, 127, 1, 0, 0.81%, 0, 0, 11, 25.28, 1137476, 72, 0, 0
11681, 25, 71, 127, 1, 0, 0.81%, 0, 0, 11, 24.59, 1137603, 72, 0, 0
11686, 25, 71, 127, 1, 0, 0.81%, 0, 0, 11, 25.16, 1137730, 72, 0, 0
11691, 25, 52, 127, 1, 0, 0.81%, 0, 0, 11, 25.45, 1137863, 72, 0, 0
11696, 25, 52, 127, 1, 0, 0.81%, 0, 0, 11, 25.97, 1137996, 72, 0, 0
11702, 25, 52, 127, 1, 0, 0.81%, 0, 0, 11, 25.90, 1138129, 72, 0, 0
11707, 25, 13, 127, 1, 0, 0.81%, 0, 0, 11, 26.02, 1138257, 72, 0, 0
11712, 25, 13, 127, 1, 0, 0.81%, 0, 0, 11, 25.89, 1138389, 72, 0, 0
11717, 25, 55, 127, 1, 0, 0.81%, 0, 0, 11, 25.41, 1138519, 72, 0, 0
11722, 25, 35, 127, 1, 0, 0.81%, 0, 0, 11, 26.02, 1138653, 72, 0, 0
11727, 25, 35, 127, 1, 0, 0.81%, 0, 0, 11, 26.10, 1138783, 72, 0, 0
11732, 25, 23, 127, 1, 0, 0.81%, 0, 0, 11, 25.82, 1138915, 72, 0, 0
11737, 25, 23, 127, 1, 0, 0.81%, 0, 0, 11, 25.65, 1139048, 72, 0, 0
11743, 25, 23, 127, 1, 0, 0.81%, 0, 0, 11, 25.00, 1139177, 72, 0, 0
11748, 25, 30, 127, 1, 0, 0.81%, 0, 0, 11, 25.97, 1139309, 72, 0, 0
11753, 25, 30, 127, 1, 0, 0.81%, 0, 0, 11, 26.65, 1139445, 72, 0, 0
11758, 25, 22, 127, 1, 0, 0.81%, 0, 0, 11, 25.57, 1139574, 72, 0, 0
11763, 25, 22, 127, 1, 0, 0.81%, 0, 0, 11, 25.32, 1139704, 72, 0, 0
11768, 25, 22, 127, 1, 0, 0.81%, 0, 0, 11, 25.89, 1139840, 72, 0, 0
11773, 25, 26, 127, 1, 0, 0.81%, 0, 0, 11, 26.53, 1139978, 72, 0, 0
11778, 25, 26, 127, 1, 0, 0.81%, 0, 0, 11, 25.54, 1140104, 72, 0, 0
11784, 25, 26, 127, 1, 0, 0.81%, 0, 0, 11, 25.52, 1140235, 72, 0, 0
11789, 25, 26, 127, 1, 0, 0.81%, 0, 0, 11, 25.87, 1140366, 72, 0, 0
11794, 25, 37, 127, 1, 0, 0.81%, 0, 0, 11, 26.17, 1140502, 72, 0, 0
11799, 25, 37, 127, 1, 0, 0.81%, 0, 0, 11, 25.94, 1140634, 72, 0, 0
11804, 25, 37, 127, 1, 0, 0.81%, 0, 0, 11, 26.14, 1140764, 72, 0, 0
11809, 25, 37, 127, 1, 0, 0.81%, 0, 0, 11, 26.10, 1140898, 72, 0, 0
11814, 25, 37, 127, 1, 0, 0.81%, 0, 0, 11, 25.09, 1141024, 72, 0, 0
11819, 25, 100, 127, 1, 0, 0.81%, 0, 0, 11, 25.77, 1141157, 72, 0, 0
11825, 25, 100, 127, 1, 0, 0.81%, 0, 0, 11, 26.02, 1141289, 72, 0, 0
11830, 25, 100, 127, 1, 0, 0.81%, 0, 0, 11, 25.70, 1141421, 72, 0, 0
11835, 25, 100, 127, 1, 0, 0.81%, 0, 0, 11, 25.63, 1141551, 72, 0, 0
11840, 25, 18, 127, 1, 0, 0.81%, 0, 0, 11, 27.09, 1141699, 72, 0, 0
11845, 25, 18, 127, 1, 0, 0.81%, 0, 0, 11, 26.30, 1141831, 72, 0, 0
11850, 25, 6, 127, 1, 0, 0.81%, 0, 0, 11, 25.86, 1141963, 72, 0, 0
11855, 25, 111, 127, 1, 0, 0.81%, 0, 0, 11, 25.97, 1142097, 72, 0, 0
11860, 25, 111, 127, 1, 0, 0.81%, 0, 0, 11, 26.13, 1142229, 72, 0, 0
11865, 25, 111, 127, 1, 0, 0.81%, 0, 0, 11, 26.12, 1142361, 72, 0, 0
11870, 25, 111, 127, 1, 0, 0.81%, 0, 0, 11, 25.74, 1142494, 72, 0, 0
11876, 25, 111, 127, 1, 0, 0.81%, 0, 0, 11, 25.40, 1142626, 72, 0, 0
11881, 25, 111, 127, 1, 0, 0.81%, 0, 0, 11, 25.44, 1142755, 72, 0, 0
11886, 25, 111, 127, 1, 0, 0.81%, 0, 0, 11, 25.89, 1142887, 72, 0, 0
11891, 25, 111, 127, 1, 0, 0.81%, 0, 0, 11, 25.53, 1143016, 72, 0, 0
11896, 25, 111, 127, 1, 0, 0.81%, 0, 0, 11, 25.39, 1143147, 72, 0, 0
11901, 25, 111, 127, 1, 0, 0.81%, 0, 0, 11, 25.20, 1143278, 72, 0, 0
11906, 25, 47, 127, 1, 0, 0.81%, 0, 0, 11, 25.21, 1143407, 72, 0, 0
11911, 25, 47, 127, 1, 0, 0.81%, 0, 0, 11, 26.61, 1143540, 72, 0, 0
11916, 25, 47, 127, 1, 0, 0.81%, 0, 0, 11, 25.78, 1143671, 72, 0, 0
11922, 25, 47, 127, 1, 0, 0.81%, 0, 0, 11, 25.45, 1143799, 72, 0, 0
11927, 25, 47, 127, 1, 0, 0.81%, 0, 0, 11, 25.19, 1143930, 72, 0, 0
11932, 25, 2, 127, 1, 0, 0.81%, 0, 0, 11, 25.24, 1144060, 72, 0, 0
11937, 25, 2, 127, 1, 0, 0.81%, 0, 0, 11, 25.37, 1144191, 72, 0, 0
11942, 25, 32, 127, 1, 0, 0.81%, 0, 0, 11, 25.61, 1144322, 72, 0, 0
11947, 25, 32, 127, 1, 0, 0.81%, 0, 0, 11, 25.43, 1144454, 72, 0, 0
11953, 25, 36, 127, 1, 0, 0.81%, 0, 0, 11, 26.23, 1144591, 72, 0, 0
11958, 25, 36, 127, 1, 0, 0.81%, 0, 0, 11, 25.52, 1144722, 72, 0, 0
11963, 25, 36, 127, 1, 0, 0.81%, 0, 0, 11, 25.85, 1144856, 72, 0, 0
11968, 25, 7, 127, 1, 0, 0.81%, 0, 0, 11, 25.69, 1144985, 72, 0, 0
11973, 25, 7, 127, 1, 0, 0.81%, 0, 0, 11, 25.78, 1145121, 72, 0, 0
11978, 25, 94, 127, 1, 0, 0.81%, 0, 0, 11, 26.61, 1145257, 72, 0, 0
11984, 25, 94, 127, 1, 0, 0.81%, 0, 0, 11, 26.91, 1145397, 72, 0, 0
11989, 25, 94, 127, 1, 0, 0.81%, 0, 0, 11, 27.00, 1145535, 72, 0, 0
11994, 25, 94, 127, 1, 0, 0.81%, 0, 0, 11, 26.45, 1145670, 72, 0, 0
11999, 25, 94, 127, 1, 0, 0.81%, 0, 0, 11, 27.15, 1145807, 72, 0, 0
12004, 25, 94, 127, 1, 0, 0.81%, 0, 0, 11, 25.96, 1145937, 72, 0, 0
12009, 25, 94, 127, 1, 0, 0.81%, 0, 0, 11, 24.99, 1146062, 72, 0, 0
12014, 25, 10, 127, 1, 0, 0.81%, 0, 0, 11, 25.17, 1146194, 72, 0, 0
12019, 25, 10, 127, 1, 0, 0.81%, 0, 0, 11, 25.54, 1146327, 72, 0, 0
12025, 25, 6, 127, 1, 0, 0.81%, 0, 0, 11, 25.24, 1146456, 72, 0, 0
12030, 25, 117, 127, 1, 0, 0.81%, 0, 0, 11, 25.64, 1146583, 72, 0, 0
12035, 25, 117, 127, 1, 0, 0.81%, 0, 0, 11, 25.64, 1146713, 72, 0, 0
12040, 25, 117, 127, 1, 0, 0.81%, 0, 0, 11, 25.56, 1146847, 72, 0, 0
12045, 25, 117, 127, 1, 0, 0.81%, 0, 0, 11, 25.73, 1146978, 72, 0, 0
12050, 25, 117, 127, 1, 0, 0.81%, 0, 0, 11, 25.58, 1147108, 72, 0, 0
12055, 25, 117, 127, 1, 0, 0.81%, 0, 0, 11, 26.15, 1147244, 72, 0, 0
12060, 25, 23, 127, 1, 0, 0.81%, 0, 0, 11, 26.38, 1147374, 72, 0, 0
12065, 25, 23, 127, 1, 0, 0.81%, 0, 0, 11, 26.43, 1147508, 72, 0, 0
12070, 25, 23, 127, 1, 0, 0.81%, 0, 0, 11, 26.14, 1147641, 72, 0, 0
12076, 25, 35, 127, 1, 0, 0.81%, 0, 0, 11, 26.45, 1147778, 72, 0, 0
12081, 25, 35, 127, 1, 0, 0.81%, 0, 0, 11, 25.42, 1147909, 72, 0, 0
12086, 25, 10, 127, 1, 0, 0.81%, 0, 0, 11, 24.79, 1148033, 72, 0, 0
12091, 25, 10, 127, 1, 0, 0.81%, 0, 0, 11, 26.10, 1148169, 72, 0, 0
12096, 25, 26, 127, 1, 0, 0.81%, 0, 0, 11, 25.50, 1148296, 72, 0, 0
12101, 25, 26, 127, 1, 0, 0.81%, 0, 0, 11, 24.79, 1148422, 72, 0, 0
12106, 25, 26, 127, 1, 0, 0.81%, 0, 0, 11, 25.61, 1148552, 72, 0, 0
12111, 25, 10, 127, 1, 0, 0.81%, 0, 0, 11, 25.70, 1148680, 72, 0, 0
12116, 25, 10, 127, 1, 0, 0.81%, 0, 0, 11, 25.72, 1148812, 72, 0, 0
12122, 25, 34, 127, 1, 0, 0.81%, 0, 0, 11, 26.06, 1148946, 72, 0, 0
12127, 25, 34, 127, 1, 0, 0.81%, 0, 0, 11, 25.80, 1149078, 72, 0, 0
12132, 25, 58, 127, 1, 0, 0.81%, 0, 0, 11, 26.03, 1149212, 72, 0, 0
12137, 25, 58, 127, 1, 0, 0.81%, 0, 0, 11, 26.13, 1149343, 72, 0, 0
12142, 25, 58, 127, 1, 0, 0.81%, 0, 0, 11, 25.98, 1149478, 72, 0, 0
12147, 25, 58, 127, 1, 0, 0.81%, 0, 0, 11, 26.16, 1149613, 72, 0, 0
12152, 25, 58, 127, 1, 0, 0.81%, 0, 0, 11, 26.77, 1149750, 72, 0, 0
12157, 25, 112, 127, 1, 0, 0.81%, 0, 0, 11, 22.47, 1150141, 72, 0, 0
12163, 25, 112, 127, 1, 0, 0.81%, 0, 0, 11, 26.38, 1150333, 72, 0, 0
12168, 25, 19, 127, 1, 0, 0.81%, 0, 0, 11, 27.43, 1150663, 72, 0, 0
12173, 25, 19, 127, 1, 0, 0.81%, 0, 0, 11, 25.57, 1150791, 72, 0, 0
12178, 25, 19, 127, 1, 0, 0.81%, 0, 0, 11, 25.96, 1150926, 72, 0, 0
12183, 25, 57, 127, 1, 0, 0.81%, 0, 0, 11, 26.10, 1151061, 72, 0, 0
12188, 25, 57, 127, 1, 0, 0.81%, 0, 0, 11, 26.57, 1151200, 72, 0, 0
12193, 25, 57, 127, 1, 0, 0.81%, 0, 0, 11, 26.56, 1151337, 72, 0, 0
12199, 25, 57, 127, 1, 0, 0.81%, 0, 0, 11, 27.08, 1151477, 72, 0, 0
12204, 25, 32, 127, 1, 0, 0.81%, 0, 0, 11, 188.12, 1151971, 72, 0, 0
12209, 25, 37, 127, 1, 0, 0.81%, 0, 0, 11, 26.43, 1152220, 72, 0, 0
12214, 25, 61, 127, 1, 0, 0.81%, 0, 0, 11, 25.64, 1152346, 72, 0, 0
12219, 25, 61, 127, 1, 0, 0.81%, 0, 0, 11, 28.01, 1152523, 72, 0, 0
12224, 25, 61, 127, 1, 0, 0.81%, 0, 0, 11, 29.64, 1152678, 72, 0, 0
12229, 25, 61, 127, 1, 0, 0.81%, 0, 0, 11, 29.13, 1152828, 72, 0, 0
12235, 25, 126, 127, 1, 0, 0.81%, 0, 0, 11, 29.31, 1152981, 72, 0, 0
12240, 25, 126, 127, 1, 0, 0.81%, 0, 0, 11, 29.38, 1153134, 72, 0, 0
12245, 25, 126, 127, 1, 0, 0.81%, 0, 0, 11, 29.36, 1153284, 72, 0, 0
12250, 25, 126, 127, 1, 0, 0.81%, 0, 0, 11, 29.38, 1153514, 72, 0, 0
12255, 25, 126, 128, 2, 0, 0.81%, 0, 0, 11, 29.74, 1153834, 72, 0, 0
12260, 25, 126, 128, 2, 0, 0.81%, 0, 0, 11, 29.54, 1153986, 72, 0, 0
12265, 25, 126, 128, 2, 0, 0.81%, 0, 0, 11, 29.71, 1154140, 72, 0, 0
12271, 25, 126, 128, 2, 0, 0.81%, 0, 0, 11, 29.55, 1154291, 72, 0, 0
12276, 25, 126, 128, 2, 0, 0.81%, 0, 0, 11, 29.00, 1154440, 72, 0, 0
12281, 25, 126, 128, 2, 0, 0.81%, 0, 0, 11, 29.51, 1154589, 72, 0, 0
12286, 25, 126, 128, 2, 0, 0.81%, 0, 0, 11, 29.63, 1154739, 72, 0, 0
12291, 25, 126, 128, 2, 0, 0.81%, 0, 0, 11, 29.33, 1154886, 72, 0, 0
12296, 25, 126, 128, 2, 0, 0.81%, 0, 0, 11, 29.14, 1155032, 72, 0, 0
12301, 25, 126, 128, 2, 0, 0.81%, 0, 0, 11, 29.45, 1155182, 72, 0, 0
12306, 25, 126, 128, 2, 0, 0.81%, 0, 0, 11, 29.46, 1155334, 72, 0, 0
12311, 25, 126, 128, 2, 0, 0.81%, 0, 0, 11, 29.10, 1155485, 72, 0, 0
12316, 25, 126, 128, 2, 0, 0.81%, 0, 0, 11, 27.10, 1155619, 72, 0, 0
12321, 25, 126, 128, 2, 0, 0.81%, 0, 0, 11, 26.18, 1155753, 72, 0, 0
12327, 25, 126, 128, 2, 0, 0.81%, 0, 0, 11, 26.13, 1155888, 72, 0, 0
12332, 25, 126, 128, 2, 0, 0.81%, 0, 0, 11, 25.88, 1156021, 72, 0, 0
12337, 25, 126, 128, 2, 0, 0.81%, 0, 0, 11, 26.80, 1156160, 72, 0, 0
12342, 25, 126, 128, 2, 0, 0.81%, 0, 0, 11, 25.73, 1156290, 72, 0, 0
12347, 25, 126, 128, 2, 0, 0.81%, 0, 0, 11, 25.65, 1156423, 72, 0, 0
12352, 25, 126, 128, 2, 0, 0.81%, 0, 0, 11, 26.34, 1156560, 72, 0, 0
12358, 25, 126, 128, 2, 0, 0.81%, 0, 0, 11, 25.66, 1156693, 72, 0, 0
12363, 25, 126, 128, 2, 0, 0.81%, 0, 0, 11, 26.08, 1156824, 72, 0, 0
12368, 25, 126, 128, 2, 0, 0.81%, 0, 0, 11, 26.17, 1156956, 72, 0, 0
12373, 25, 126, 128, 2, 0, 0.81%, 0, 0, 11, 26.78, 1157094, 72, 0, 0
12378, 25, 126, 128, 2, 0, 0.81%, 0, 0, 11, 25.90, 1157226, 72, 0, 0
12383, 25, 126, 128, 2, 0, 0.81%, 0, 0, 11, 25.74, 1157358, 72, 0, 0
12388, 25, 126, 128, 2, 0, 0.81%, 0, 0, 11, 25.77, 1157485, 72, 0, 0
12393, 25, 126, 128, 2, 0, 0.81%, 0, 0, 11, 25.77, 1157618, 72, 0, 0
12398, 25, 126, 128, 2, 0, 0.81%, 0, 0, 11, 25.57, 1157747, 72, 0, 0
12403, 25, 55, 128, 1, 0, 0.81%, 0, 0, 11, 26.32, 1157883, 72, 0, 0
12409, 25, 35, 128, 1, 0, 0.81%, 0, 0, 11, 26.38, 1158016, 72, 0, 0
12414, 25, 35, 128, 1, 0, 0.81%, 0, 0, 11, 26.55, 1158152, 72, 0, 0
12419, 25, 94, 128, 1, 0, 0.81%, 0, 0, 11, 26.16, 1158283, 72, 0, 0
12424, 25, 94, 128, 1, 0, 0.81%, 0, 0, 11, 25.58, 1158412, 72, 0, 0
12429, 25, 94, 128, 1, 0, 0.81%, 0, 0, 11, 25.68, 1158541, 72, 0, 0
12434, 25, 94, 128, 1, 0, 0.81%, 0, 0, 11, 25.43, 1158672, 72, 0, 0
12439, 25, 94, 128, 1, 0, 0.81%, 0, 0, 11, 26.44, 1158806, 72, 0, 0
12444, 25, 94, 128, 1, 0, 0.81%, 0, 0, 11, 26.24, 1158937, 72, 0, 0
12449, 25, 94, 128, 1, 0, 0.81%, 0, 0, 11, 26.61, 1159073, 72, 0, 0
12454, 25, 94, 128, 1, 0, 0.81%, 0, 0, 11, 25.96, 1159206, 72, 0, 0
12460, 25, 94, 128, 1, 0, 0.81%, 0, 0, 11, 26.73, 1159346, 72, 0, 0
12465, 25, 94, 128, 1, 0, 0.81%, 0, 0, 11, 26.65, 1159482, 72, 0, 0
12470, 25, 94, 128, 1, 0, 0.81%, 0, 0, 11, 26.04, 1159616, 72, 0, 0
12475, 25, 94, 128, 1, 0, 0.81%, 0, 0, 11, 26.14, 1159749, 72, 0, 0
12480, 25, 94, 128, 1, 0, 0.81%, 0, 0, 11, 25.68, 1159879, 72, 0, 0
12485, 25, 94, 128, 1, 0, 0.81%, 0, 0, 11, 26.04, 1160011, 72, 0, 0
12490, 25, 58, 128, 1, 0, 0.81%, 0, 0, 11, 26.23, 1160144, 72, 0, 0
12495, 25, 58, 128, 1, 0, 0.81%, 0, 0, 11, 26.01, 1160278, 72, 0, 0
12500, 25, 58, 128, 1, 0, 0.81%, 0, 0, 11, 26.46, 1160413, 72, 0, 0
12505, 25, 58, 128, 1, 0, 0.81%, 0, 0, 11, 26.05, 1160543, 72, 0, 0
12511, 25, 57, 128, 1, 0, 0.81%, 0, 0, 11, 26.63, 1160681, 72, 0, 0
12516, 25, 57, 128, 1, 0, 0.81%, 0, 0, 11, 26.69, 1160816, 72, 0, 0
12521, 25, 57, 128, 1, 0, 0.81%, 0, 0, 11, 26.07, 1160946, 72, 0, 0
12526, 25, 57, 128, 1, 0, 0.81%, 0, 0, 11, 25.50, 1161072, 72, 0, 0
12531, 25, 57, 128, 1, 0, 0.81%, 0, 0, 11, 24.81, 1161200, 72, 0, 0
12536, 25, 57, 128, 1, 0, 0.81%, 0, 0, 11, 25.02, 1161325, 72, 0, 0
12541, 25, 57, 128, 1, 0, 0.81%, 0, 0, 11, 25.85, 1161460, 72, 0, 0
12546, 25, 57, 128, 1, 0, 0.81%, 0, 0, 11, 25.14, 1161589, 72, 0, 0
12551, 25, 57, 128, 1, 0, 0.81%, 0, 0, 11, 25.10, 1161716, 72, 0, 0
12557, 25, 57, 128, 1, 0, 0.81%, 0, 0, 11, 27.67, 1161858, 72, 0, 0
12562, 25, 59, 128, 1, 0, 0.81%, 0, 0, 11, 27.39, 1162009, 72, 0, 0
12567, 25, 35, 128, 1, 0, 0.81%, 0, 0, 11, 25.47, 1162307, 72, 0, 0
12572, 25, 35, 128, 1, 0, 0.81%, 0, 0, 11, 25.43, 1162435, 72, 0, 0
12577, 25, 35, 128, 1, 0, 0.81%, 0, 0, 11, 25.43, 1162568, 72, 0, 0
12582, 25, 35, 128, 1, 0, 0.81%, 0, 0, 11, 25.58, 1162701, 72, 0, 0
12587, 25, 57, 128, 1, 0, 0.81%, 0, 0, 11, 25.63, 1162831, 72, 0, 0
12592, 25, 57, 128, 1, 0, 0.81%, 0, 0, 11, 25.53, 1162966, 72, 0, 0
12598, 25, 57, 128, 1, 0, 0.81%, 0, 0, 11, 25.49, 1163098, 72, 0, 0
12603, 25, 57, 128, 1, 0, 0.81%, 0, 0, 11, 25.91, 1163229, 72, 0, 0
12608, 25, 57, 128, 1, 0, 0.81%, 0, 0, 11, 25.52, 1163358, 72, 0, 0
12613, 25, 111, 128, 1, 0, 0.81%, 0, 0, 11, 25.83, 1163491, 72, 0, 0
12618, 25, 111, 128, 1, 0, 0.81%, 0, 0, 11, 25.61, 1163619, 72, 0, 0
12623, 25, 111, 128, 1, 0, 0.81%, 0, 0, 11, 25.83, 1163753, 72, 0, 0
12628, 25, 111, 128, 1, 0, 0.81%, 0, 0, 11, 25.47, 1163884, 72, 0, 0
12633, 25, 111, 128, 1, 0, 0.81%, 0, 0, 11, 24.95, 1164010, 72, 0, 0
12639, 25, 111, 128, 1, 0, 0.81%, 0, 0, 11, 25.21, 1164141, 72, 0, 0
12644, 25, 111, 128, 1, 0, 0.81%, 0, 0, 11, 25.13, 1164272, 72, 0, 0
12649, 25, 111, 128, 1, 0, 0.81%, 0, 0, 11, 25.94, 1164406, 72, 0, 0
12654, 25, 111, 128, 1, 0, 0.81%, 0, 0, 11, 25.39, 1164531, 72, 0, 0
12659, 25, 111, 128, 1, 0, 0.81%, 0, 0, 11, 25.76, 1164665, 72, 0, 0
12664, 25, 99, 128, 1, 0, 0.81%, 0, 0, 11, 25.82, 1164797, 72, 0, 0
12669, 25, 99, 128, 1, 0, 0.81%, 0, 0, 11, 25.98, 1164931, 72, 0, 0
12675, 25, 99, 128, 1, 0, 0.81%, 0, 0, 11, 26.18, 1165068, 72, 0, 0
12680, 25, 99, 128, 1, 0, 0.81%, 0, 0, 11, 25.86, 1165202, 72, 0, 0
12685, 25, 99, 128, 1, 0, 0.81%, 0, 0, 11, 26.77, 1165340, 72, 0, 0
12690, 25, 61, 128, 1, 0, 0.81%, 0, 0, 11, 26.34, 1165473, 72, 0, 0
12695, 25, 61, 128, 1, 0, 0.81%, 0, 0, 11, 26.36, 1165605, 72, 0, 0
12700, 25, 61, 128, 1, 0, 0.81%, 0, 0, 11, 25.84, 1165735, 72, 0, 0
12705, 25, 61, 128, 1, 0, 0.81%, 0, 0, 11, 25.18, 1165865, 72, 0, 0
12710, 25, 61, 128, 1, 0, 0.81%, 0, 0, 11, 26.06, 1165997, 72, 0, 0
12715, 25, 12, 128, 1, 0, 0.81%, 0, 0, 11, 25.62, 1166128, 72, 0, 0
12721, 25, 9, 128, 1, 0, 0.81%, 0, 0, 11, 26.19, 1166264, 72, 0, 0
12726, 25, 9, 128, 1, 0, 0.81%, 0, 0, 11, 25.35, 1166393, 72, 0, 0
12731, 25, 13, 128, 1, 0, 0.81%, 0, 0, 11, 25.86, 1166525, 72, 0, 0
12736, 25, 13, 128, 1, 0, 0.81%, 0, 0, 11, 26.03, 1166658, 72, 0, 0
12741, 25, 94, 128, 1, 0, 0.81%, 0, 0, 11, 25.82, 1166790, 72, 0, 0
12746, 25, 94, 128, 1, 0, 0.81%, 0, 0, 11, 25.63, 1166923, 72, 0, 0
12751, 25, 94, 128, 1, 0, 0.81%, 0, 0, 11, 25.68, 1167058, 72, 0, 0
12757, 25, 94, 128, 1, 0, 0.81%, 0, 0, 11, 26.45, 1167195, 72, 0, 0
12762, 25, 94, 128, 1, 0, 0.81%, 0, 0, 11, 26.43, 1167329, 72, 0, 0
12767, 25, 94, 128, 1, 0, 0.81%, 0, 0, 11, 25.74, 1167460, 72, 0, 0
12772, 25, 94, 128, 1, 0, 0.81%, 0, 0, 11, 26.16, 1167594, 72, 0, 0
12777, 25, 98, 128, 1, 0, 0.81%, 0, 0, 11, 25.89, 1167721, 72, 0, 0
12782, 25, 9, 128, 1, 0, 0.81%, 0, 0, 11, 25.84, 1167851, 72, 0, 0
12787, 25, 9, 128, 1, 0, 0.81%, 0, 0, 11, 25.68, 1167982, 72, 0, 0
12792, 25, 58, 128, 1, 0, 0.81%, 0, 0, 11, 25.49, 1168111, 72, 0, 0
12797, 25, 58, 128, 1, 0, 0.81%, 0, 0, 11, 26.65, 1168251, 72, 0, 0
12802, 25, 58, 128, 1, 0, 0.81%, 0, 0, 11, 26.50, 1168386, 72, 0, 0
12808, 25, 58, 128, 1, 0, 0.81%, 0, 0, 11, 25.76, 1168518, 72, 0, 0
12813, 25, 38, 128, 1, 0, 0.81%, 0, 0, 11, 26.26, 1168653, 72, 0, 0
12818, 25, 99, 128, 1, 0, 0.81%, 0, 0, 11, 26.71, 1168785, 72, 0, 0
12823, 25, 99, 128, 1, 0, 0.81%, 0, 0, 11, 25.94, 1168917, 72, 0, 0
12828, 25, 99, 128, 1, 0, 0.81%, 0, 0, 11, 26.23, 1169049, 72, 0, 0
12833, 25, 99, 128, 1, 0, 0.81%, 0, 0, 11, 25.46, 1169180, 72, 0, 0
12838, 25, 100, 128, 1, 0, 0.81%, 0, 0, 11, 26.15, 1169316, 72, 0, 0
12843, 25, 100, 128, 1, 0, 0.81%, 0, 0, 11, 25.84, 1169447, 72, 0, 0
12849, 25, 100, 128, 1, 0, 0.81%, 0, 0, 11, 25.91, 1169580, 72, 0, 0
12854, 25, 100, 128, 1, 0, 0.81%, 0, 0, 11, 25.91, 1169712, 72, 0, 0
12859, 25, 100, 128, 1, 0, 0.81%, 0, 0, 11, 26.42, 1169850, 72, 0, 0
12864, 25, 30, 128, 1, 0, 0.81%, 0, 0, 11, 25.63, 1169983, 72, 0, 0
12869, 25, 30, 128, 1, 0, 0.81%, 0, 0, 11, 25.44, 1170114, 72, 0, 0
12874, 25, 21, 128, 1, 0, 0.81%, 0, 0, 11, 26.23, 1170248, 72, 0, 0
12879, 25, 21, 128, 1, 0, 0.81%, 0, 0, 11, 26.47, 1170382, 72, 0, 0
12885, 25, 61, 128, 1, 0, 0.81%, 0, 0, 11, 25.99, 1170513, 72, 0, 0
12890, 25, 61, 128, 1, 0, 0.81%, 0, 0, 11, 26.49, 1170650, 72, 0, 0
12895, 25, 61, 128, 1, 0, 0.81%, 0, 0, 11, 25.69, 1170778, 72, 0, 0
12900, 25, 61, 128, 1, 0, 0.81%, 0, 0, 11, 26.03, 1170914, 72, 0, 0
12905, 25, 61, 128, 1, 0, 0.81%, 0, 0, 11, 26.07, 1171047, 72, 0, 0
12910, 25, 20, 128, 1, 0, 0.81%, 0, 0, 11, 26.08, 1171180, 72, 0, 0
12915, 25, 47, 128, 1, 0, 0.81%, 0, 0, 11, 26.25, 1171312, 72, 0, 0
12920, 25, 47, 128, 1, 0, 0.81%, 0, 0, 11, 25.25, 1171442, 72, 0, 0
12926, 25, 47, 128, 1, 0, 0.81%, 0, 0, 11, 25.92, 1171578, 72, 0, 0
12931, 25, 47, 128, 1, 0, 0.81%, 0, 0, 11, 26.32, 1171710, 72, 0, 0
12936, 25, 47, 128, 1, 0, 0.81%, 0, 0, 11, 25.81, 1171842, 72, 0, 0
12941, 25, 47, 128, 1, 0, 0.81%, 0, 0, 11, 25.51, 1171974, 72, 0, 0
12946, 25, 47, 128, 1, 0, 0.81%, 0, 0, 11, 25.34, 1172101, 72, 0, 0
12951, 25, 47, 128, 1, 0, 0.81%, 0, 0, 11, 24.76, 1172225, 72, 0, 0
12956, 25, 47, 128, 1, 0, 0.81%, 0, 0, 11, 25.73, 1172355, 72, 0, 0
12961, 25, 7, 128, 1, 0, 0.81%, 0, 0, 11, 25.14, 1172485, 72, 0, 0
12966, 25, 7, 128, 1, 0, 0.81%, 0, 0, 11, 25.21, 1172610, 72, 0, 0
12971, 25, 27, 128, 1, 0, 0.81%, 0, 0, 11, 25.42, 1172741, 72, 0, 0
12977, 25, 27, 128, 1, 0, 0.81%, 0, 0, 11, 25.91, 1172876, 72, 0, 0
12982, 25, 10, 128, 1, 0, 0.81%, 0, 0, 11, 26.13, 1173009, 72, 0, 0
12987, 25, 10, 128, 1, 0, 0.81%, 0, 0, 11, 25.44, 1173140, 72, 0, 0
12992, 25, 10, 128, 1, 0, 0.81%, 0, 0, 11, 26.46, 1173274, 72, 0, 0
12997, 25, 111, 128, 1, 0, 0.81%, 0, 0, 11, 26.42, 1173408, 72, 0, 0
13002, 25, 111, 128, 1, 0, 0.81%, 0, 0, 11, 25.82, 1173539, 72, 0, 0
13007, 25, 111, 128, 1, 0, 0.81%, 0, 0, 11, 26.14, 1173672, 72, 0, 0
13012, 25, 111, 128, 1, 0, 0.81%, 0, 0, 11, 26.45, 1173807, 72, 0, 0
13017, 25, 111, 128, 1, 0, 0.81%, 0, 0, 11, 26.20, 1173941, 72, 0, 0
13023, 25, 111, 128, 1, 0, 0.81%, 0, 0, 11, 25.84, 1174072, 72, 0, 0
13028, 25, 111, 128, 1, 0, 0.81%, 0, 0, 11, 25.53, 1174204, 72, 0, 0
13033, 25, 111, 128, 1, 0, 0.81%, 0, 0, 11, 26.29, 1174339, 72, 0, 0
13038, 25, 111, 128, 1, 0, 0.81%, 0, 0, 11, 25.25, 1174466, 72, 0, 0
13043, 25, 111, 128, 1, 0, 0.81%, 0, 0, 11, 24.85, 1174594, 72, 0, 0
13048, 25, 58, 128, 1, 0, 0.81%, 0, 0, 11, 25.64, 1174729, 72, 0, 0
13054, 25, 58, 128, 1, 0, 0.81%, 0, 0, 11, 26.99, 1174865, 72, 0, 0
13059, 25, 58, 128, 1, 0, 0.81%, 0, 0, 11, 25.76, 1174995, 72, 0, 0
13064, 25, 58, 128, 1, 0, 0.81%, 0, 0, 11, 25.88, 1175128, 72, 0, 0
13069, 25, 58, 128, 1, 0, 0.81%, 0, 0, 11, 26.05, 1175262, 72, 0, 0
13074, 25, 9, 128, 1, 0, 0.81%, 0, 0, 11, 25.32, 1175393, 72, 0, 0
13079, 25, 9, 128, 1, 0, 0.81%, 0, 0, 11, 25.60, 1175525, 72, 0, 0
13084, 25, 124, 128, 1, 0, 0.81%, 0, 0, 11, 25.07, 1175653, 72, 0, 0
13089, 25, 14, 128, 1, 0, 0.81%, 0, 0, 11, 26.09, 1175789, 72, 0, 0
13095, 25, 14, 128, 1, 0, 0.81%, 0, 0, 11, 28.03, 1175932, 72, 0, 0
13100, 25, 32, 128, 1, 0, 0.81%, 0, 0, 11, 30.18, 1176084, 72, 0, 0
13105, 25, 32, 128, 1, 0, 0.81%, 0, 0, 11, 27.26, 1176221, 72, 0, 0
13110, 25, 10, 128, 1, 0, 0.81%, 0, 0, 11, 24.59, 1176554, 72, 0, 0
13115, 25, 94, 128, 1, 0, 0.81%, 0, 0, 11, 26.53, 1176730, 72, 0, 0
13120, 25, 94, 128, 1, 0, 0.81%, 0, 0, 11, 26.34, 1176860, 72, 0, 0
13125, 25, 94, 128, 1, 0, 0.81%, 0, 0, 11, 26.82, 1176997, 72, 0, 0
13130, 25, 94, 128, 1, 0, 0.81%, 0, 0, 11, 29.65, 1177138, 72, 0, 0
13136, 25, 94, 128, 1, 0, 0.81%, 0, 0, 11, 29.19, 1177291, 72, 0, 0
13141, 25, 58, 128, 1, 0, 0.81%, 0, 0, 11, 26.25, 1177528, 72, 0, 0
13146, 25, 58, 128, 1, 0, 0.81%, 0, 0, 11, 59.32, 1177845, 72, 0, 0
13151, 25, 58, 128, 1, 0, 0.81%, 0, 0, 11, 36.13, 1177988, 72, 0, 0
13156, 25, 100, 128, 1, 0, 0.81%, 0, 0, 11, 24.57, 1178550, 72, 0, 0
13161, 25, 100, 128, 1, 0, 0.81%, 0, 0, 11, 26.63, 1178854, 72, 0, 0
13166, 25, 16, 128, 1, 0, 0.81%, 0, 0, 11, 207.50, 1179084, 72, 0, 0
13171, 25, 16, 128, 1, 0, 0.81%, 0, 0, 11, 27.64, 1179308, 72, 0, 0
13176, 25, 100, 128, 1, 0, 0.81%, 0, 0, 11, 27.45, 1179444, 72, 0, 0
13182, 25, 100, 128, 1, 0, 0.81%, 0, 0, 11, 27.44, 1179586, 72, 0, 0
13187, 25, 100, 128, 1, 0, 0.81%, 0, 0, 11, 26.58, 1179721, 72, 0, 0
13192, 25, 100, 128, 1, 0, 0.81%, 0, 0, 11, 26.45, 1179854, 72, 0, 0
13197, 25, 100, 128, 1, 0, 0.81%, 0, 0, 11, 26.67, 1179990, 72, 0, 0
13202, 25, 36, 128, 1, 0, 0.81%, 0, 0, 11, 26.03, 1180124, 72, 0, 0
13207, 25, 36, 128, 1, 0, 0.81%, 0, 0, 11, 26.13, 1180255, 72, 0, 0
13212, 25, 111, 128, 1, 0, 0.81%, 0, 0, 11, 26.58, 1180387, 72, 0, 0
13217, 25, 111, 128, 1, 0, 0.81%, 0, 0, 11, 25.51, 1180514, 72, 0, 0
13222, 25, 111, 128, 1, 0, 0.81%, 0, 0, 11, 25.80, 1180648, 72, 0, 0
13228, 25, 111, 128, 1, 0, 0.81%, 0, 0, 11, 25.82, 1180784, 72, 0, 0
13233, 25, 111, 128, 1, 0, 0.81%, 0, 0, 11, 25.46, 1180911, 72, 0, 0
13238, 25, 111, 128, 1, 0, 0.81%, 0, 0, 11, 25.87, 1181043, 72, 0, 0
13243, 25, 111, 128, 1, 0, 0.81%, 0, 0, 11, 25.90, 1181176, 72, 0, 0
13248, 25, 111, 128, 1, 0, 0.81%, 0, 0, 11, 25.82, 1181306, 72, 0, 0
13253, 25, 111, 128, 1, 0, 0.81%, 0, 0, 11, 25.97, 1181439, 72, 0, 0
13258, 25, 111, 128, 1, 0, 0.81%, 0, 0, 11, 25.86, 1181570, 72, 0, 0
13263, 25, 37, 128, 1, 0, 0.81%, 0, 0, 11, 26.86, 1181710, 72, 0, 0
13268, 25, 37, 128, 1, 0, 0.81%, 0, 0, 11, 25.52, 1181839, 72, 0, 0
13273, 25, 61, 128, 1, 0, 0.81%, 0, 0, 11, 27.33, 1181976, 72, 0, 0
13278, 25, 61, 128, 1, 0, 0.81%, 0, 0, 11, 25.76, 1182109, 72, 0, 0
13283, 25, 61, 128, 1, 0, 0.81%, 0, 0, 11, 26.63, 1182245, 72, 0, 0
13289, 25, 61, 128, 1, 0, 0.81%, 0, 0, 11, 26.17, 1182378, 72, 0, 0
13294, 25, 61, 128, 1, 0, 0.81%, 0, 0, 11, 26.27, 1182514, 72, 0, 0
13299, 25, 85, 128, 1, 0, 0.81%, 0, 0, 11, 26.16, 1182647, 72, 0, 0
13304, 25, 85, 128, 1, 0, 0.81%, 0, 0, 11, 26.28, 1182782, 72, 0, 0
13309, 25, 85, 128, 1, 0, 0.81%, 0, 0, 11, 25.72, 1182913, 72, 0, 0
13314, 25, 85, 128, 1, 0, 0.81%, 0, 0, 11, 25.01, 1183043, 72, 0, 0
13319, 25, 85, 128, 1, 0, 0.81%, 0, 0, 11, 25.89, 1183173, 72, 0, 0
13324, 25, 36, 128, 1, 0, 0.81%, 0, 0, 11, 24.13, 1183295, 72, 0, 0
13330, 25, 36, 128, 1, 0, 0.81%, 0, 0, 11, 24.82, 1183422, 72, 0, 0
13335, 25, 30, 128, 1, 0, 0.81%, 0, 0, 11, 26.09, 1183559, 72, 0, 0
13340, 25, 30, 128, 1, 0, 0.81%, 0, 0, 11, 25.88, 1183690, 72, 0, 0
13345, 25, 9, 128, 1, 0, 0.81%, 0, 0, 11, 25.62, 1183823, 72, 0, 0
13350, 25, 9, 128, 1, 0, 0.81%, 0, 0, 11, 26.29, 1183957, 72, 0, 0
13355, 25, 9, 128, 1, 0, 0.81%, 0, 0, 11, 26.41, 1184088, 72, 0, 0
13360, 25, 117, 128, 1, 0, 0.81%, 0, 0, 11, 25.56, 1184403, 72, 0, 0
13365, 25, 117, 128, 1, 0, 0.81%, 0, 0, 11, 26.31, 1184538, 72, 0, 0
13371, 25, 117, 128, 1, 0, 0.81%, 0, 0, 11, 25.85, 1184672, 72, 0, 0
13376, 25, 117, 128, 1, 0, 0.81%, 0, 0, 11, 26.17, 1184808, 72, 0, 0
13381, 25, 117, 128, 1, 0, 0.81%, 0, 0, 11, 26.07, 1184938, 72, 0, 0
13386, 25, 57, 128, 1, 0, 0.81%, 0, 0, 11, 25.74, 1185069, 72, 0, 0
13391, 25, 57, 128, 1, 0, 0.81%, 0, 0, 11, 26.15, 1185201, 72, 0, 0
13396, 25, 57, 128, 1, 0, 0.81%, 0, 0, 11, 25.90, 1185336, 72, 0, 0
13401, 25, 57, 128, 1, 0, 0.81%, 0, 0, 11, 25.38, 1185464, 72, 0, 0
13406, 25, 57, 128, 1, 0, 0.81%, 0, 0, 11, 25.91, 1185596, 72, 0, 0
13411, 25, 50, 128, 1, 0, 0.81%, 0, 0, 11, 26.18, 1185731, 72, 0, 0
13417, 25, 50, 128, 1, 0, 0.81%, 0, 0, 11, 26.39, 1185869, 72, 0, 0
13422, 25, 50, 128, 1, 0, 0.81%, 0, 0, 11, 25.38, 1186000, 72, 0, 0
13427, 25, 50, 128, 1, 0, 0.81%, 0, 0, 11, 26.05, 1186134, 72, 0, 0
13432, 25, 51, 128, 1, 0, 0.81%, 0, 0, 11, 26.19, 1186267, 72, 0, 0
13437, 25, 51, 128, 1, 0, 0.81%, 0, 0, 11, 25.63, 1186400, 72, 0, 0
13442, 25, 61, 128, 1, 0, 0.81%, 0, 0, 11, 26.04, 1186535, 72, 0, 0
13447, 25, 61, 128, 1, 0, 0.81%, 0, 0, 11, 25.75, 1186664, 72, 0, 0
13452, 25, 61, 128, 1, 0, 0.81%, 0, 0, 11, 25.47, 1186791, 72, 0, 0
13458, 25, 61, 128, 1, 0, 0.81%, 0, 0, 11, 25.48, 1186920, 72, 0, 0
13463, 25, 61, 128, 1, 0, 0.81%, 0, 0, 11, 25.55, 1187049, 72, 0, 0
13468, 25, 94, 128, 1, 0, 0.81%, 0, 0, 11, 25.55, 1187181, 72, 0, 0
13473, 25, 94, 128, 1, 0, 0.81%, 0, 0, 11, 26.87, 1187318, 72, 0, 0
13478, 25, 94, 128, 1, 0, 0.81%, 0, 0, 11, 26.23, 1187450, 72, 0, 0
13483, 25, 94, 128, 1, 0, 0.81%, 0, 0, 11, 25.95, 1187582, 72, 0, 0
13488, 25, 94, 128, 1, 0, 0.81%, 0, 0, 11, 26.11, 1187712, 72, 0, 0
13493, 25, 94, 128, 1, 0, 0.81%, 0, 0, 11, 26.51, 1187848, 72, 0, 0
13498, 25, 94, 128, 1, 0, 0.81%, 0, 0, 11, 25.92, 1187983, 72, 0, 0
13503, 25, 111, 128, 1, 0, 0.81%, 0, 0, 11, 23.91, 1188617, 72, 0, 0
13509, 25, 111, 128, 1, 0, 0.81%, 0, 0, 11, 24.66, 1188748, 72, 0, 0
13514, 25, 111, 128, 1, 0, 0.81%, 0, 0, 11, 451.99, 1189142, 72, 0, 0
13519, 25, 111, 128, 1, 0, 0.81%, 0, 0, 11, 31.54, 1189357, 72, 0, 0
13524, 25, 111, 128, 1, 0, 0.81%, 0, 0, 11, 27.25, 1189492, 72, 0, 0
13529, 25, 111, 128, 1, 0, 0.81%, 0, 0, 11, 26.42, 1189624, 72, 0, 0
13534, 25, 14, 128, 1, 0, 0.81%, 0, 0, 11, 26.32, 1189756, 72, 0, 0
13539, 25, 14, 128, 1, 0, 0.81%, 0, 0, 11, 26.91, 1189893, 72, 0, 0
13545, 25, 66, 128, 1, 0, 0.81%, 0, 0, 11, 26.96, 1190033, 72, 0, 0
13550, 25, 66, 128, 1, 0, 0.81%, 0, 0, 11, 26.89, 1190171, 72, 0, 0
13555, 25, 66, 128, 1, 0, 0.81%, 0, 0, 11, 26.26, 1190304, 72, 0, 0
13560, 25, 66, 128, 1, 0, 0.81%, 0, 0, 11, 25.71, 1190436, 72, 0, 0
13565, 25, 84, 128, 1, 0, 0.81%, 0, 0, 11, 25.67, 1190571, 72, 0, 0
13570, 25, 84, 128, 1, 0, 0.81%, 0, 0, 11, 25.26, 1190698, 72, 0, 0
13575, 25, 84, 128, 1, 0, 0.81%, 0, 0, 11, 27.02, 1190834, 72, 0, 0
13581, 26, 61, 128, 1, 0, 0.81%, 0, 0, 11, 30.30, 1191204, 72, 0, 0
13586, 26, 61, 128, 1, 0, 0.81%, 0, 0, 11, 29.84, 1191355, 72, 0, 0
13591, 26, 61, 128, 1, 0, 0.81%, 0, 0, 11, 29.25, 1191506, 72, 0, 0
13596, 26, 61, 128, 1, 0, 0.81%, 0, 0, 11, 29.31, 1191653, 72, 0, 0
13601, 26, 7, 128, 1, 0, 0.81%, 0, 0, 11, 29.74, 1191804, 72, 0, 0
13606, 26, 7, 128, 1, 0, 0.81%, 0, 0, 11, 30.25, 1191957, 72, 0, 0
13611, 26, 99, 128, 1, 0, 0.81%, 0, 0, 11, 29.37, 1192104, 72, 0, 0
13616, 26, 99, 128, 1, 0, 0.81%, 0, 0, 11, 29.35, 1192252, 72, 0, 0
13621, 26, 99, 128, 1, 0, 0.81%, 0, 0, 11, 29.81, 1192403, 72, 0, 0
13626, 26, 99, 128, 1, 0, 0.81%, 0, 0, 11, 29.58, 1192552, 72, 0, 0
13631, 26, 14, 128, 1, 0, 0.81%, 0, 0, 11, 29.73, 1192704, 72, 0, 0
13636, 26, 14, 128, 1, 0, 0.81%, 0, 0, 11, 29.74, 1192855, 72, 0, 0
13642, 26, 26, 128, 1, 0, 0.81%, 0, 0, 11, 29.83, 1193007, 72, 0, 0
13647, 26, 26, 128, 1, 0, 0.81%, 0, 0, 11, 29.23, 1193155, 72, 0, 0
13652, 26, 23, 128, 1, 0, 0.81%, 0, 0, 11, 29.55, 1193305, 72, 0, 0
13657, 26, 23, 128, 1, 0, 0.81%, 0, 0, 11, 29.59, 1193455, 72, 0, 0
13662, 26, 27, 128, 1, 0, 0.81%, 0, 0, 11, 29.75, 1193606, 72, 0, 0
13667, 26, 27, 128, 1, 0, 0.81%, 0, 0, 11, 29.43, 1193758, 72, 0, 0
13672, 26, 35, 128, 1, 0, 0.81%, 0, 0, 11, 28.99, 1193908, 72, 0, 0
13677, 26, 35, 128, 1, 0, 0.81%, 0, 0, 11, 27.06, 1194044, 72, 0, 0
13682, 26, 35, 128, 1, 0, 0.81%, 0, 0, 11, 26.48, 1194181, 72, 0, 0
13688, 26, 36, 128, 1, 0, 0.81%, 0, 0, 11, 26.37, 1194317, 72, 0, 0
13693, 26, 36, 128, 1, 0, 0.81%, 0, 0, 11, 26.14, 1194453, 72, 0, 0
13698, 26, 100, 128, 1, 0, 0.81%, 0, 0, 11, 26.01, 1194588, 72, 0, 0
13703, 26, 100, 128, 1, 0, 0.81%, 0, 0, 11, 26.27, 1194720, 72, 0, 0
13708, 26, 100, 128, 1, 0, 0.81%, 0, 0, 11, 25.82, 1194851, 72, 0, 0
13713, 26, 100, 128, 1, 0, 0.81%, 0, 0, 11, 25.68, 1194983, 72, 0, 0
13719, 26, 27, 128, 1, 0, 0.81%, 0, 0, 11, 29.13, 1195177, 72, 0, 0
13724, 26, 27, 128, 1, 0, 0.81%, 0, 0, 11, 26.60, 1195308, 72, 0, 0
13729, 26, 2, 128, 1, 0, 0.81%, 0, 0, 11, 27.08, 1195447, 72, 0, 0
13734, 26, 2, 128, 1, 0, 0.81%, 0, 0, 11, 26.56, 1195579, 72, 0, 0
13739, 26, 2, 128, 1, 0, 0.81%, 0, 0, 11, 26.01, 1195712, 72, 0, 0
13744, 26, 10, 128, 1, 0, 0.81%, 0, 0, 11, 26.29, 1195847, 72, 0, 0
13749, 26, 10, 128, 1, 0, 0.81%, 0, 0, 11, 24.94, 1195973, 72, 0, 0
13754, 26, 29, 128, 1, 0, 0.81%, 0, 0, 11, 294.12, 1196166, 72, 0, 0
13759, 26, 29, 128, 1, 0, 0.81%, 0, 0, 11, 29.52, 1196301, 72, 0, 0
13764, 26, 32, 128, 1, 0, 0.81%, 0, 0, 11, 26.87, 1196435, 72, 0, 0
13770, 26, 32, 128, 1, 0, 0.81%, 0, 0, 11, 26.94, 1196570, 72, 0, 0
13775, 26, 34, 128, 1, 0, 0.81%, 0, 0, 11, 26.68, 1196705, 72, 0, 0
13780, 26, 34, 128, 1, 0, 0.81%, 0, 0, 11, 26.09, 1196835, 72, 0, 0
13785, 26, 16, 128, 1, 0, 0.81%, 0, 0, 11, 26.42, 1196971, 72, 0, 0
13790, 26, 16, 128, 1, 0, 0.81%, 0, 0, 11, 26.28, 1197103, 72, 0, 0
13795, 26, 16, 128, 1, 0, 0.81%, 0, 0, 11, 26.22, 1197235, 72, 0, 0
13800, 26, 111, 128, 1, 0, 0.81%, 0, 0, 11, 26.19, 1197369, 72, 0, 0
13805, 26, 111, 128, 1, 0, 0.81%, 0, 0, 11, 25.75, 1197501, 72, 0, 0
13810, 26, 111, 128, 1, 0, 0.81%, 0, 0, 11, 26.16, 1197634, 72, 0, 0
13815, 26, 111, 128, 1, 0, 0.81%, 0, 0, 11, 26.46, 1197768, 72, 0, 0
13821, 26, 111, 128, 1, 0, 0.81%, 0, 0, 11, 25.82, 1197901, 72, 0, 0
13826, 26, 111, 128, 1, 0, 0.81%, 0, 0, 11, 25.86, 1198033, 72, 0, 0
13831, 26, 111, 128, 1, 0, 0.81%, 0, 0, 11, 26.31, 1198170, 72, 0, 0
13836, 26, 111, 128, 1, 0, 0.81%, 0, 0, 11, 25.72, 1198302, 72, 0, 0
13841, 26, 111, 128, 1, 0, 0.81%, 0, 0, 11, 26.18, 1198434, 72, 0, 0
13846, 26, 111, 128, 1, 0, 0.81%, 0, 0, 11, 26.16, 1198566, 72, 0, 0
13851, 26, 100, 128, 1, 0, 0.81%, 0, 0, 11, 25.20, 1198693, 72, 0, 0
13856, 26, 100, 128, 1, 0, 0.81%, 0, 0, 11, 26.47, 1198830, 72, 0, 0
13861, 26, 100, 128, 1, 0, 0.81%, 0, 0, 11, 26.54, 1198963, 72, 0, 0
13866, 26, 100, 128, 1, 0, 0.81%, 0, 0, 11, 25.82, 1199094, 72, 0, 0
13872, 26, 7, 128, 1, 0, 0.81%, 0, 0, 11, 25.87, 1199228, 72, 0, 0
13877, 26, 7, 128, 1, 0, 0.81%, 0, 0, 11, 25.66, 1199360, 72, 0, 0
13882, 26, 7, 128, 1, 0, 0.81%, 0, 0, 11, 24.62, 1199483, 72, 0, 0
13887, 26, 37, 128, 1, 0, 0.81%, 0, 0, 11, 25.90, 1199619, 72, 0, 0
13892, 26, 37, 128, 1, 0, 0.81%, 0, 0, 11, 25.99, 1199751, 72, 0, 0
13897, 26, 13, 128, 1, 0, 0.81%, 0, 0, 11, 26.16, 1199884, 72, 0, 0
13902, 26, 13, 128, 1, 0, 0.81%, 0, 0, 11, 25.82, 1200016, 72, 0, 0
13907, 26, 58, 128, 1, 0, 0.81%, 0, 0, 11, 25.69, 1200147, 72, 0, 0
13913, 26, 58, 128, 1, 0, 0.81%, 0, 0, 11, 26.77, 1200287, 72, 0, 0
13918, 26, 58, 128, 1, 0, 0.81%, 0, 0, 11, 29.12, 1200434, 72, 0, 0
13923, 26, 58, 128, 1, 0, 0.81%, 0, 0, 11, 27.17, 1200572, 72, 0, 0
13928, 26, 58, 128, 1, 0, 0.81%, 0, 0, 11, 25.92, 1200706, 72, 0, 0
13933, 26, 57, 128, 1, 0, 0.81%, 0, 0, 11, 25.44, 1200836, 72, 0, 0
13939, 26, 57, 128, 1, 0, 0.81%, 0, 0, 11, 25.90, 1200968, 72, 0, 0
13944, 26, 57, 128, 1, 0, 0.81%, 0, 0, 11, 23.18, 1201084, 72, 0, 0
13949, 26, 57, 128, 1, 0, 0.81%, 0, 0, 11, 25.58, 1201217, 72, 0, 0
13954, 26, 57, 128, 1, 0, 0.81%, 0, 0, 11, 26.23, 1201352, 72, 0, 0
13959, 26, 57, 128, 1, 0, 0.81%, 0, 0, 11, 26.49, 1201484, 72, 0, 0
13964, 26, 57, 128, 1, 0, 0.81%, 0, 0, 11, 25.93, 1201614, 72, 0, 0
13969, 26, 57, 128, 1, 0, 0.81%, 0, 0, 11, 25.70, 1201744, 72, 0, 0
13974, 26, 57, 128, 1, 0, 0.81%, 0, 0, 11, 25.10, 1201870, 72, 0, 0
13979, 26, 52, 128, 1, 0, 0.81%, 0, 0, 11, 25.32, 1202001, 72, 0, 0
13984, 26, 52, 128, 1, 0, 0.81%, 0, 0, 11, 26.23, 1202136, 72, 0, 0
13990, 26, 99, 128, 1, 0, 0.81%, 0, 0, 11, 26.07, 1202271, 72, 0, 0
13995, 26, 99, 128, 1, 0, 0.81%, 0, 0, 11, 26.36, 1202406, 72, 0, 0
14000, 26, 99, 128, 1, 0, 0.81%, 0, 0, 11, 25.12, 1202597, 72, 0, 0
14005, 26, 99, 128, 1, 0, 0.81%, 0, 0, 11, 25.53, 1202729, 72, 0, 0
14010, 26, 58, 128, 1, 0, 0.81%, 0, 0, 11, 26.17, 1202866, 72, 0, 0
14015, 26, 58, 128, 1, 0, 0.81%, 0, 0, 11, 25.50, 1202995, 72, 0, 0
14020, 26, 58, 128, 1, 0, 0.81%, 0, 0, 11, 25.84, 1203123, 72, 0, 0
14025, 26, 58, 128, 1, 0, 0.81%, 0, 0, 11, 25.60, 1203252, 72, 0, 0
14031, 26, 58, 128, 1, 0, 0.81%, 0, 0, 11, 26.35, 1203390, 72, 0, 0
14036, 26, 47, 128, 1, 0, 0.81%, 0, 0, 11, 26.49, 1203526, 72, 0, 0
14041, 26, 47, 128, 1, 0, 0.81%, 0, 0, 11, 26.17, 1203657, 72, 0, 0
14046, 26, 47, 128, 1, 0, 0.81%, 0, 0, 11, 25.87, 1203786, 72, 0, 0
14051, 26, 47, 128, 1, 0, 0.81%, 0, 0, 11, 25.35, 1203917, 72, 0, 0
14056, 26, 100, 128, 1, 0, 0.81%, 0, 0, 11, 26.32, 1204051, 72, 0, 0
14061, 26, 100, 128, 1, 0, 0.81%, 0, 0, 11, 26.69, 1204189, 72, 0, 0
14066, 26, 100, 128, 1, 0, 0.81%, 0, 0, 11, 25.92, 1204321, 72, 0, 0
14071, 26, 100, 128, 1, 0, 0.81%, 0, 0, 11, 26.19, 1204451, 72, 0, 0
14076, 26, 100, 128, 1, 0, 0.81%, 0, 0, 11, 25.93, 1204579, 72, 0, 0
14082, 26, 18, 128, 1, 0, 0.81%, 0, 0, 11, 26.00, 1204711, 72, 0, 0
14087, 26, 18, 128, 1, 0, 0.81%, 0, 0, 11, 24.83, 1204837, 72, 0, 0
14092, 26, 32, 128, 1, 0, 0.81%, 0, 0, 11, 25.73, 1204968, 72, 0, 0
14097, 26, 32, 128, 1, 0, 0.81%, 0, 0, 11, 25.54, 1205098, 72, 0, 0
14102, 26, 32, 128, 1, 0, 0.81%, 0, 0, 11, 25.43, 1205226, 72, 0, 0
14107, 26, 111, 128, 1, 0, 0.81%, 0, 0, 11, 25.56, 1205355, 72, 0, 0
14112, 26, 111, 128, 1, 0, 0.81%, 0, 0, 11, 25.73, 1205484, 72, 0, 0
14117, 26, 111, 128, 1, 0, 0.81%, 0, 0, 11, 26.11, 1205615, 72, 0, 0
14122, 26, 111, 128, 1, 0, 0.81%, 0, 0, 11, 26.28, 1205751, 72, 0, 0
14127, 26, 111, 128, 1, 0, 0.81%, 0, 0, 11, 25.08, 1205876, 72, 0, 0
14132, 26, 111, 128, 1, 0, 0.81%, 0, 0, 11, 24.55, 1206001, 72, 0, 0
14138, 26, 111, 128, 1, 0, 0.81%, 0, 0, 11, 25.65, 1206137, 72, 0, 0
14143, 26, 111, 128, 1, 0, 0.81%, 0, 0, 11, 25.59, 1206268, 72, 0, 0
14148, 26, 111, 128, 1, 0, 0.81%, 0, 0, 11, 25.73, 1206399, 72, 0, 0
14153, 26, 111, 128, 1, 0, 0.81%, 0, 0, 11, 25.73, 1206531, 72, 0, 0
14158, 26, 98, 128, 1, 0, 0.81%, 0, 0, 11, 26.02, 1206662, 72, 0, 0
14163, 26, 30, 128, 1, 0, 0.81%, 0, 0, 11, 26.07, 1206797, 72, 0, 0
14168, 26, 30, 128, 1, 0, 0.81%, 0, 0, 11, 25.13, 1206925, 72, 0, 0
14173, 26, 47, 128, 1, 0, 0.81%, 0, 0, 11, 27.54, 1207065, 72, 0, 0
14179, 26, 47, 128, 1, 0, 0.81%, 0, 0, 11, 27.53, 1207210, 72, 0, 0
14184, 26, 47, 128, 1, 0, 0.81%, 0, 0, 11, 25.30, 1207338, 72, 0, 0
14189, 26, 47, 128, 1, 0, 0.81%, 0, 0, 11, 25.66, 1207471, 72, 0, 0
14194, 26, 47, 128, 1, 0, 0.81%, 0, 0, 11, 26.23, 1207607, 72, 0, 0
14199, 26, 17, 128, 1, 0, 0.81%, 0, 0, 11, 25.49, 1207737, 72, 0, 0
14204, 26, 17, 128, 1, 0, 0.81%, 0, 0, 11, 25.50, 1207866, 72, 0, 0
14209, 26, 10, 128, 1, 0, 0.81%, 0, 0, 11, 25.64, 1207995, 72, 0, 0
14215, 26, 10, 128, 1, 0, 0.81%, 0, 0, 11, 26.20, 1208129, 72, 0, 0
14220, 26, 10, 128, 1, 0, 0.81%, 0, 0, 11, 26.16, 1208261, 72, 0, 0
14225, 26, 21, 128, 1, 0, 0.81%, 0, 0, 11, 28.70, 1208406, 72, 0, 0
14230, 26, 100, 128, 1, 0, 0.81%, 0, 0, 11, 26.37, 1208593, 72, 0, 0
14235, 26, 100, 128, 1, 0, 0.81%, 0, 0, 11, 25.84, 1208725, 72, 0, 0
14240, 26, 100, 128, 1, 0, 0.81%, 0, 0, 11, 25.52, 1208853, 72, 0, 0
14245, 26, 100, 128, 1, 0, 0.81%, 0, 0, 11, 25.43, 1208983, 72, 0, 0
14250, 26, 100, 128, 1, 0, 0.81%, 0, 0, 11, 25.51, 1209115, 72, 0, 0
14255, 26, 32, 128, 1, 0, 0.81%, 0, 0, 11, 25.46, 1209243, 72, 0, 0
14261, 26, 32, 128, 1, 0, 0.81%, 0, 0, 11, 26.14, 1209377, 72, 0, 0
14266, 26, 111, 128, 1, 0, 0.81%, 0, 0, 11, 26.51, 1209510, 72, 0, 0
14271, 26, 111, 128, 1, 0, 0.81%, 0, 0, 11, 26.40, 1209642, 72, 0, 0
14276, 26, 111, 128, 1, 0, 0.81%, 0, 0, 11, 27.50, 1209782, 72, 0, 0
14281, 26, 111, 128, 1, 0, 0.81%, 0, 0, 11, 26.88, 1209915, 72, 0, 0
14286, 26, 111, 128, 1, 0, 0.81%, 0, 0, 11, 26.31, 1210051, 72, 0, 0
14291, 26, 111, 128, 1, 0, 0.81%, 0, 0, 11, 25.41, 1210179, 72, 0, 0
14296, 26, 111, 128, 1, 0, 0.81%, 0, 0, 11, 26.92, 1210392, 72, 0, 0
14301, 26, 111, 128, 1, 0, 0.81%, 0, 0, 11, 26.54, 1210526, 72, 0, 0
14306, 26, 111, 128, 1, 0, 0.81%, 0, 0, 11, 25.21, 1210652, 72, 0, 0
14312, 26, 111, 128, 1, 0, 0.81%, 0, 0, 11, 25.04, 1210776, 72, 0, 0
14317, 26, 51, 128, 1, 0, 0.81%, 0, 0, 11, 25.83, 1210907, 72, 0, 0
14322, 26, 51, 128, 1, 0, 0.81%, 0, 0, 11, 26.40, 1211044, 72, 0, 0
14327, 26, 13, 128, 1, 0, 0.81%, 0, 0, 11, 25.75, 1211171, 72, 0, 0
14332, 26, 13, 128, 1, 0, 0.81%, 0, 0, 11, 25.53, 1211303, 72, 0, 0
14337, 26, 13, 128, 1, 0, 0.81%, 0, 0, 11, 25.71, 1211438, 72, 0, 0
14342, 26, 58, 128, 1, 0, 0.81%, 0, 0, 11, 26.55, 1211577, 72, 0, 0
14347, 26, 58, 128, 1, 0, 0.81%, 0, 0, 11, 26.68, 1211713, 72, 0, 0
14353, 26, 58, 128, 1, 0, 0.81%, 0, 0, 11, 25.42, 1211844, 72, 0, 0
14358, 26, 58, 128, 1, 0, 0.81%, 0, 0, 11, 25.64, 1211975, 72, 0, 0
14363, 26, 27, 128, 1, 0, 0.81%, 0, 0, 11, 25.45, 1212104, 72, 0, 0
14368, 26, 27, 128, 1, 0, 0.81%, 0, 0, 11, 25.80, 1212233, 72, 0, 0
14373, 26, 27, 128, 1, 0, 0.81%, 0, 0, 11, 25.45, 1212360, 72, 0, 0
14378, 26, 36, 128, 1, 0, 0.81%, 0, 0, 11, 26.18, 1212493, 72, 0, 0
14383, 26, 36, 128, 1, 0, 0.81%, 0, 0, 11, 26.37, 1212630, 72, 0, 0
14388, 26, 21, 128, 1, 0, 0.81%, 0, 0, 11, 25.96, 1212763, 72, 0, 0
14393, 26, 21, 128, 1, 0, 0.81%, 0, 0, 11, 24.78, 1212886, 72, 0, 0
14398, 26, 92, 128, 1, 0, 0.81%, 0, 0, 11, 24.97, 1213014, 72, 0, 0
14404, 26, 92, 128, 1, 0, 0.81%, 0, 0, 11, 25.87, 1213146, 72, 0, 0
14409, 26, 92, 128, 1, 0, 0.81%, 0, 0, 11, 25.69, 1213275, 72, 0, 0
14414, 26, 92, 128, 1, 0, 0.81%, 0, 0, 11, 26.09, 1213408, 72, 0, 0
14419, 26, 92, 128, 1, 0, 0.81%, 0, 0, 11, 26.15, 1213541, 72, 0, 0
14424, 26, 37, 128, 1, 0, 0.81%, 0, 0, 11, 25.28, 1213670, 72, 0, 0
14429, 26, 37, 128, 1, 0, 0.81%, 0, 0, 11, 25.56, 1213802, 72, 0, 0
14434, 26, 35, 128, 1, 0, 0.81%, 0, 0, 11, 26.42, 1213938, 72, 0, 0
14439, 26, 35, 128, 1, 0, 0.81%, 0, 0, 11, 25.11, 1214067, 72, 0, 0
14445, 26, 35, 128, 1, 0, 0.81%, 0, 0, 11, 25.79, 1214201, 72, 0, 0
14450, 26, 47, 128, 1, 0, 0.81%, 0, 0, 11, 25.47, 1214330, 72, 0, 0
14455, 26, 47, 128, 1, 0, 0.81%, 0, 0, 11, 25.89, 1214464, 72, 0, 0
14460, 26, 47, 128, 1, 0, 0.81%, 0, 0, 11, 25.53, 1214595, 72, 0, 0
14465, 26, 47, 128, 1, 0, 0.81%, 0, 0, 11, 25.78, 1214724, 72, 0, 0
14470, 26, 52, 128, 1, 0, 0.81%, 0, 0, 11, 25.40, 1214911, 72, 0, 0
14475, 26, 52, 128, 1, 0, 0.81%, 0, 0, 11, 25.65, 1215045, 72, 0, 0
14480, 26, 61, 128, 1, 0, 0.81%, 0, 0, 11, 26.69, 1215182, 72, 0, 0
14485, 26, 61, 128, 1, 0, 0.81%, 0, 0, 11, 26.65, 1215315, 72, 0, 0
14491, 26, 61, 128, 1, 0, 0.81%, 0, 0, 11, 25.54, 1215449, 72, 0, 0
14496, 26, 61, 128, 1, 0, 0.81%, 0, 0, 11, 25.95, 1215585, 72, 0, 0
14501, 26, 61, 128, 1, 0, 0.81%, 0, 0, 11, 26.35, 1215723, 72, 0, 0
14506, 26, 47, 128, 1, 0, 0.81%, 0, 0, 11, 26.60, 1215855, 72, 0, 0
14511, 26, 47, 128, 1, 0, 0.81%, 0, 0, 11, 26.73, 1215993, 72, 0, 0
14516, 26, 47, 128, 1, 0, 0.81%, 0, 0, 11, 26.77, 1216130, 72, 0, 0
14521, 26, 47, 128, 1, 0, 0.81%, 0, 0, 11, 25.61, 1216259, 72, 0, 0
14527, 26, 94, 128, 1, 0, 0.81%, 0, 0, 11, 26.31, 1216393, 72, 0, 0
14532, 26, 94, 128, 1, 0, 0.81%, 0, 0, 11, 26.77, 1216532, 72, 0, 0
14537, 26, 94, 128, 1, 0, 0.81%, 0, 0, 11, 26.63, 1216671, 72, 0, 0
14542, 26, 94, 128, 1, 0, 0.81%, 0, 0, 11, 26.18, 1216801, 72, 0, 0
14547, 26, 94, 128, 1, 0, 0.81%, 0, 0, 11, 26.25, 1216937, 72, 0, 0
14552, 26, 94, 128, 1, 0, 0.81%, 0, 0, 11, 25.59, 1217067, 72, 0, 0
14558, 26, 94, 128, 1, 0, 0.81%, 0, 0, 11, 25.55, 1217198, 72, 0, 0
14563, 26, 34, 128, 1, 0, 0.81%, 0, 0, 11, 31.01, 1217419, 72, 0, 0
14568, 26, 10, 128, 1, 0, 0.81%, 0, 0, 11, 27.74, 1217632, 72, 0, 0
14573, 26, 10, 128, 1, 0, 0.81%, 0, 0, 11, 26.67, 1217768, 72, 0, 0
14578, 26, 61, 128, 1, 0, 0.81%, 0, 0, 11, 31.44, 1218097, 72, 0, 0
14583, 26, 61, 128, 1, 0, 0.81%, 0, 0, 11, 27.53, 1218232, 72, 0, 0
14588, 26, 61, 128, 1, 0, 0.81%, 0, 0, 11, 26.14, 1218362, 72, 0, 0
14593, 26, 120, 128, 1, 0, 0.81%, 0, 0, 11, 26.15, 1218494, 72, 0, 0
14598, 26, 120, 128, 1, 0, 0.81%, 0, 0, 11, 25.84, 1218624, 72, 0, 0
14603, 26, 120, 128, 1, 0, 0.81%, 0, 0, 11, 23.33, 1218741, 72, 0, 0
14608, 26, 120, 128, 1, 0, 0.81%, 0, 0, 11, 20.90, 1218842, 72, 0, 0
14614, 26, 120, 128, 1, 0, 0.81%, 0, 0, 11, 20.18, 1218942, 72, 0, 0
14619, 26, 120, 128, 1, 0, 0.81%, 0, 0, 11, 21.96, 1219052, 72, 0, 0
14624, 26, 120, 128, 1, 0, 0.81%, 0, 0, 11, 24.84, 1219185, 72, 0, 0
14629, 26, 120, 128, 1, 0, 0.81%, 0, 0, 11, 25.93, 1219320, 72, 0, 0
14634, 26, 13, 128, 1, 0, 0.81%, 0, 0, 11, 25.62, 1219453, 72, 0, 0
14639, 26, 13, 128, 1, 0, 0.81%, 0, 0, 11, 25.55, 1219587, 72, 0, 0
14645, 26, 30, 128, 1, 0, 0.81%, 0, 0, 11, 26.09, 1219720, 72, 0, 0
14650, 26, 30, 128, 1, 0, 0.81%, 0, 0, 11, 26.00, 1219850, 72, 0, 0
14655, 26, 10, 128, 1, 0, 0.81%, 0, 0, 11, 25.66, 1219982, 72, 0, 0
14660, 26, 10, 128, 1, 0, 0.81%, 0, 0, 11, 25.92, 1220114, 72, 0, 0
14665, 26, 10, 128, 1, 0, 0.81%, 0, 0, 11, 26.23, 1220246, 72, 0, 0
14670, 26, 35, 128, 1, 0, 0.81%, 0, 0, 11, 25.18, 1220377, 72, 0, 0
14675, 26, 35, 128, 1, 0, 0.81%, 0, 0, 11, 25.72, 1220511, 72, 0, 0
14680, 26, 45, 128, 1, 0, 0.81%, 0, 0, 11, 26.16, 1220644, 72, 0, 0
14685, 26, 45, 128, 1, 0, 0.81%, 0, 0, 11, 27.31, 1220787, 72, 0, 0
14691, 26, 45, 128, 1, 0, 0.81%, 0, 0, 11, 25.87, 1220918, 72, 0, 0
14696, 26, 45, 128, 1, 0, 0.81%, 0, 0, 11, 25.26, 1221045, 72, 0, 0
14701, 26, 54, 128, 1, 0, 0.81%, 0, 0, 11, 25.67, 1221177, 72, 0, 0
14706, 26, 2, 128, 1, 0, 0.81%, 0, 0, 11, 25.54, 1221306, 72, 0, 0
14711, 26, 2, 128, 1, 0, 0.81%, 0, 0, 11, 25.28, 1221436, 72, 0, 0
14716, 26, 51, 128, 1, 0, 0.81%, 0, 0, 11, 25.71, 1221566, 72, 0, 0
14721, 26, 51, 128, 1, 0, 0.81%, 0, 0, 11, 25.47, 1221693, 72, 0, 0
14726, 26, 51, 128, 1, 0, 0.81%, 0, 0, 11, 25.70, 1221826, 72, 0, 0
14731, 26, 61, 128, 1, 0, 0.81%, 0, 0, 11, 26.00, 1221958, 72, 0, 0
14737, 26, 61, 128, 1, 0, 0.81%, 0, 0, 11, 26.67, 1222100, 72, 0, 0
14742, 26, 61, 128, 1, 0, 0.81%, 0, 0, 11, 26.53, 1222237, 72, 0, 0
14747, 26, 61, 128, 1, 0, 0.81%, 0, 0, 11, 26.37, 1222370, 72, 0, 0
14752, 26, 34, 128, 1, 0, 0.81%, 0, 0, 11, 26.34, 1222505, 72, 0, 0
14757, 26, 34, 128, 1, 0, 0.81%, 0, 0, 11, 26.32, 1222642, 72, 0, 0
14762, 26, 100, 128, 1, 0, 0.81%, 0, 0, 11, 25.46, 1222773, 72, 0, 0
14768, 26, 100, 128, 1, 0, 0.81%, 0, 0, 11, 25.18, 1222903, 72, 0, 0
14773, 26, 100, 128, 1, 0, 0.81%, 0, 0, 11, 25.52, 1223032, 72, 0, 0
14778, 26, 100, 128, 1, 0, 0.81%, 0, 0, 11, 25.89, 1223164, 72, 0, 0
14783, 26, 100, 128, 1, 0, 0.81%, 0, 0, 11, 26.57, 1223305, 72, 0, 0
14788, 26, 13, 128, 1, 0, 0.81%, 0, 0, 11, 26.39, 1223439, 72, 0, 0
14793, 26, 13, 128, 1, 0, 0.81%, 0, 0, 11, 25.83, 1223569, 72, 0, 0
14798, 26, 57, 128, 1, 0, 0.81%, 0, 0, 11, 25.74, 1223699, 72, 0, 0
14803, 26, 57, 128, 1, 0, 0.81%, 0, 0, 11, 26.25, 1223832, 72, 0, 0
14808, 26, 57, 128, 1, 0, 0.81%, 0, 0, 11, 26.55, 1223965, 72, 0, 0
14814, 26, 57, 128, 1, 0, 0.81%, 0, 0, 11, 25.70, 1224098, 72, 0, 0
14819, 26, 57, 128, 1, 0, 0.81%, 0, 0, 11, 26.48, 1224230, 72, 0, 0
14824, 26, 26, 128, 1, 0, 0.81%, 0, 0, 11, 26.26, 1224367, 72, 0, 0
14829, 26, 26, 128, 1, 0, 0.81%, 0, 0, 11, 26.43, 1224505, 72, 0, 0
14834, 26, 26, 128, 1, 0, 0.81%, 0, 0, 11, 26.41, 1224641, 72, 0, 0
14839, 26, 55, 128, 1, 0, 0.81%, 0, 0, 11, 26.48, 1224778, 72, 0, 0
14844, 26, 26, 128, 1, 0, 0.81%, 0, 0, 11, 25.93, 1224908, 72, 0, 0
14849, 26, 26, 128, 1, 0, 0.81%, 0, 0, 11, 25.40, 1225034, 72, 0, 0
14855, 26, 54, 128, 1, 0, 0.81%, 0, 0, 11, 26.36, 1225171, 72, 0, 0
14860, 26, 37, 128, 1, 0, 0.81%, 0, 0, 11, 25.69, 1225301, 72, 0, 0
14865, 26, 37, 128, 1, 0, 0.81%, 0, 0, 11, 26.03, 1225434, 72, 0, 0
14870, 26, 38, 128, 1, 0, 0.81%, 0, 0, 11, 24.58, 1225557, 72, 0, 0
14875, 26, 51, 128, 1, 0, 0.81%, 0, 0, 11, 25.31, 1225689, 72, 0, 0
14880, 26, 51, 128, 1, 0, 0.81%, 0, 0, 11, 25.70, 1225820, 72, 0, 0
14885, 26, 17, 128, 1, 0, 0.81%, 0, 0, 11, 25.93, 1225954, 72, 0, 0
14890, 26, 17, 128, 1, 0, 0.81%, 0, 0, 11, 25.75, 1226084, 72, 0, 0
14895, 26, 34, 128, 1, 0, 0.81%, 0, 0, 11, 25.79, 1226214, 72, 0, 0
14901, 26, 34, 128, 1, 0, 0.81%, 0, 0, 11, 25.82, 1226348, 72, 0, 0
14906, 26, 34, 128, 1, 0, 0.81%, 0, 0, 11, 25.82, 1226483, 72, 0, 0
14911, 26, 26, 128, 1, 0, 0.81%, 0, 0, 11, 25.52, 1226614, 72, 0, 0
14916, 26, 26, 128, 1, 0, 0.81%, 0, 0, 11, 25.25, 1226741, 72, 0, 0
14921, 26, 9, 128, 1, 0, 0.81%, 0, 0, 11, 26.67, 1226881, 72, 0, 0
14926, 26, 9, 128, 1, 0, 0.81%, 0, 0, 11, 25.67, 1227009, 72, 0, 0
14931, 26, 51, 128, 1, 0, 0.81%, 0, 0, 11, 25.87, 1227143, 72, 0, 0
14937, 26, 51, 128, 1, 0, 0.81%, 0, 0, 11, 25.22, 1227272, 72, 0, 0
14942, 26, 51, 128, 1, 0, 0.81%, 0, 0, 11, 25.71, 1227407, 72, 0, 0
14947, 26, 51, 128, 1, 0, 0.81%, 0, 0, 11, 24.82, 1227533, 72, 0, 0
14952, 26, 51, 128, 1, 0, 0.81%, 0, 0, 11, 25.22, 1227663, 72, 0, 0
14957, 26, 30, 128, 1, 0, 0.81%, 0, 0, 11, 25.32, 1227793, 72, 0, 0
14962, 26, 30, 128, 1, 0, 0.81%, 0, 0, 11, 26.29, 1227930, 72, 0, 0
14967, 26, 30, 128, 1, 0, 0.81%, 0, 0, 11, 25.53, 1228059, 72, 0, 0
14973, 26, 32, 128, 1, 0, 0.81%, 0, 0, 11, 26.54, 1228196, 72, 0, 0
14978, 26, 32, 128, 1, 0, 0.81%, 0, 0, 11, 25.61, 1228328, 72, 0, 0
14983, 26, 30, 128, 1, 0, 0.81%, 0, 0, 11, 25.17, 1228566, 72, 0, 0
14988, 26, 19, 128, 1, 0, 0.81%, 0, 0, 11, 26.27, 1228698, 72, 0, 0
14993, 26, 19, 128, 1, 0, 0.81%, 0, 0, 11, 26.30, 1228833, 72, 0, 0
14998, 26, 19, 128, 1, 0, 0.81%, 0, 0, 11, 25.39, 1228961, 72, 0, 0
15003, 26, 47, 128, 1, 0, 0.81%, 0, 0, 11, 25.85, 1229093, 72, 0, 0
15008, 26, 47, 128, 1, 0, 0.81%, 0, 0, 11, 25.40, 1229223, 72, 0, 0
15013, 26, 47, 128, 1, 0, 0.81%, 0, 0, 11, 25.64, 1229352, 72, 0, 0
15019, 26, 47, 128, 1, 0, 0.81%, 0, 0, 11, 25.42, 1229485, 72, 0, 0
15024, 26, 51, 128, 1, 0, 0.81%, 0, 0, 11, 25.50, 1229618, 72, 0, 0
15029, 26, 51, 128, 1, 0, 0.81%, 0, 0, 11, 25.59, 1229747, 72, 0, 0
15034, 26, 14, 128, 1, 0, 0.81%, 0, 0, 11, 25.09, 1229877, 72, 0, 0
15039, 26, 14, 128, 1, 0, 0.81%, 0, 0, 11, 25.15, 1230005, 72, 0, 0
15044, 26, 14, 128, 1, 0, 0.81%, 0, 0, 11, 25.26, 1230138, 72, 0, 0
15049, 26, 55, 128, 1, 0, 0.81%, 0, 0, 11, 25.72, 1230271, 72, 0, 0
15055, 26, 7, 128, 1, 0, 0.81%, 0, 0, 11, 26.62, 1230410, 72, 0, 0
15060, 26, 7, 128, 1, 0, 0.81%, 0, 0, 11, 25.85, 1230543, 72, 0, 0
15065, 26, 100, 128, 1, 0, 0.81%, 0, 0, 11, 21.75, 1230691, 72, 0, 0
15070, 26, 100, 128, 1, 0, 0.81%, 0, 0, 11, 24.37, 1230821, 72, 0, 0
15075, 26, 100, 128, 1, 0, 0.81%, 0, 0, 11, 25.96, 1230958, 72, 0, 0
15080, 26, 100, 128, 1, 0, 0.81%, 0, 0, 11, 26.13, 1231090, 72, 0, 0
15085, 26, 18, 128, 1, 0, 0.81%, 0, 0, 11, 26.23, 1231221, 72, 0, 0
15091, 26, 18, 128, 1, 0, 0.81%, 0, 0, 11, 26.77, 1231359, 72, 0, 0
15096, 26, 18, 128, 1, 0, 0.81%, 0, 0, 11, 25.22, 1231486, 72, 0, 0
15101, 26, 99, 128, 1, 0, 0.81%, 0, 0, 11, 25.34, 1231613, 72, 0, 0
15106, 26, 99, 128, 1, 0, 0.81%, 0, 0, 11, 25.51, 1231745, 72, 0, 0
15111, 26, 99, 128, 1, 0, 0.81%, 0, 0, 11, 26.42, 1231878, 72, 0, 0
15116, 26, 99, 128, 1, 0, 0.81%, 0, 0, 11, 25.78, 1232007, 72, 0, 0
15121, 26, 34, 128, 1, 0, 0.81%, 0, 0, 11, 25.75, 1232136, 72, 0, 0
15126, 26, 34, 128, 1, 0, 0.81%, 0, 0, 11, 25.74, 1232269, 72, 0, 0
15131, 26, 34, 128, 1, 0, 0.81%, 0, 0, 11, 25.58, 1232397, 72, 0, 0
15136, 26, 32, 128, 1, 0, 0.81%, 0, 0, 11, 25.79, 1232529, 72, 0, 0
15141, 26, 32, 128, 1, 0, 0.81%, 0, 0, 11, 25.82, 1232661, 72, 0, 0
15146, 26, 51, 128, 1, 0, 0.81%, 0, 0, 11, 26.29, 1232791, 72, 0, 0
15151, 26, 51, 128, 1, 0, 0.81%, 0, 0, 11, 26.18, 1232928, 72, 0, 0
15156, 26, 61, 128, 1, 0, 0.81%, 0, 0, 11, 26.45, 1233064, 72, 0, 0
15162, 26, 61, 128, 1, 0, 0.81%, 0, 0, 11, 25.65, 1233193, 72, 0, 0
15167, 26, 61, 128, 1, 0, 0.81%, 0, 0, 11, 25.97, 1233327, 72, 0, 0
15172, 26, 61, 128, 1, 0, 0.81%, 0, 0, 11, 25.95, 1233459, 72, 0, 0
15177, 26, 61, 128, 1, 0, 0.81%, 0, 0, 11, 26.77, 1233596, 72, 0, 0
15182, 26, 32, 128, 1, 0, 0.81%, 0, 0, 11, 26.48, 1233732, 72, 0, 0
15187, 26, 58, 128, 1, 0, 0.81%, 0, 0, 11, 26.22, 1233935, 72, 0, 0
15192, 26, 58, 128, 1, 0, 0.81%, 0, 0, 11, 398.01, 1234197, 72, 0, 0
15198, 26, 111, 128, 1, 0, 0.81%, 0, 0, 11, 439.01, 1236131, 72, 0, 0
15203, 26, 111, 128, 1, 0, 0.81%, 0, 0, 11, 13.24, 1236953, 72, 0, 0
15208, 26, 111, 128, 1, 0, 0.81%, 0, 0, 11, 194.67, 1237190, 72, 0, 0
15213, 26, 26, 128, 1, 0, 0.81%, 0, 0, 11, 349.28, 1237875, 72, 0, 0
15218, 26, 26, 128, 1, 0, 0.81%, 0, 0, 11, 15.47, 1238108, 72, 0, 0
15223, 26, 102, 128, 1, 0, 0.81%, 0, 0, 11, 15.88, 1238192, 72, 0, 0
15229, 26, 102, 128, 1, 0, 0.81%, 0, 0, 11, 15.39, 1238271, 72, 0, 0
15234, 26, 102, 128, 1, 0, 0.81%, 0, 0, 11, 15.04, 1238348, 72, 0, 0
15239, 26, 102, 128, 1, 0, 0.81%, 0, 0, 11, 15.48, 1238429, 72, 0, 0
15244, 26, 102, 128, 1, 0, 0.81%, 0, 0, 11, 15.24, 1238508, 72, 0, 0
15249, 26, 102, 128, 1, 0, 0.81%, 0, 0, 11, 15.52, 1238587, 72, 0, 0
15254, 26, 102, 128, 1, 0, 0.81%, 0, 0, 11, 15.45, 1238665, 72, 0, 0
15259, 26, 94, 128, 1, 0, 0.81%, 0, 0, 11, 15.74, 1238748, 72, 0, 0
15265, 26, 94, 128, 1, 0, 0.81%, 0, 0, 11, 15.61, 1238829, 72, 0, 0
15270, 26, 94, 128, 1, 0, 0.81%, 0, 0, 11, 15.50, 1238909, 72, 0, 0
15275, 26, 94, 128, 1, 0, 0.81%, 0, 0, 11, 17.77, 1239000, 72, 0, 0
15280, 26, 94, 128, 1, 0, 0.81%, 0, 0, 11, 20.42, 1239104, 72, 0, 0
15285, 26, 94, 128, 1, 0, 0.81%, 0, 0, 11, 27.89, 1239265, 72, 0, 0
15290, 26, 94, 128, 1, 0, 0.81%, 0, 0, 11, 32.74, 1239447, 72, 0, 0
15295, 26, 94, 128, 1, 0, 0.81%, 0, 0, 11, 27.98, 1239583, 72, 0, 0
15301, 26, 23, 128, 1, 0, 0.81%, 0, 0, 11, 26.46, 1239717, 72, 0, 0
15306, 26, 23, 128, 1, 0, 0.81%, 0, 0, 11, 25.63, 1239848, 72, 0, 0
15311, 26, 55, 128, 1, 0, 0.81%, 0, 0, 11, 25.32, 1239976, 72, 0, 0
15316, 27, 26, 128, 1, 0, 0.81%, 0, 0, 11, 24.69, 1240104, 72, 0, 0
15321, 27, 26, 128, 1, 0, 0.81%, 0, 0, 11, 25.15, 1240231, 72, 0, 0
15326, 27, 26, 128, 1, 0, 0.81%, 0, 0, 11, 25.54, 1240360, 72, 0, 0
15331, 27, 37, 128, 1, 0, 0.81%, 0, 0, 11, 24.80, 1240486, 72, 0, 0
15336, 27, 37, 128, 1, 0, 0.81%, 0, 0, 11, 24.44, 1240614, 72, 0, 0
15341, 27, 9, 128, 1, 0, 0.81%, 0, 0, 11, 24.16, 1240736, 72, 0, 0
15347, 27, 9, 128, 1, 0, 0.81%, 0, 0, 11, 25.39, 1240869, 72, 0, 0
15352, 27, 57, 128, 1, 0, 0.81%, 0, 0, 11, 24.97, 1240995, 72, 0, 0
15357, 27, 57, 128, 1, 0, 0.81%, 0, 0, 11, 28.47, 1241150, 72, 0, 0
15362, 27, 57, 128, 1, 0, 0.81%, 0, 0, 11, 25.80, 1241278, 72, 0, 0
15367, 27, 57, 128, 1, 0, 0.81%, 0, 0, 11, 25.61, 1241404, 72, 0, 0
15372, 27, 57, 128, 1, 0, 0.81%, 0, 0, 11, 25.70, 1241533, 72, 0, 0
15377, 27, 52, 128, 1, 0, 0.81%, 0, 0, 11, 25.39, 1241662, 72, 0, 0
15382, 27, 52, 128, 1, 0, 0.81%, 0, 0, 11, 25.52, 1241794, 72, 0, 0
15387, 27, 58, 128, 1, 0, 0.81%, 0, 0, 11, 26.00, 1241929, 72, 0, 0
15393, 27, 58, 128, 1, 0, 0.81%, 0, 0, 11, 26.10, 1242065, 72, 0, 0
15398, 27, 58, 128, 1, 0, 0.81%, 0, 0, 11, 25.65, 1242197, 72, 0, 0
15403, 27, 58, 128, 1, 0, 0.81%, 0, 0, 11, 25.38, 1242327, 72, 0, 0
15408, 27, 58, 128, 1, 0, 0.81%, 0, 0, 11, 25.96, 1242456, 72, 0, 0
15413, 27, 57, 128, 1, 0, 0.81%, 0, 0, 11, 26.10, 1242592, 72, 0, 0
15418, 27, 57, 128, 1, 0, 0.81%, 0, 0, 11, 25.31, 1242721, 72, 0, 0
15423, 27, 57, 128, 1, 0, 0.81%, 0, 0, 11, 25.77, 1242852, 72, 0, 0
15428, 27, 57, 128, 1, 0, 0.81%, 0, 0, 11, 25.13, 1242978, 72, 0, 0
15434, 27, 30, 128, 1, 0, 0.81%, 0, 0, 11, 26.83, 1243119, 72, 0, 0
15439, 27, 30, 128, 1, 0, 0.81%, 0, 0, 11, 25.94, 1243256, 72, 0, 0
15444, 27, 34, 128, 1, 0, 0.81%, 0, 0, 11, 26.24, 1243391, 72, 0, 0
15449, 27, 34, 128, 1, 0, 0.81%, 0, 0, 11, 26.94, 1243531, 72, 0, 0
15454, 27, 100, 128, 1, 0, 0.81%, 0, 0, 11, 27.06, 1243672, 72, 0, 0
15460, 27, 100, 128, 1, 0, 0.81%, 0, 0, 11, 27.00, 1243813, 72, 0, 0
15465, 27, 100, 128, 1, 0, 0.81%, 0, 0, 11, 26.04, 1243941, 72, 0, 0
15470, 27, 100, 128, 1, 0, 0.81%, 0, 0, 11, 26.37, 1244075, 72, 0, 0
15475, 27, 100, 128, 1, 0, 0.81%, 0, 0, 11, 26.00, 1244204, 72, 0, 0
15480, 27, 13, 128, 1, 0, 0.81%, 0, 0, 11, 25.87, 1244335, 72, 0, 0
15485, 27, 13, 128, 1, 0, 0.81%, 0, 0, 11, 26.62, 1244473, 72, 0, 0
15490, 27, 61, 128, 1, 0, 0.81%, 0, 0, 11, 25.95, 1244652, 72, 0, 0
15495, 27, 61, 128, 1, 0, 0.81%, 0, 0, 11, 25.37, 1244782, 72, 0, 0
15500, 27, 61, 128, 1, 0, 0.81%, 0, 0, 11, 24.88, 1244907, 72, 0, 0
15505, 27, 61, 128, 1, 0, 0.81%, 0, 0, 11, 25.03, 1245033, 72, 0, 0
15510, 27, 23, 128, 1, 0, 0.81%, 0, 0, 11, 25.95, 1245167, 72, 0, 0
15516, 27, 23, 128, 1, 0, 0.81%, 0, 0, 11, 27.15, 1245307, 72, 0, 0
15521, 27, 23, 128, 1, 0, 0.81%, 0, 0, 11, 26.27, 1245441, 72, 0, 0
15526, 27, 99, 128, 1, 0, 0.81%, 0, 0, 11, 25.92, 1245573, 72, 0, 0
15531, 27, 99, 128, 1, 0, 0.81%, 0, 0, 11, 26.15, 1245707, 72, 0, 0
15536, 27, 99, 128, 1, 0, 0.81%, 0, 0, 11, 25.60, 1245839, 72, 0, 0
15542, 27, 99, 128, 1, 0, 0.81%, 0, 0, 11, 25.63, 1245973, 72, 0, 0
15547, 27, 26, 128, 1, 0, 0.81%, 0, 0, 11, 26.00, 1246108, 72, 0, 0
15552, 27, 26, 128, 1, 0, 0.81%, 0, 0, 11, 25.37, 1246237, 72, 0, 0
15557, 27, 32, 128, 1, 0, 0.81%, 0, 0, 11, 26.34, 1246372, 72, 0, 0
15562, 27, 32, 128, 1, 0, 0.81%, 0, 0, 11, 25.67, 1246503, 72, 0, 0
15567, 27, 18, 128, 1, 0, 0.81%, 0, 0, 11, 25.71, 1246698, 72, 0, 0
15572, 27, 18, 128, 1, 0, 0.81%, 0, 0, 11, 25.25, 1246824, 72, 0, 0
15577, 27, 18, 128, 1, 0, 0.81%, 0, 0, 11, 25.28, 1246952, 72, 0, 0
15583, 27, 61, 128, 1, 0, 0.81%, 0, 0, 11, 25.48, 1247087, 72, 0, 0
15588, 27, 61, 128, 1, 0, 0.81%, 0, 0, 11, 26.12, 1247221, 72, 0, 0
15593, 27, 61, 128, 1, 0, 0.81%, 0, 0, 11, 26.60, 1247357, 72, 0, 0
15598, 27, 61, 128, 1, 0, 0.81%, 0, 0, 11, 26.17, 1247489, 72, 0, 0
15603, 27, 57, 128, 1, 0, 0.81%, 0, 0, 11, 25.11, 1247616, 72, 0, 0
15608, 27, 57, 128, 1, 0, 0.81%, 0, 0, 11, 24.05, 1247739, 72, 0, 0
15613, 27, 57, 128, 1, 0, 0.81%, 0, 0, 11, 25.04, 1247866, 72, 0, 0
15618, 27, 57, 128, 1, 0, 0.81%, 0, 0, 11, 25.41, 1247996, 72, 0, 0
15623, 27, 57, 128, 1, 0, 0.81%, 0, 0, 11, 25.83, 1248131, 72, 0, 0
15629, 27, 19, 128, 1, 0, 0.81%, 0, 0, 11, 25.73, 1248265, 72, 0, 0
15634, 27, 19, 128, 1, 0, 0.81%, 0, 0, 11, 26.03, 1248398, 72, 0, 0
15639, 27, 111, 128, 1, 0, 0.81%, 0, 0, 11, 26.19, 1248533, 72, 0, 0
15644, 27, 111, 128, 1, 0, 0.81%, 0, 0, 11, 25.54, 1248664, 72, 0, 0
15649, 27, 111, 128, 1, 0, 0.81%, 0, 0, 11, 26.72, 1248804, 72, 0, 0
15654, 27, 111, 128, 1, 0, 0.81%, 0, 0, 11, 25.76, 1248938, 72, 0, 0
15660, 27, 111, 128, 1, 0, 0.81%, 0, 0, 11, 25.62, 1249070, 72, 0, 0
15665, 27, 111, 128, 1, 0, 0.81%, 0, 0, 11, 25.41, 1249199, 72, 0, 0
15670, 27, 111, 128, 1, 0, 0.81%, 0, 0, 11, 28.03, 1249340, 72, 0, 0
15675, 27, 111, 128, 1, 0, 0.81%, 0, 0, 11, 25.26, 1249464, 72, 0, 0
15680, 27, 111, 128, 1, 0, 0.81%, 0, 0, 11, 25.33, 1249594, 72, 0, 0
15685, 27, 111, 128, 1, 0, 0.81%, 0, 0, 11, 25.17, 1249722, 72, 0, 0
15690, 27, 37, 128, 1, 0, 0.81%, 0, 0, 11, 24.69, 1249845, 72, 0, 0
15695, 27, 37, 128, 1, 0, 0.81%, 0, 0, 11, 25.23, 1249973, 72, 0, 0
15700, 27, 37, 128, 1, 0, 0.81%, 0, 0, 11, 25.15, 1250101, 72, 0, 0
15705, 27, 55, 128, 1, 0, 0.81%, 0, 0, 11, 25.82, 1250232, 72, 0, 0
15710, 27, 36, 128, 1, 0, 0.81%, 0, 0, 11, 25.17, 1250359, 72, 0, 0
15715, 27, 36, 128, 1, 0, 0.81%, 0, 0, 11, 25.21, 1250490, 72, 0, 0
15720, 27, 37, 128, 1, 0, 0.81%, 0, 0, 11, 27.02, 1250628, 72, 0, 0
15726, 27, 37, 128, 1, 0, 0.81%, 0, 0, 11, 25.77, 1250760, 72, 0, 0
15731, 27, 20, 128, 1, 0, 0.81%, 0, 0, 11, 26.04, 1250891, 72, 0, 0
15736, 27, 94, 128, 1, 0, 0.81%, 0, 0, 11, 26.66, 1251030, 72, 0, 0
15741, 27, 94, 128, 1, 0, 0.81%, 0, 0, 11, 26.16, 1251163, 72, 0, 0
15746, 27, 94, 128, 1, 0, 0.81%, 0, 0, 11, 26.01, 1251296, 72, 0, 0
15751, 27, 94, 128, 1, 0, 0.81%, 0, 0, 11, 26.55, 1251430, 72, 0, 0
15756, 27, 94, 128, 1, 0, 0.81%, 0, 0, 11, 26.27, 1251564, 72, 0, 0
15762, 27, 94, 128, 1, 0, 0.81%, 0, 0, 11, 26.60, 1251701, 72, 0, 0
15767, 27, 94, 128, 1, 0, 0.81%, 0, 0, 11, 26.79, 1251833, 72, 0, 0
15772, 27, 13, 128, 1, 0, 0.81%, 0, 0, 11, 26.13, 1251962, 72, 0, 0
15777, 27, 13, 128, 1, 0, 0.81%, 0, 0, 11, 26.09, 1252098, 72, 0, 0
15782, 27, 57, 128, 1, 0, 0.81%, 0, 0, 11, 28.05, 1252278, 72, 0, 0
15787, 27, 57, 128, 1, 0, 0.81%, 0, 0, 11, 27.54, 1252415, 72, 0, 0
15792, 27, 57, 128, 1, 0, 0.81%, 0, 0, 11, 26.60, 1252550, 72, 0, 0
15798, 27, 57, 128, 1, 0, 0.81%, 0, 0, 11, 25.95, 1252683, 72, 0, 0
15803, 27, 10, 128, 1, 0, 0.81%, 0, 0, 11, 26.42, 1252819, 72, 0, 0
15808, 27, 10, 128, 1, 0, 0.81%, 0, 0, 11, 25.54, 1252951, 72, 0, 0
15813, 27, 57, 128, 1, 0, 0.81%, 0, 0, 11, 27.39, 1253129, 72, 0, 0
15818, 27, 57, 128, 1, 0, 0.81%, 0, 0, 11, 25.37, 1253313, 72, 0, 0
15823, 27, 57, 128, 1, 0, 0.81%, 0, 0, 11, 25.89, 1253442, 72, 0, 0
15828, 27, 57, 128, 1, 0, 0.81%, 0, 0, 11, 27.29, 1253587, 72, 0, 0
15833, 27, 45, 128, 1, 0, 0.81%, 0, 0, 11, 26.87, 1253725, 72, 0, 0
15839, 27, 45, 128, 1, 0, 0.81%, 0, 0, 11, 25.84, 1253857, 72, 0, 0
15844, 27, 45, 128, 1, 0, 0.81%, 0, 0, 11, 26.22, 1253995, 72, 0, 0
15849, 27, 45, 128, 1, 0, 0.81%, 0, 0, 11, 25.90, 1254129, 72, 0, 0
15854, 27, 45, 128, 1, 0, 0.81%, 0, 0, 11, 25.94, 1254260, 72, 0, 0
15859, 27, 7, 128, 1, 0, 0.81%, 0, 0, 11, 25.69, 1254395, 72, 0, 0
15864, 27, 7, 128, 1, 0, 0.81%, 0, 0, 11, 25.54, 1254523, 72, 0, 0
15869, 27, 26, 128, 1, 0, 0.81%, 0, 0, 11, 25.44, 1254653, 72, 0, 0
15874, 27, 26, 128, 1, 0, 0.81%, 0, 0, 11, 25.32, 1254780, 72, 0, 0
15880, 27, 36, 128, 1, 0, 0.81%, 0, 0, 11, 25.01, 1254904, 72, 0, 0
15885, 27, 36, 128, 1, 0, 0.81%, 0, 0, 11, 25.08, 1255030, 72, 0, 0
15890, 27, 36, 128, 1, 0, 0.81%, 0, 0, 11, 25.39, 1255159, 72, 0, 0
15895, 27, 13, 128, 1, 0, 0.81%, 0, 0, 11, 25.81, 1255291, 72, 0, 0
15900, 27, 13, 128, 1, 0, 0.81%, 0, 0, 11, 26.09, 1255422, 72, 0, 0
15905, 27, 98, 128, 1, 0, 0.81%, 0, 0, 11, 25.55, 1255552, 72, 0, 0
15910, 27, 36, 128, 1, 0, 0.81%, 0, 0, 11, 25.87, 1255682, 72, 0, 0
15915, 27, 36, 128, 1, 0, 0.81%, 0, 0, 11, 25.45, 1255811, 72, 0, 0
15920, 27, 34, 128, 1, 0, 0.81%, 0, 0, 11, 25.91, 1255942, 72, 0, 0
15925, 27, 34, 128, 1, 0, 0.81%, 0, 0, 11, 25.60, 1256073, 72, 0, 0
15930, 27, 34, 128, 1, 0, 0.81%, 0, 0, 11, 26.12, 1256208, 72, 0, 0
15936, 27, 23, 128, 1, 0, 0.81%, 0, 0, 11, 27.01, 1256349, 72, 0, 0
15941, 27, 23, 128, 1, 0, 0.81%, 0, 0, 11, 25.00, 1256473, 72, 0, 0
15946, 27, 32, 128, 1, 0, 0.81%, 0, 0, 11, 24.33, 1256598, 72, 0, 0
15951, 27, 32, 128, 1, 0, 0.81%, 0, 0, 11, 25.20, 1256725, 72, 0, 0
15956, 27, 21, 128, 1, 0, 0.81%, 0, 0, 11, 25.96, 1256856, 72, 0, 0
15961, 27, 21, 128, 1, 0, 0.81%, 0, 0, 11, 26.02, 1256992, 72, 0, 0
15966, 27, 26, 128, 1, 0, 0.81%, 0, 0, 11, 26.07, 1257126, 72, 0, 0
15971, 27, 26, 128, 1, 0, 0.81%, 0, 0, 11, 25.69, 1257256, 72, 0, 0
15977, 27, 26, 128, 1, 0, 0.81%, 0, 0, 11, 26.25, 1257393, 72, 0, 0
15982, 27, 10, 128, 1, 0, 0.81%, 0, 0, 11, 26.03, 1257525, 72, 0, 0
15987, 27, 10, 128, 1, 0, 0.81%, 0, 0, 11, 25.73, 1257656, 72, 0, 0
15992, 27, 93, 128, 1, 0, 0.81%, 0, 0, 11, 25.80, 1257785, 72, 0, 0
15997, 27, 93, 128, 1, 0, 0.81%, 0, 0, 11, 25.64, 1257916, 72, 0, 0
16002, 27, 93, 128, 1, 0, 0.81%, 0, 0, 11, 25.65, 1258047, 72, 0, 0
16007, 27, 93, 128, 1, 0, 0.81%, 0, 0, 11, 25.33, 1258176, 72, 0, 0
16012, 27, 93, 128, 1, 0, 0.81%, 0, 0, 11, 25.55, 1258308, 72, 0, 0
16018, 27, 21, 128, 1, 0, 0.81%, 0, 0, 11, 25.92, 1258445, 72, 0, 0
16023, 27, 21, 128, 1, 0, 0.81%, 0, 0, 11, 26.43, 1258577, 72, 0, 0
16028, 27, 59, 128, 1, 0, 0.81%, 0, 0, 11, 25.57, 1258708, 72, 0, 0
16033, 27, 34, 128, 1, 0, 0.81%, 0, 0, 11, 25.99, 1258841, 72, 0, 0
16038, 27, 34, 128, 1, 0, 0.81%, 0, 0, 11, 24.75, 1258964, 72, 0, 0
16043, 27, 100, 128, 1, 0, 0.81%, 0, 0, 11, 25.40, 1259094, 72, 0, 0
16048, 27, 100, 128, 1, 0, 0.81%, 0, 0, 11, 26.26, 1259231, 72, 0, 0
16053, 27, 100, 128, 1, 0, 0.81%, 0, 0, 11, 26.28, 1259364, 72, 0, 0
16058, 27, 100, 128, 1, 0, 0.81%, 0, 0, 11, 25.80, 1259498, 72, 0, 0
16063, 27, 100, 128, 1, 0, 0.81%, 0, 0, 11, 27.17, 1259641, 72, 0, 0
16069, 27, 58, 128, 1, 0, 0.81%, 0, 0, 11, 27.43, 1259866, 72, 0, 0
16074, 27, 58, 128, 1, 0, 0.81%, 0, 0, 11, 26.11, 1259996, 72, 0, 0
16079, 27, 58, 128, 1, 0, 0.81%, 0, 0, 11, 25.61, 1260127, 72, 0, 0
16084, 27, 58, 128, 1, 0, 0.81%, 0, 0, 11, 25.90, 1260258, 72, 0, 0
16089, 27, 23, 128, 1, 0, 0.81%, 0, 0, 11, 26.51, 1260397, 72, 0, 0
16094, 27, 23, 128, 1, 0, 0.81%, 0, 0, 11, 26.36, 1260531, 72, 0, 0
16099, 27, 21, 128, 1, 0, 0.81%, 0, 0, 11, 26.00, 1260661, 72, 0, 0
16104, 27, 21, 128, 1, 0, 0.81%, 0, 0, 11, 26.43, 1260799, 72, 0, 0
16109, 27, 13, 128, 1, 0, 0.81%, 0, 0, 11, 26.26, 1260934, 72, 0, 0
16115, 27, 13, 128, 1, 0, 0.81%, 0, 0, 11, 25.20, 1261061, 72, 0, 0
16120, 27, 13, 128, 1, 0, 0.81%, 0, 0, 11, 25.66, 1261192, 72, 0, 0
16125, 27, 21, 128, 1, 0, 0.81%, 0, 0, 11, 26.41, 1261327, 72, 0, 0
16130, 27, 21, 128, 1, 0, 0.81%, 0, 0, 11, 26.36, 1261464, 72, 0, 0
16135, 27, 98, 128, 1, 0, 0.81%, 0, 0, 11, 25.91, 1261595, 72, 0, 0
16140, 27, 38, 128, 1, 0, 0.81%, 0, 0, 11, 25.47, 1261725, 72, 0, 0
16145, 27, 111, 128, 1, 0, 0.81%, 0, 0, 11, 25.82, 1261856, 72, 0, 0
16150, 27, 111, 128, 1, 0, 0.81%, 0, 0, 11, 25.32, 1261983, 72, 0, 0
16155, 27, 111, 128, 1, 0, 0.81%, 0, 0, 11, 26.44, 1262120, 72, 0, 0
16160, 27, 111, 128, 1, 0, 0.81%, 0, 0, 11, 25.68, 1262251, 72, 0, 0
16166, 27, 111, 128, 1, 0, 0.81%, 0, 0, 11, 26.47, 1262384, 72, 0, 0
16171, 27, 111, 128, 1, 0, 0.81%, 0, 0, 11, 25.33, 1262515, 72, 0, 0
16176, 27, 111, 128, 1, 0, 0.81%, 0, 0, 11, 25.45, 1262677, 72, 0, 0
16181, 27, 111, 128, 1, 0, 0.81%, 0, 0, 11, 24.00, 1262796, 72, 0, 0
16186, 27, 111, 128, 1, 0, 0.81%, 0, 0, 11, 25.11, 1262924, 72, 0, 0
16191, 27, 111, 128, 1, 0, 0.81%, 0, 0, 11, 25.57, 1263056, 72, 0, 0
16196, 27, 69, 128, 1, 0, 0.81%, 0, 0, 11, 26.07, 1263190, 72, 0, 0
16202, 27, 26, 128, 1, 0, 0.81%, 0, 0, 11, 25.19, 1263316, 72, 0, 0
16207, 27, 26, 128, 1, 0, 0.81%, 0, 0, 11, 26.30, 1263451, 72, 0, 0
16212, 27, 54, 128, 1, 0, 0.81%, 0, 0, 11, 25.23, 1263580, 72, 0, 0
16217, 27, 19, 128, 1, 0, 0.81%, 0, 0, 11, 24.93, 1263709, 72, 0, 0
16222, 27, 19, 128, 1, 0, 0.81%, 0, 0, 11, 24.03, 1263831, 72, 0, 0
16227, 27, 98, 128, 1, 0, 0.81%, 0, 0, 11, 25.19, 1263959, 72, 0, 0
16232, 27, 35, 128, 1, 0, 0.81%, 0, 0, 11, 25.73, 1264094, 72, 0, 0
16237, 27, 35, 128, 1, 0, 0.81%, 0, 0, 11, 24.73, 1264217, 72, 0, 0
16242, 27, 13, 128, 1, 0, 0.81%, 0, 0, 11, 25.99, 1264355, 72, 0, 0
16248, 27, 13, 128, 1, 0, 0.81%, 0, 0, 11, 26.22, 1264489, 72, 0, 0
16253, 27, 37, 128, 1, 0, 0.81%, 0, 0, 11, 25.70, 1264620, 72, 0, 0
16258, 27, 37, 128, 1, 0, 0.81%, 0, 0, 11, 26.73, 1264757, 72, 0, 0
16263, 27, 37, 128, 1, 0, 0.81%, 0, 0, 11, 26.57, 1264893, 72, 0, 0
16268, 27, 58, 128, 1, 0, 0.81%, 0, 0, 11, 26.27, 1265028, 72, 0, 0
16273, 27, 58, 128, 1, 0, 0.81%, 0, 0, 11, 25.31, 1265155, 72, 0, 0
16278, 27, 58, 128, 1, 0, 0.81%, 0, 0, 11, 26.00, 1265287, 72, 0, 0
16284, 27, 58, 128, 1, 0, 0.81%, 0, 0, 11, 25.80, 1265421, 72, 0, 0
16289, 27, 26, 128, 1, 0, 0.81%, 0, 0, 11, 25.96, 1265551, 72, 0, 0
16294, 27, 26, 128, 1, 0, 0.81%, 0, 0, 11, 42.45, 1265734, 72, 0, 0
16299, 27, 55, 128, 1, 0, 0.81%, 0, 0, 11, 25.64, 1265919, 72, 0, 0
16304, 27, 47, 128, 1, 0, 0.81%, 0, 0, 11, 239.26, 1266550, 72, 0, 0
16309, 27, 34, 128, 1, 0, 0.81%, 0, 0, 11, 26.01, 1266731, 72, 0, 0
16314, 27, 34, 128, 1, 0, 0.81%, 0, 0, 11, 30.11, 1266895, 72, 0, 0
16319, 27, 58, 128, 1, 0, 0.81%, 0, 0, 11, 26.50, 1267028, 72, 0, 0
16324, 27, 58, 128, 1, 0, 0.81%, 0, 0, 11, 25.28, 1267155, 72, 0, 0
16330, 27, 58, 128, 1, 0, 0.81%, 0, 0, 11, 25.48, 1267288, 72, 0, 0
16335, 27, 36, 128, 1, 0, 0.81%, 0, 0, 11, 228.56, 1267802, 72, 0, 0
16340, 27, 98, 128, 1, 0, 0.81%, 0, 0, 11, 326.95, 1269100, 72, 0, 0
16345, 27, 10, 128, 1, 0, 0.81%, 0, 0, 11, 25.99, 1269270, 72, 0, 0
16350, 27, 35, 128, 1, 0, 0.81%, 0, 0, 11, 410.38, 1270071, 72, 0, 0
16355, 27, 61, 128, 1, 0, 0.81%, 0, 0, 11, 17.28, 1271729, 72, 0, 0
16360, 27, 69, 128, 1, 0, 0.81%, 0, 0, 11, 185.56, 1272371, 72, 0, 0
16365, 27, 127, 129, 2, 0, 0.81%, 0, 0, 11, 347.34, 1273112, 72, 0, 0
16370, 27, 127, 129, 2, 0, 0.81%, 0, 0, 11, 16.95, 1273308, 72, 0, 0
16375, 27, 127, 129, 2, 0, 0.81%, 0, 0, 11, 218.75, 1274034, 72, 0, 0
16381, 27, 127, 129, 2, 0, 0.81%, 0, 0, 11, 319.25, 1275006, 72, 0, 0
16386, 27, 127, 129, 2, 0, 0.81%, 0, 0, 11, 259.81, 1275926, 72, 0, 0
16391, 27, 127, 129, 2, 0, 0.81%, 0, 0, 11, 16.40, 1276562, 72, 0, 0
16396, 27, 127, 129, 2, 0, 0.81%, 0, 0, 11, 158.19, 1276753, 72, 0, 0
16401, 27, 127, 129, 2, 0, 0.81%, 0, 0, 11, 17.04, 1276977, 72, 0, 0
16407, 27, 127, 129, 2, 0, 0.81%, 0, 0, 11, 15.82, 1277056, 72, 0, 0
16412, 27, 127, 129, 2, 0, 0.81%, 0, 0, 11, 15.37, 1277135, 72, 0, 0
16417, 27, 127, 129, 2, 0, 0.81%, 0, 0, 11, 15.22, 1277214, 72, 0, 0
16422, 27, 127, 129, 2, 0, 0.81%, 0, 0, 11, 17.10, 1277301, 72, 0, 0
16427, 27, 127, 129, 2, 0, 0.81%, 0, 0, 11, 17.84, 1277395, 72, 0, 0
16432, 27, 127, 129, 2, 0, 0.81%, 0, 0, 11, 19.45, 1277495, 72, 0, 0
16437, 27, 99, 129, 1, 0, 0.81%, 0, 0, 11, 23.79, 1277624, 72, 0, 0
16442, 27, 99, 129, 1, 0, 0.81%, 0, 0, 11, 25.24, 1277754, 72, 0, 0
16448, 27, 99, 129, 1, 0, 0.81%, 0, 0, 11, 25.66, 1277884, 72, 0, 0
16453, 27, 99, 129, 1, 0, 0.81%, 0, 0, 11, 26.33, 1278017, 72, 0, 0
16458, 27, 10, 129, 1, 0, 0.81%, 0, 0, 11, 25.79, 1278977, 72, 0, 0
16463, 27, 57, 129, 1, 0, 0.81%, 0, 0, 11, 30.42, 1279122, 72, 0, 0
16468, 27, 57, 129, 1, 0, 0.81%, 0, 0, 11, 26.57, 1279255, 72, 0, 0
16473, 27, 57, 129, 1, 0, 0.81%, 0, 0, 11, 22.23, 1279433, 72, 0, 0
16478, 27, 57, 129, 1, 0, 0.81%, 0, 0, 11, 25.24, 1279565, 72, 0, 0
16483, 27, 57, 129, 1, 0, 0.81%, 0, 0, 11, 26.26, 1279698, 72, 0, 0
16488, 27, 61, 129, 1, 0, 0.81%, 0, 0, 11, 26.20, 1279829, 72, 0, 0
16493, 27, 61, 129, 1, 0, 0.81%, 0, 0, 11, 25.83, 1279961, 72, 0, 0
16498, 27, 61, 129, 1, 0, 0.81%, 0, 0, 11, 25.18, 1280091, 72, 0, 0
16504, 27, 61, 129, 1, 0, 0.81%, 0, 0, 11, 24.91, 1280222, 72, 0, 0
16509, 27, 23, 129, 1, 0, 0.81%, 0, 0, 11, 25.00, 1280347, 72, 0, 0
16514, 27, 23, 129, 1, 0, 0.81%, 0, 0, 11, 25.24, 1280474, 72, 0, 0
16519, 27, 23, 129, 1, 0, 0.81%, 0, 0, 11, 25.16, 1280600, 72, 0, 0
16524, 27, 16, 129, 1, 0, 0.81%, 0, 0, 11, 26.39, 1280736, 72, 0, 0
16529, 27, 16, 129, 1, 0, 0.81%, 0, 0, 11, 26.03, 1280869, 72, 0, 0
16534, 27, 16, 129, 1, 0, 0.81%, 0, 0, 11, 26.49, 1281003, 72, 0, 0
16539, 27, 16, 129, 1, 0, 0.81%, 0, 0, 11, 26.55, 1281141, 72, 0, 0
16544, 27, 23, 129, 1, 0, 0.81%, 0, 0, 11, 26.70, 1281275, 72, 0, 0
16549, 27, 23, 129, 1, 0, 0.81%, 0, 0, 11, 25.74, 1281403, 72, 0, 0
16554, 27, 14, 129, 1, 0, 0.81%, 0, 0, 11, 25.47, 1281532, 72, 0, 0
16560, 27, 14, 129, 1, 0, 0.81%, 0, 0, 11, 25.63, 1281667, 72, 0, 0
16565, 27, 14, 129, 1, 0, 0.81%, 0, 0, 11, 25.30, 1281796, 72, 0, 0
16570, 27, 10, 129, 1, 0, 0.81%, 0, 0, 11, 26.33, 1281931, 72, 0, 0
16575, 27, 10, 129, 1, 0, 0.81%, 0, 0, 11, 25.35, 1282057, 72, 0, 0
16580, 27, 32, 129, 1, 0, 0.81%, 0, 0, 11, 25.44, 1282187, 72, 0, 0
16585, 27, 32, 129, 1, 0, 0.81%, 0, 0, 11, 24.39, 1282312, 72, 0, 0
16590, 27, 99, 129, 1, 0, 0.81%, 0, 0, 11, 170.17, 1282855, 72, 0, 0
16595, 27, 99, 129, 1, 0, 0.81%, 0, 0, 11, 230.09, 1283303, 72, 0, 0
16600, 27, 111, 129, 1, 0, 0.81%, 0, 0, 11, 28.14, 1283475, 72, 0, 0
16605, 27, 111, 129, 1, 0, 0.81%, 0, 0, 11, 180.78, 1284265, 72, 0, 0
16611, 27, 111, 129, 1, 0, 0.81%, 0, 0, 11, 26.44, 1284690, 72, 0, 0
16616, 27, 128, 129, 1, 0, 0.81%, 0, 0, 11, 23.60, 1284799, 72, 0, 0
16621, 27, 128, 129, 1, 0, 0.81%, 0, 0, 11, 25.33, 1284929, 72, 0, 0
16626, 27, 128, 129, 1, 0, 0.81%, 0, 0, 11, 25.22, 1285057, 72, 0, 0
16631, 27, 128, 129, 1, 0, 0.81%, 0, 0, 11, 26.27, 1285220, 72, 0, 0
16636, 27, 128, 129, 1, 0, 0.81%, 0, 0, 11, 29.68, 1285464, 72, 0, 0
16641, 27, 128, 129, 1, 0, 0.81%, 0, 0, 11, 26.27, 1285594, 72, 0, 0
16646, 27, 128, 129, 1, 0, 0.81%, 0, 0, 11, 25.42, 1285726, 72, 0, 0
16651, 27, 128, 129, 1, 0, 0.81%, 0, 0, 11, 25.55, 1285856, 72, 0, 0
16657, 27, 128, 129, 1, 0, 0.81%, 0, 0, 11, 25.30, 1285985, 72, 0, 0
16662, 27, 128, 129, 1, 0, 0.81%, 0, 0, 11, 24.97, 1286110, 72, 0, 0
16667, 27, 128, 129, 1, 0, 0.81%, 0, 0, 11, 25.36, 1286242, 72, 0, 0
16672, 27, 128, 129, 1, 0, 0.81%, 0, 0, 11, 25.06, 1286370, 72, 0, 0
16677, 27, 128, 129, 1, 0, 0.81%, 0, 0, 11, 24.96, 1286499, 72, 0, 0
16682, 27, 128, 129, 1, 0, 0.81%, 0, 0, 11, 25.30, 1286631, 72, 0, 0
16687, 27, 128, 129, 1, 0, 0.81%, 0, 0, 11, 25.02, 1286757, 72, 0, 0
16692, 27, 128, 129, 1, 0, 0.81%, 0, 0, 11, 25.39, 1286886, 72, 0, 0
16697, 27, 128, 129, 1, 0, 0.81%, 0, 0, 11, 25.65, 1287016, 72, 0, 0
16702, 27, 128, 129, 1, 0, 0.81%, 0, 0, 11, 25.56, 1287145, 72, 0, 0
16708, 27, 128, 129, 1, 0, 0.81%, 0, 0, 11, 24.91, 1287272, 72, 0, 0
16713, 27, 128, 129, 1, 0, 0.81%, 0, 0, 11, 24.31, 1287392, 72, 0, 0
16718, 27, 128, 129, 1, 0, 0.81%, 0, 0, 11, 25.36, 1287519, 72, 0, 0
16723, 27, 128, 129, 1, 0, 0.81%, 0, 0, 11, 26.30, 1287654, 72, 0, 0
16728, 27, 128, 129, 1, 0, 0.81%, 0, 0, 11, 25.55, 1287782, 72, 0, 0
16733, 27, 128, 129, 1, 0, 0.81%, 0, 0, 11, 25.98, 1287911, 72, 0, 0
16738, 27, 128, 129, 1, 0, 0.81%, 0, 0, 11, 26.08, 1288045, 72, 0, 0
16743, 27, 128, 129, 1, 0, 0.81%, 0, 0, 11, 25.67, 1288174, 72, 0, 0
16748, 27, 128, 129, 1, 0, 0.81%, 0, 0, 11, 25.91, 1288305, 72, 0, 0
16753, 27, 128, 129, 1, 0, 0.81%, 0, 0, 11, 25.14, 1288436, 72, 0, 0
16758, 27, 128, 129, 1, 0, 0.81%, 0, 0, 11, 24.64, 1288565, 72, 0, 0
16764, 27, 128, 129, 1, 0, 0.81%, 0, 0, 11, 24.98, 1288691, 72, 0, 0
16769, 27, 128, 129, 1, 0, 0.81%, 0, 0, 11, 25.46, 1288819, 72, 0, 0
16774, 27, 128, 129, 1, 0, 0.81%, 0, 0, 11, 24.38, 1288947, 72, 0, 0
16779, 27, 128, 129, 1, 0, 0.81%, 0, 0, 11, 24.42, 1289072, 72, 0, 0
16784, 27, 128, 129, 1, 0, 0.81%, 0, 0, 11, 25.42, 1289202, 72, 0, 0
16789, 27, 128, 129, 1, 0, 0.81%, 0, 0, 11, 26.25, 1289338, 72, 0, 0
16794, 27, 128, 129, 1, 0, 0.81%, 0, 0, 11, 25.68, 1289472, 72, 0, 0
16799, 27, 128, 129, 1, 0, 0.81%, 0, 0, 11, 25.94, 1289605, 72, 0, 0
16804, 27, 128, 129, 1, 0, 0.81%, 0, 0, 11, 25.82, 1289736, 72, 0, 0
16810, 27, 128, 129, 1, 0, 0.81%, 0, 0, 11, 25.18, 1289865, 72, 0, 0
16815, 27, 128, 129, 1, 0, 0.81%, 0, 0, 11, 26.10, 1290002, 72, 0, 0
16820, 27, 128, 129, 1, 0, 0.81%, 0, 0, 11, 26.59, 1290140, 72, 0, 0
16825, 27, 128, 129, 1, 0, 0.81%, 0, 0, 11, 26.08, 1290271, 72, 0, 0
16830, 27, 128, 129, 1, 0, 0.81%, 0, 0, 11, 25.73, 1290405, 72, 0, 0
16835, 27, 128, 129, 1, 0, 0.81%, 0, 0, 11, 25.52, 1290534, 72, 0, 0
16840, 27, 128, 129, 1, 0, 0.81%, 0, 0, 11, 25.56, 1290663, 72, 0, 0
16846, 27, 18, 129, 0, 0, 0.81%, 0, 0, 11, 25.27, 1290794, 72, 0, 0
16851, 27, 18, 129, 0, 0, 0.81%, 0, 0, 11, 25.42, 1290924, 72, 0, 0
16856, 27, 18, 129, 0, 0, 0.81%, 0, 0, 11, 25.09, 1291049, 72, 0, 0
16861, 27, 58, 129, 0, 0, 0.81%, 0, 0, 11, 25.35, 1291178, 72, 0, 0
16866, 27, 58, 129, 0, 0, 0.81%, 0, 0, 11, 23.57, 1291296, 72, 0, 0
16871, 27, 58, 129, 0, 0, 0.81%, 0, 0, 11, 25.78, 1291426, 72, 0, 0
16876, 27, 58, 129, 0, 0, 0.81%, 0, 0, 11, 26.77, 1291565, 72, 0, 0
16881, 27, 58, 129, 0, 0, 0.81%, 0, 0, 11, 25.69, 1291696, 72, 0, 0
16887, 27, 21, 129, 0, 0, 0.81%, 0, 0, 11, 26.52, 1291835, 72, 0, 0
16892, 27, 21, 129, 0, 0, 0.81%, 0, 0, 11, 25.92, 1291967, 72, 0, 0
16897, 27, 111, 129, 0, 0, 0.81%, 0, 0, 11, 25.95, 1292101, 72, 0, 0
16902, 27, 111, 129, 0, 0, 0.81%, 0, 0, 11, 25.61, 1292228, 72, 0, 0
16907, 27, 111, 129, 0, 0, 0.81%, 0, 0, 11, 26.15, 1292364, 72, 0, 0
16912, 27, 111, 129, 0, 0, 0.81%, 0, 0, 11, 25.48, 1292496, 72, 0, 0
16917, 27, 111, 129, 0, 0, 0.81%, 0, 0, 11, 25.83, 1292628, 72, 0, 0
16923, 27, 111, 129, 0, 0, 0.81%, 0, 0, 11, 25.74, 1292763, 72, 0, 0
16928, 27, 111, 129, 0, 0, 0.81%, 0, 0, 11, 26.23, 1292893, 72, 0, 0
16933, 27, 111, 129, 0, 0, 0.81%, 0, 0, 11, 26.13, 1293025, 72, 0, 0
16938, 27, 111, 129, 0, 0, 0.81%, 0, 0, 11, 26.11, 1293156, 72, 0, 0
16943, 27, 18, 129, 0, 0, 0.81%, 0, 0, 11, 26.93, 1293424, 72, 0, 0
16948, 27, 18, 129, 0, 0, 0.81%, 0, 0, 11, 27.14, 1293603, 72, 0, 0
16953, 27, 35, 129, 0, 0, 0.81%, 0, 0, 11, 26.23, 1293821, 72, 0, 0
16958, 27, 35, 129, 0, 0, 0.81%, 0, 0, 11, 25.94, 1293954, 72, 0, 0
16964, 27, 26, 129, 0, 0, 0.81%, 0, 0, 11, 26.21, 1294088, 72, 0, 0
16969, 27, 26, 129, 0, 0, 0.81%, 0, 0, 11, 25.68, 1294217, 72, 0, 0
16974, 27, 54, 129, 0, 0, 0.81%, 0, 0, 11, 26.10, 1294349, 72, 0, 0
16979, 27, 47, 129, 0, 0, 0.81%, 0, 0, 11, 24.35, 1294471, 72, 0, 0
16984, 27, 47, 129, 0, 0, 0.81%, 0, 0, 11, 25.57, 1294604, 72, 0, 0
16989, 27, 47, 129, 0, 0, 0.81%, 0, 0, 11, 25.86, 1294737, 72, 0, 0
16994, 27, 47, 129, 0, 0, 0.81%, 0, 0, 11, 25.41, 1294865, 72, 0, 0
16999, 27, 30, 129, 0, 0, 0.81%, 0, 0, 11, 26.20, 1295001, 72, 0, 0
17004, 27, 30, 129, 0, 0, 0.81%, 0, 0, 11, 26.13, 1295130, 72, 0, 0
17010, 27, 30, 129, 0, 0, 0.81%, 0, 0, 11, 25.91, 1295263, 72, 0, 0
17015, 27, 10, 129, 0, 0, 0.81%, 0, 0, 11, 25.46, 1295393, 72, 0, 0
17020, 27, 10, 129, 0, 0, 0.81%, 0, 0, 11, 25.88, 1295526, 72, 0, 0
17025, 27, 35, 129, 0, 0, 0.81%, 0, 0, 11, 25.40, 1295651, 72, 0, 0
17030, 27, 35, 129, 0, 0, 0.81%, 0, 0, 11, 25.63, 1295779, 72, 0, 0
17035, 27, 34, 129, 0, 0, 0.81%, 0, 0, 11, 25.35, 1295908, 72, 0, 0
17040, 27, 34, 129, 0, 0, 0.81%, 0, 0, 11, 24.87, 1296036, 72, 0, 0
17045, 28, 58, 129, 0, 0, 0.81%, 0, 0, 11, 25.53, 1296168, 72, 0, 0
17050, 28, 58, 129, 0, 0, 0.81%, 0, 0, 11, 25.64, 1296299, 72, 0, 0
17055, 28, 58, 129, 0, 0, 0.81%, 0, 0, 11, 25.53, 1296429, 72, 0, 0
17061, 28, 58, 129, 0, 0, 0.81%, 0, 0, 11, 26.72, 1296568, 72, 0, 0
17066, 28, 58, 129, 0, 0, 0.81%, 0, 0, 11, 25.71, 1296700, 72, 0, 0
17071, 28, 36, 129, 0, 0, 0.81%, 0, 0, 11, 26.05, 1296833, 72, 0, 0
17076, 28, 36, 129, 0, 0, 0.81%, 0, 0, 11, 26.13, 1296967, 72, 0, 0
17081, 28, 38, 129, 0, 0, 0.81%, 0, 0, 11, 26.86, 1297104, 72, 0, 0
17086, 28, 32, 129, 0, 0, 0.81%, 0, 0, 11, 24.81, 1297226, 72, 0, 0
17091, 28, 32, 129, 0, 0, 0.81%, 0, 0, 11, 25.46, 1297354, 72, 0, 0
17096, 28, 32, 129, 0, 0, 0.81%, 0, 0, 11, 25.57, 1297484, 72, 0, 0
17101, 28, 32, 129, 0, 0, 0.81%, 0, 0, 11, 25.44, 1297612, 72, 0, 0
17107, 28, 23, 129, 0, 0, 0.81%, 0, 0, 11, 25.78, 1297743, 72, 0, 0
17112, 28, 23, 129, 0, 0, 0.81%, 0, 0, 11, 25.18, 1297872, 72, 0, 0
17117, 28, 23, 129, 0, 0, 0.81%, 0, 0, 11, 25.02, 1298000, 72, 0, 0
17122, 28, 14, 129, 0, 0, 0.81%, 0, 0, 11, 27.28, 1298141, 72, 0, 0
17127, 28, 14, 129, 0, 0, 0.81%, 0, 0, 11, 26.58, 1298278, 72, 0, 0
17132, 28, 111, 129, 0, 0, 0.81%, 0, 0, 11, 25.78, 1298404, 72, 0, 0
17137, 28, 111, 129, 0, 0, 0.81%, 0, 0, 11, 26.67, 1298541, 72, 0, 0
17142, 28, 111, 129, 0, 0, 0.81%, 0, 0, 11, 26.32, 1298676, 72, 0, 0
17148, 28, 111, 129, 0, 0, 0.81%, 0, 0, 11, 25.85, 1298808, 72, 0, 0
17153, 28, 111, 129, 0, 0, 0.81%, 0, 0, 11, 25.75, 1298940, 72, 0, 0
17158, 28, 111, 129, 0, 0, 0.81%, 0, 0, 11, 25.46, 1299070, 72, 0, 0
17163, 28, 111, 129, 0, 0, 0.81%, 0, 0, 11, 25.81, 1299204, 72, 0, 0
17168, 28, 111, 129, 0, 0, 0.81%, 0, 0, 11, 25.26, 1299331, 72, 0, 0
17173, 28, 111, 129, 0, 0, 0.81%, 0, 0, 11, 25.31, 1299463, 72, 0, 0
17178, 28, 111, 129, 0, 0, 0.81%, 0, 0, 11, 25.23, 1299593, 72, 0, 0
17183, 28, 36, 129, 0, 0, 0.81%, 0, 0, 11, 25.39, 1299721, 72, 0, 0
17189, 28, 36, 129, 0, 0, 0.81%, 0, 0, 11, 25.06, 1299849, 72, 0, 0
17194, 28, 55, 129, 0, 0, 0.81%, 0, 0, 11, 25.00, 1299979, 72, 0, 0
17199, 28, 55, 129, 0, 0, 0.81%, 0, 0, 11, 25.80, 1300113, 72, 0, 0
17204, 28, 32, 129, 0, 0, 0.81%, 0, 0, 11, 24.91, 1300238, 72, 0, 0
17209, 28, 32, 129, 0, 0, 0.81%, 0, 0, 11, 25.57, 1300370, 72, 0, 0
17214, 28, 27, 129, 0, 0, 0.81%, 0, 0, 11, 26.24, 1300505, 72, 0, 0
17219, 28, 27, 129, 0, 0, 0.81%, 0, 0, 11, 25.92, 1300638, 72, 0, 0
17224, 28, 71, 129, 0, 0, 0.81%, 0, 0, 11, 25.56, 1300769, 72, 0, 0
17230, 28, 71, 129, 0, 0, 0.81%, 0, 0, 11, 26.29, 1300907, 72, 0, 0
17235, 28, 71, 129, 0, 0, 0.81%, 0, 0, 11, 26.47, 1301041, 72, 0, 0
17240, 28, 61, 129, 0, 0, 0.81%, 0, 0, 11, 46.38, 1301378, 72, 0, 0
17245, 28, 61, 129, 0, 0, 0.81%, 0, 0, 11, 27.47, 1301579, 72, 0, 0
17250, 28, 61, 129, 0, 0, 0.81%, 0, 0, 11, 24.94, 1301757, 72, 0, 0
17255, 28, 61, 129, 0, 0, 0.81%, 0, 0, 11, 25.59, 1301891, 72, 0, 0
17260, 28, 37, 129, 0, 0, 0.81%, 0, 0, 11, 25.25, 1302016, 72, 0, 0
17265, 28, 37, 129, 0, 0, 0.81%, 0, 0, 11, 25.91, 1302145, 72, 0, 0
17270, 28, 94, 129, 0, 0, 0.81%, 0, 0, 11, 26.13, 1302280, 72, 0, 0
17275, 28, 94, 129, 0, 0, 0.81%, 0, 0, 11, 25.51, 1302409, 72, 0, 0
17280, 28, 94, 129, 0, 0, 0.81%, 0, 0, 11, 25.55, 1302537, 72, 0, 0
17286, 28, 94, 129, 0, 0, 0.81%, 0, 0, 11, 26.80, 1302674, 72, 0, 0
17291, 28, 94, 129, 0, 0, 0.81%, 0, 0, 11, 26.46, 1302807, 72, 0, 0
17296, 28, 94, 129, 0, 0, 0.81%, 0, 0, 11, 26.66, 1302942, 72, 0, 0
17301, 28, 94, 129, 0, 0, 0.81%, 0, 0, 11, 26.13, 1303075, 72, 0, 0
17306, 28, 2, 129, 0, 0, 0.81%, 0, 0, 11, 26.45, 1303209, 72, 0, 0
17311, 28, 2, 129, 0, 0, 0.81%, 0, 0, 11, 26.51, 1303345, 72, 0, 0
17316, 28, 10, 129, 0, 0, 0.81%, 0, 0, 11, 25.41, 1303474, 72, 0, 0
17322, 28, 10, 129, 0, 0, 0.81%, 0, 0, 11, 25.90, 1303659, 72, 0, 0
17327, 28, 45, 129, 0, 0, 0.81%, 0, 0, 11, 26.04, 1303795, 72, 0, 0
17332, 28, 45, 129, 0, 0, 0.81%, 0, 0, 11, 25.51, 1303923, 72, 0, 0
17337, 28, 45, 129, 0, 0, 0.81%, 0, 0, 11, 26.33, 1304059, 72, 0, 0
17342, 28, 45, 129, 0, 0, 0.81%, 0, 0, 11, 26.58, 1304192, 72, 0, 0
17347, 28, 45, 129, 0, 0, 0.81%, 0, 0, 11, 26.18, 1304323, 72, 0, 0
17352, 28, 11, 129, 0, 0, 0.81%, 0, 0, 11, 25.80, 1304456, 72, 0, 0
17358, 28, 37, 129, 0, 0, 0.81%, 0, 0, 11, 26.15, 1304592, 72, 0, 0
17363, 28, 37, 129, 0, 0, 0.81%, 0, 0, 11, 26.38, 1304727, 72, 0, 0
17368, 28, 55, 129, 0, 0, 0.81%, 0, 0, 11, 25.57, 1304856, 72, 0, 0
17373, 28, 19, 129, 0, 0, 0.81%, 0, 0, 11, 26.17, 1304990, 72, 0, 0
17378, 28, 19, 129, 0, 0, 0.81%, 0, 0, 11, 25.88, 1305124, 72, 0, 0
17383, 28, 26, 129, 0, 0, 0.81%, 0, 0, 11, 25.62, 1305256, 72, 0, 0
17388, 28, 26, 129, 0, 0, 0.81%, 0, 0, 11, 25.42, 1305388, 72, 0, 0
17393, 28, 7, 129, 0, 0, 0.81%, 0, 0, 11, 25.80, 1305518, 72, 0, 0
17399, 28, 7, 129, 0, 0, 0.81%, 0, 0, 11, 24.53, 1305712, 72, 0, 0
17404, 28, 37, 129, 0, 0, 0.81%, 0, 0, 11, 25.87, 1305845, 72, 0, 0
17409, 28, 37, 129, 0, 0, 0.81%, 0, 0, 11, 26.26, 1305980, 72, 0, 0
17414, 28, 23, 129, 0, 0, 0.81%, 0, 0, 11, 26.41, 1306116, 72, 0, 0
17419, 28, 23, 129, 0, 0, 0.81%, 0, 0, 11, 25.50, 1306249, 72, 0, 0
17425, 28, 23, 129, 0, 0, 0.81%, 0, 0, 11, 25.88, 1306383, 72, 0, 0
17430, 28, 32, 129, 0, 0, 0.81%, 0, 0, 11, 25.96, 1306518, 72, 0, 0
17435, 28, 32, 129, 0, 0, 0.81%, 0, 0, 11, 25.44, 1306648, 72, 0, 0
17440, 28, 51, 129, 0, 0, 0.81%, 0, 0, 11, 25.99, 1306782, 72, 0, 0
17445, 28, 51, 129, 0, 0, 0.81%, 0, 0, 11, 26.16, 1306914, 72, 0, 0
17450, 28, 91, 129, 0, 0, 0.81%, 0, 0, 11, 24.91, 1307041, 72, 0, 0
17455, 28, 91, 129, 0, 0, 0.81%, 0, 0, 11, 26.48, 1307213, 72, 0, 0
17460, 28, 91, 129, 0, 0, 0.81%, 0, 0, 11, 26.08, 1307349, 72, 0, 0
17466, 28, 91, 129, 0, 0, 0.81%, 0, 0, 11, 26.03, 1307484, 72, 0, 0
17471, 28, 37, 129, 0, 0, 0.81%, 0, 0, 11, 25.95, 1307619, 72, 0, 0
17476, 28, 37, 129, 0, 0, 0.81%, 0, 0, 11, 25.32, 1307749, 72, 0, 0
17481, 28, 37, 129, 0, 0, 0.81%, 0, 0, 11, 25.96, 1307883, 72, 0, 0
17486, 28, 45, 129, 0, 0, 0.81%, 0, 0, 11, 26.00, 1308014, 72, 0, 0
17491, 28, 45, 129, 0, 0, 0.81%, 0, 0, 11, 25.67, 1308146, 72, 0, 0
17496, 28, 45, 129, 0, 0, 0.81%, 0, 0, 11, 25.47, 1308273, 72, 0, 0
17501, 28, 45, 129, 0, 0, 0.81%, 0, 0, 11, 25.63, 1308402, 72, 0, 0
17506, 28, 45, 129, 0, 0, 0.81%, 0, 0, 11, 25.77, 1308535, 72, 0, 0
17511, 28, 111, 129, 0, 0, 0.81%, 0, 0, 11, 25.86, 1308665, 72, 0, 0
17517, 28, 111, 129, 0, 0, 0.81%, 0, 0, 11, 25.34, 1308792, 72, 0, 0
17522, 28, 111, 129, 0, 0, 0.81%, 0, 0, 11, 25.95, 1308924, 72, 0, 0
17527, 28, 111, 129, 0, 0, 0.81%, 0, 0, 11, 26.07, 1309059, 72, 0, 0
17532, 28, 111, 129, 0, 0, 0.81%, 0, 0, 11, 24.95, 1309184, 72, 0, 0
17537, 28, 111, 129, 0, 0, 0.81%, 0, 0, 11, 24.85, 1309311, 72, 0, 0
17542, 28, 111, 129, 0, 0, 0.81%, 0, 0, 11, 25.34, 1309443, 72, 0, 0
17547, 28, 111, 129, 0, 0, 0.81%, 0, 0, 11, 25.44, 1309574, 72, 0, 0
17553, 28, 111, 129, 0, 0, 0.81%, 0, 0, 11, 25.53, 1309707, 72, 0, 0
17558, 28, 111, 129, 0, 0, 0.81%, 0, 0, 11, 25.44, 1309837, 72, 0, 0
17563, 28, 47, 129, 0, 0, 0.81%, 0, 0, 11, 25.49, 1309971, 72, 0, 0
17568, 28, 47, 129, 0, 0, 0.81%, 0, 0, 11, 26.19, 1310103, 72, 0, 0
17573, 28, 47, 129, 0, 0, 0.81%, 0, 0, 11, 26.85, 1310242, 72, 0, 0
17578, 28, 47, 129, 0, 0, 0.81%, 0, 0, 11, 26.20, 1310377, 72, 0, 0
17583, 28, 47, 129, 0, 0, 0.81%, 0, 0, 11, 26.52, 1310512, 72, 0, 0
17589, 28, 10, 129, 0, 0, 0.81%, 0, 0, 11, 26.78, 1310648, 72, 0, 0
17594, 28, 23, 129, 0, 0, 0.81%, 0, 0, 11, 25.87, 1310960, 72, 0, 0
17599, 28, 23, 129, 0, 0, 0.81%, 0, 0, 11, 26.41, 1311091, 72, 0, 0
17604, 28, 98, 129, 0, 0, 0.81%, 0, 0, 11, 26.49, 1311225, 72, 0, 0
17609, 28, 13, 129, 0, 0, 0.81%, 0, 0, 11, 25.70, 1311354, 72, 0, 0
17614, 28, 13, 129, 0, 0, 0.81%, 0, 0, 11, 25.34, 1311484, 72, 0, 0
17619, 28, 116, 129, 0, 0, 0.81%, 0, 0, 11, 25.79, 1311618, 72, 0, 0
17624, 28, 116, 129, 0, 0, 0.81%, 0, 0, 11, 25.22, 1311746, 72, 0, 0
17629, 28, 11, 129, 0, 0, 0.81%, 0, 0, 11, 25.68, 1311877, 72, 0, 0
17635, 28, 35, 129, 0, 0, 0.81%, 0, 0, 11, 25.51, 1312007, 72, 0, 0
17640, 28, 35, 129, 0, 0, 0.81%, 0, 0, 11, 26.19, 1312140, 72, 0, 0
17645, 28, 52, 129, 0, 0, 0.81%, 0, 0, 11, 26.76, 1312276, 72, 0, 0
17650, 28, 52, 129, 0, 0, 0.81%, 0, 0, 11, 35.49, 1312446, 72, 0, 0
17655, 28, 36, 129, 0, 0, 0.81%, 0, 0, 11, 27.11, 1313172, 72, 0, 0
17660, 28, 26, 129, 0, 0, 0.81%, 0, 0, 11, 32.43, 1313506, 72, 0, 0
17665, 28, 13, 129, 0, 0, 0.81%, 0, 0, 11, 186.00, 1313878, 72, 0, 0
17670, 28, 51, 129, 0, 0, 0.81%, 0, 0, 11, 175.00, 1314207, 72, 0, 0
17675, 28, 122, 130, 1, 0, 0.81%, 0, 0, 11, 436.32, 1315199, 72, 0, 0
17681, 28, 122, 130, 1, 0, 0.81%, 0, 0, 11, 15.74, 1315615, 72, 0, 0
17686, 28, 122, 130, 1, 0, 0.81%, 0, 0, 11, 384.79, 1316205, 72, 0, 0
17691, 28, 122, 130, 1, 0, 0.81%, 0, 0, 11, 126.52, 1316491, 72, 0, 0
17696, 28, 122, 131, 2, 0, 0.81%, 0, 0, 11, 205.17, 1317024, 72, 0, 0
17701, 28, 122, 131, 2, 0, 0.81%, 0, 0, 11, 24.44, 1317207, 72, 0, 0
17706, 28, 122, 131, 2, 0, 0.81%, 0, 0, 11, 27.54, 1317566, 72, 0, 0
17711, 28, 122, 131, 2, 0, 0.81%, 0, 0, 11, 42.17, 1318102, 72, 0, 0
17716, 28, 122, 131, 2, 0, 0.81%, 0, 0, 11, 17.25, 1318449, 72, 0, 0
17721, 28, 122, 131, 2, 0, 0.81%, 0, 0, 11, 17.87, 1318540, 72, 0, 0
17726, 28, 122, 131, 2, 0, 0.81%, 0, 0, 11, 24.25, 1318672, 72, 0, 0
17732, 28, 122, 131, 2, 0, 0.81%, 0, 0, 11, 25.89, 1318807, 72, 0, 0
17737, 28, 122, 131, 2, 0, 0.81%, 0, 0, 11, 25.44, 1318936, 72, 0, 0
17742, 28, 122, 131, 2, 0, 0.81%, 0, 0, 11, 25.15, 1319065, 72, 0, 0
17747, 28, 122, 131, 2, 0, 0.81%, 0, 0, 11, 20.03, 1319606, 72, 0, 0
17752, 28, 122, 131, 2, 0, 0.81%, 0, 0, 11, 23.80, 1319732, 72, 0, 0
17757, 28, 98, 131, 2, 0, 0.81%, 0, 0, 11, 24.42, 1319859, 72, 0, 0
17763, 28, 2, 131, 2, 0, 0.81%, 0, 0, 11, 25.42, 1319992, 72, 0, 0
17768, 28, 2, 131, 2, 0, 0.81%, 0, 0, 11, 25.33, 1320122, 72, 0, 0
17773, 28, 35, 131, 2, 0, 0.81%, 0, 0, 11, 26.30, 1320257, 72, 0, 0
17778, 28, 35, 131, 2, 0, 0.81%, 0, 0, 11, 26.06, 1320389, 72, 0, 0
17783, 28, 35, 131, 2, 0, 0.81%, 0, 0, 11, 25.99, 1320521, 72, 0, 0
17788, 28, 51, 131, 2, 0, 0.81%, 0, 0, 11, 25.97, 1320650, 72, 0, 0
17793, 28, 51, 131, 2, 0, 0.81%, 0, 0, 11, 25.51, 1320779, 72, 0, 0
17798, 28, 98, 131, 2, 0, 0.81%, 0, 0, 11, 25.36, 1320906, 72, 0, 0
17803, 28, 37, 131, 2, 0, 0.81%, 0, 0, 11, 25.81, 1321037, 72, 0, 0
17808, 28, 37, 131, 2, 0, 0.81%, 0, 0, 11, 26.43, 1321169, 72, 0, 0
17813, 28, 78, 131, 2, 0, 0.81%, 0, 0, 11, 25.69, 1321300, 72, 0, 0
17818, 28, 6, 131, 2, 0, 0.81%, 0, 0, 11, 25.19, 1321432, 72, 0, 0
17824, 28, 45, 131, 2, 0, 0.81%, 0, 0, 11, 25.96, 1321566, 72, 0, 0
17829, 28, 45, 131, 2, 0, 0.81%, 0, 0, 11, 25.73, 1321697, 72, 0, 0
17834, 28, 45, 131, 2, 0, 0.81%, 0, 0, 11, 25.02, 1321821, 72, 0, 0
17839, 28, 45, 131, 2, 0, 0.81%, 0, 0, 11, 25.49, 1321951, 72, 0, 0
17844, 28, 27, 131, 2, 0, 0.81%, 0, 0, 11, 26.43, 1322089, 72, 0, 0
17849, 28, 27, 131, 2, 0, 0.81%, 0, 0, 11, 27.02, 1322275, 72, 0, 0
17854, 28, 106, 131, 2, 0, 0.81%, 0, 0, 11, 26.69, 1322459, 72, 0, 0
17859, 28, 57, 131, 2, 0, 0.81%, 0, 0, 11, 26.27, 1322589, 72, 0, 0
17864, 28, 57, 131, 2, 0, 0.81%, 0, 0, 11, 25.56, 1322719, 72, 0, 0
17869, 28, 57, 131, 2, 0, 0.81%, 0, 0, 11, 24.94, 1322845, 72, 0, 0
17875, 28, 57, 131, 2, 0, 0.81%, 0, 0, 11, 26.29, 1322976, 72, 0, 0
17880, 28, 57, 131, 2, 0, 0.81%, 0, 0, 11, 26.13, 1323109, 72, 0, 0
17885, 28, 9, 131, 2, 0, 0.81%, 0, 0, 11, 24.39, 1323237, 72, 0, 0
17890, 28, 9, 131, 2, 0, 0.81%, 0, 0, 11, 24.83, 1323361, 72, 0, 0
17895, 28, 16, 131, 2, 0, 0.81%, 0, 0, 11, 25.57, 1323494, 72, 0, 0
17900, 28, 16, 131, 2, 0, 0.81%, 0, 0, 11, 25.71, 1323624, 72, 0, 0
17905, 28, 16, 131, 2, 0, 0.81%, 0, 0, 11, 23.81, 1323744, 72, 0, 0
17910, 28, 47, 131, 2, 0, 0.81%, 0, 0, 11, 24.99, 1323869, 72, 0, 0
17915, 28, 47, 131, 2, 0, 0.81%, 0, 0, 11, 25.43, 1323998, 72, 0, 0
17920, 28, 47, 131, 2, 0, 0.81%, 0, 0, 11, 25.71, 1324128, 72, 0, 0
17925, 28, 47, 131, 2, 0, 0.81%, 0, 0, 11, 25.67, 1324262, 72, 0, 0
17930, 28, 47, 131, 2, 0, 0.81%, 0, 0, 11, 26.04, 1324394, 72, 0, 0
17936, 28, 48, 131, 2, 0, 0.81%, 0, 0, 11, 25.95, 1324526, 72, 0, 0
17941, 28, 47, 131, 2, 0, 0.81%, 0, 0, 11, 25.81, 1324654, 72, 0, 0
17946, 28, 47, 131, 2, 0, 0.81%, 0, 0, 11, 26.19, 1324785, 72, 0, 0
17951, 28, 47, 131, 2, 0, 0.81%, 0, 0, 11, 26.23, 1324916, 72, 0, 0
17956, 28, 47, 131, 2, 0, 0.81%, 0, 0, 11, 26.27, 1325048, 72, 0, 0
17961, 28, 111, 131, 2, 0, 0.81%, 0, 0, 11, 26.15, 1325179, 72, 0, 0
17966, 28, 111, 131, 2, 0, 0.81%, 0, 0, 11, 25.43, 1325312, 72, 0, 0
17971, 28, 111, 131, 2, 0, 0.81%, 0, 0, 11, 25.52, 1325442, 72, 0, 0
17976, 28, 111, 131, 2, 0, 0.81%, 0, 0, 11, 25.30, 1325572, 72, 0, 0
17981, 28, 111, 131, 2, 0, 0.81%, 0, 0, 11, 25.57, 1325703, 72, 0, 0
17986, 28, 111, 131, 2, 0, 0.81%, 0, 0, 11, 25.91, 1325835, 72, 0, 0
17991, 28, 111, 131, 2, 0, 0.81%, 0, 0, 11, 25.50, 1325961, 72, 0, 0
17996, 28, 111, 131, 2, 0, 0.81%, 0, 0, 11, 24.71, 1326088, 72, 0, 0
18002, 28, 111, 131, 2, 0, 0.81%, 0, 0, 11, 27.93, 1326230, 72, 0, 0
18007, 28, 111, 131, 2, 0, 0.81%, 0, 0, 11, 27.58, 1326372, 72, 0, 0
18012, 28, 52, 131, 2, 0, 0.81%, 0, 0, 11, 26.33, 1326506, 72, 0, 0
18017, 28, 52, 131, 2, 0, 0.81%, 0, 0, 11, 25.75, 1326637, 72, 0, 0
18022, 28, 52, 131, 2, 0, 0.81%, 0, 0, 11, 26.10, 1326773, 72, 0, 0
18027, 28, 61, 131, 2, 0, 0.81%, 0, 0, 11, 26.38, 1326912, 72, 0, 0
18032, 28, 61, 131, 2, 0, 0.81%, 0, 0, 11, 25.79, 1327040, 72, 0, 0
18037, 28, 61, 131, 2, 0, 0.81%, 0, 0, 11, 26.91, 1327178, 72, 0, 0
18042, 28, 61, 131, 2, 0, 0.81%, 0, 0, 11, 25.17, 1327302, 72, 0, 0
18047, 28, 32, 131, 2, 0, 0.81%, 0, 0, 11, 25.11, 1327431, 72, 0, 0
18053, 28, 32, 131, 2, 0, 0.81%, 0, 0, 11, 25.79, 1327562, 72, 0, 0
18058, 28, 100, 131, 2, 0, 0.81%, 0, 0, 11, 25.59, 1327698, 72, 0, 0
18063, 28, 100, 131, 2, 0, 0.81%, 0, 0, 11, 25.59, 1327830, 72, 0, 0
18068, 28, 100, 131, 2, 0, 0.81%, 0, 0, 11, 25.24, 1327961, 72, 0, 0
18073, 28, 100, 131, 2, 0, 0.81%, 0, 0, 11, 25.53, 1328089, 72, 0, 0
18078, 28, 100, 131, 2, 0, 0.81%, 0, 0, 11, 25.62, 1328218, 72, 0, 0
18083, 28, 55, 131, 2, 0, 0.81%, 0, 0, 11, 26.14, 1328349, 72, 0, 0
18088, 28, 37, 131, 2, 0, 0.81%, 0, 0, 11, 25.44, 1328481, 72, 0, 0
18094, 28, 37, 131, 2, 0, 0.81%, 0, 0, 11, 25.31, 1328610, 72, 0, 0
18099, 28, 52, 131, 2, 0, 0.81%, 0, 0, 11, 25.92, 1328741, 72, 0, 0
18104, 28, 52, 131, 2, 0, 0.81%, 0, 0, 11, 24.94, 1328870, 72, 0, 0
18109, 28, 52, 131, 2, 0, 0.81%, 0, 0, 11, 25.57, 1329003, 72, 0, 0
18114, 28, 89, 131, 2, 0, 0.81%, 0, 0, 11, 26.33, 1329136, 72, 0, 0
18119, 28, 89, 131, 2, 0, 0.81%, 0, 0, 11, 26.37, 1329270, 72, 0, 0
18124, 28, 89, 131, 2, 0, 0.81%, 0, 0, 11, 24.69, 1329393, 72, 0, 0
18129, 28, 89, 131, 2, 0, 0.81%, 0, 0, 11, 25.23, 1329521, 72, 0, 0
18134, 28, 52, 131, 2, 0, 0.81%, 0, 0, 11, 26.21, 1329657, 72, 0, 0
18140, 28, 52, 131, 2, 0, 0.81%, 0, 0, 11, 26.80, 1329796, 72, 0, 0
18145, 28, 98, 131, 2, 0, 0.81%, 0, 0, 11, 26.58, 1329934, 72, 0, 0
18150, 28, 32, 131, 2, 0, 0.81%, 0, 0, 11, 25.20, 1330060, 72, 0, 0
18155, 28, 32, 131, 2, 0, 0.81%, 0, 0, 11, 25.92, 1330191, 72, 0, 0
18160, 28, 32, 131, 2, 0, 0.81%, 0, 0, 11, 26.39, 1330325, 72, 0, 0
18165, 28, 129, 131, 2, 0, 0.81%, 0, 0, 11, 26.60, 1330457, 72, 0, 0
18170, 28, 129, 131, 2, 0, 0.81%, 0, 0, 11, 25.59, 1330586, 72, 0, 0
18175, 28, 129, 131, 2, 0, 0.81%, 0, 0, 11, 25.54, 1330718, 72, 0, 0
18180, 28, 129, 131, 2, 0, 0.81%, 0, 0, 11, 27.79, 1330864, 72, 0, 0
18186, 28, 129, 131, 2, 0, 0.81%, 0, 0, 11, 26.26, 1330995, 72, 0, 0
18191, 28, 129, 131, 2, 0, 0.81%, 0, 0, 11, 26.56, 1331131, 72, 0, 0
18196, 28, 129, 131, 2, 0, 0.81%, 0, 0, 11, 24.92, 1331259, 72, 0, 0
18201, 28, 129, 131, 2, 0, 0.81%, 0, 0, 11, 25.33, 1331391, 72, 0, 0
18206, 28, 129, 131, 2, 0, 0.81%, 0, 0, 11, 25.66, 1331520, 72, 0, 0
18211, 28, 129, 131, 2, 0, 0.81%, 0, 0, 11, 25.72, 1331652, 72, 0, 0
18216, 28, 129, 131, 2, 0, 0.81%, 0, 0, 11, 25.91, 1331783, 72, 0, 0
18221, 28, 129, 131, 2, 0, 0.81%, 0, 0, 11, 25.58, 1331910, 72, 0, 0
18226, 28, 129, 131, 2, 0, 0.81%, 0, 0, 11, 25.47, 1332041, 72, 0, 0
18231, 28, 99, 131, 1, 0, 0.81%, 0, 0, 11, 25.60, 1332171, 72, 0, 0
18237, 28, 99, 131, 1, 0, 0.81%, 0, 0, 11, 25.40, 1332299, 72, 0, 0
18242, 28, 99, 131, 1, 0, 0.81%, 0, 0, 11, 25.81, 1332435, 72, 0, 0
18247, 28, 99, 131, 1, 0, 0.81%, 0, 0, 11, 25.58, 1332565, 72, 0, 0
18252, 28, 51, 131, 1, 0, 0.81%, 0, 0, 11, 26.21, 1332699, 72, 0, 0
18257, 28, 51, 131, 1, 0, 0.81%, 0, 0, 11, 25.70, 1332832, 72, 0, 0
18262, 28, 51, 131, 1, 0, 0.81%, 0, 0, 11, 25.15, 1332960, 72, 0, 0
18267, 28, 94, 131, 1, 0, 0.81%, 0, 0, 11, 24.91, 1333089, 72, 0, 0
18273, 28, 94, 131, 1, 0, 0.81%, 0, 0, 11, 25.48, 1333220, 72, 0, 0
18278, 28, 94, 131, 1, 0, 0.81%, 0, 0, 11, 25.32, 1333348, 72, 0, 0
18283, 28, 94, 131, 1, 0, 0.81%, 0, 0, 11, 25.93, 1333482, 72, 0, 0
18288, 28, 94, 131, 1, 0, 0.81%, 0, 0, 11, 25.32, 1333614, 72, 0, 0
18293, 28, 94, 131, 1, 0, 0.81%, 0, 0, 11, 25.25, 1333745, 72, 0, 0
18298, 28, 94, 131, 1, 0, 0.81%, 0, 0, 11, 25.76, 1333879, 72, 0, 0
18303, 28, 99, 131, 1, 0, 0.81%, 0, 0, 11, 25.69, 1334009, 72, 0, 0
18309, 28, 99, 131, 1, 0, 0.81%, 0, 0, 11, 25.45, 1334140, 72, 0, 0
18314, 28, 99, 131, 1, 0, 0.81%, 0, 0, 11, 26.15, 1334278, 72, 0, 0
18319, 28, 99, 131, 1, 0, 0.81%, 0, 0, 11, 26.13, 1334412, 72, 0, 0
18324, 28, 16, 131, 1, 0, 0.81%, 0, 0, 11, 25.62, 1334542, 72, 0, 0
18329, 28, 16, 131, 1, 0, 0.81%, 0, 0, 11, 24.91, 1334665, 72, 0, 0
18334, 28, 99, 131, 1, 0, 0.81%, 0, 0, 11, 25.97, 1334796, 72, 0, 0
18339, 28, 99, 131, 1, 0, 0.81%, 0, 0, 11, 26.58, 1334936, 72, 0, 0
18344, 28, 99, 131, 1, 0, 0.81%, 0, 0, 11, 25.50, 1335068, 72, 0, 0
18350, 28, 99, 131, 1, 0, 0.81%, 0, 0, 11, 25.84, 1335204, 72, 0, 0
18355, 28, 99, 131, 1, 0, 0.81%, 0, 0, 11, 26.18, 1335339, 72, 0, 0
18360, 28, 107, 131, 1, 0, 0.81%, 0, 0, 11, 26.85, 1335479, 72, 0, 0
18365, 28, 107, 131, 1, 0, 0.81%, 0, 0, 11, 26.68, 1335615, 72, 0, 0
18370, 28, 107, 131, 1, 0, 0.81%, 0, 0, 11, 26.40, 1335746, 72, 0, 0
18375, 28, 107, 131, 1, 0, 0.81%, 0, 0, 11, 25.72, 1335876, 72, 0, 0
18380, 28, 34, 131, 1, 0, 0.81%, 0, 0, 11, 25.77, 1336008, 72, 0, 0
18385, 28, 34, 131, 1, 0, 0.81%, 0, 0, 11, 25.72, 1336138, 72, 0, 0
18391, 28, 34, 131, 1, 0, 0.81%, 0, 0, 11, 25.07, 1336264, 72, 0, 0
18396, 28, 108, 131, 1, 0, 0.81%, 0, 0, 11, 24.22, 1336386, 72, 0, 0
18401, 28, 57, 131, 1, 0, 0.81%, 0, 0, 11, 25.10, 1336516, 72, 0, 0
18406, 28, 57, 131, 1, 0, 0.81%, 0, 0, 11, 24.91, 1336643, 72, 0, 0
18411, 28, 57, 131, 1, 0, 0.81%, 0, 0, 11, 25.72, 1336775, 72, 0, 0
18416, 28, 57, 131, 1, 0, 0.81%, 0, 0, 11, 26.33, 1336909, 72, 0, 0
18421, 28, 57, 131, 1, 0, 0.81%, 0, 0, 11, 26.04, 1337039, 72, 0, 0
18426, 28, 98, 131, 1, 0, 0.81%, 0, 0, 11, 25.49, 1337165, 72, 0, 0
18431, 28, 111, 131, 1, 0, 0.81%, 0, 0, 11, 25.16, 1337292, 72, 0, 0
18436, 28, 111, 131, 1, 0, 0.81%, 0, 0, 11, 25.29, 1337424, 72, 0, 0
18441, 28, 111, 131, 1, 0, 0.81%, 0, 0, 11, 25.59, 1337554, 72, 0, 0
18446, 28, 111, 131, 1, 0, 0.81%, 0, 0, 11, 25.55, 1337683, 72, 0, 0
18451, 28, 111, 131, 1, 0, 0.81%, 0, 0, 11, 27.02, 1337823, 72, 0, 0
18457, 28, 111, 131, 1, 0, 0.81%, 0, 0, 11, 26.11, 1337956, 72, 0, 0
18462, 28, 111, 131, 1, 0, 0.81%, 0, 0, 11, 25.80, 1338086, 72, 0, 0
18467, 28, 111, 131, 1, 0, 0.81%, 0, 0, 11, 25.80, 1338217, 72, 0, 0
18472, 28, 111, 131, 1, 0, 0.81%, 0, 0, 11, 26.15, 1338352, 72, 0, 0
18477, 28, 111, 131, 1, 0, 0.81%, 0, 0, 11, 25.27, 1338481, 72, 0, 0
18482, 28, 2, 131, 1, 0, 0.81%, 0, 0, 11, 24.97, 1338610, 72, 0, 0
18487, 28, 2, 131, 1, 0, 0.81%, 0, 0, 11, 25.76, 1338742, 72, 0, 0
18492, 28, 58, 131, 1, 0, 0.81%, 0, 0, 11, 25.69, 1338873, 72, 0, 0
18498, 28, 58, 131, 1, 0, 0.81%, 0, 0, 11, 26.09, 1339009, 72, 0, 0
18503, 28, 58, 131, 1, 0, 0.81%, 0, 0, 11, 26.78, 1339146, 72, 0, 0
18508, 28, 58, 131, 1, 0, 0.81%, 0, 0, 11, 26.23, 1339276, 72, 0, 0
18513, 28, 58, 131, 1, 0, 0.81%, 0, 0, 11, 26.61, 1339411, 72, 0, 0
18518, 28, 78, 131, 1, 0, 0.81%, 0, 0, 11, 25.89, 1339541, 72, 0, 0
18523, 28, 114, 131, 1, 0, 0.81%, 0, 0, 11, 26.11, 1339675, 72, 0, 0
18528, 28, 100, 131, 1, 0, 0.81%, 0, 0, 11, 26.42, 1339810, 72, 0, 0
18533, 28, 100, 131, 1, 0, 0.81%, 0, 0, 11, 26.38, 1339945, 72, 0, 0
18538, 28, 100, 131, 1, 0, 0.81%, 0, 0, 11, 26.25, 1340082, 72, 0, 0
18544, 28, 100, 131, 1, 0, 0.81%, 0, 0, 11, 25.09, 1340208, 72, 0, 0
18549, 28, 32, 131, 1, 0, 0.81%, 0, 0, 11, 25.58, 1340342, 72, 0, 0
18554, 28, 32, 131, 1, 0, 0.81%, 0, 0, 11, 26.33, 1340477, 72, 0, 0
18559, 28, 32, 131, 1, 0, 0.81%, 0, 0, 11, 25.82, 1340609, 72, 0, 0
18564, 28, 13, 131, 1, 0, 0.81%, 0, 0, 11, 25.16, 1340735, 72, 0, 0
18569, 28, 13, 131, 1, 0, 0.81%, 0, 0, 11, 25.23, 1340860, 72, 0, 0
18574, 28, 102, 131, 1, 0, 0.81%, 0, 0, 11, 25.36, 1340992, 72, 0, 0
18579, 28, 102, 131, 1, 0, 0.81%, 0, 0, 11, 25.88, 1341126, 72, 0, 0
18585, 28, 102, 131, 1, 0, 0.81%, 0, 0, 11, 26.00, 1341257, 72, 0, 0
18590, 28, 102, 131, 1, 0, 0.81%, 0, 0, 11, 26.39, 1341390, 72, 0, 0
18595, 28, 102, 131, 1, 0, 0.81%, 0, 0, 11, 26.00, 1341524, 72, 0, 0
18600, 28, 106, 131, 1, 0, 0.81%, 0, 0, 11, 25.56, 1341654, 72, 0, 0
18605, 28, 6, 131, 1, 0, 0.81%, 0, 0, 11, 25.26, 1341784, 72, 0, 0
18610, 28, 34, 131, 1, 0, 0.81%, 0, 0, 11, 26.02, 1341915, 72, 0, 0
18615, 28, 34, 131, 1, 0, 0.81%, 0, 0, 11, 25.89, 1342044, 72, 0, 0
18620, 28, 61, 131, 1, 0, 0.81%, 0, 0, 11, 25.67, 1342175, 72, 0, 0
18625, 28, 61, 131, 1, 0, 0.81%, 0, 0, 11, 26.53, 1342315, 72, 0, 0
18630, 28, 61, 131, 1, 0, 0.81%, 0, 0, 11, 46.33, 1342521, 72, 0, 0
18635, 28, 61, 131, 1, 0, 0.81%, 0, 0, 11, 32.71, 1342671, 72, 0, 0
18641, 28, 47, 131, 1, 0, 0.81%, 0, 0, 11, 28.00, 1342809, 72, 0, 0
18646, 28, 47, 131, 1, 0, 0.81%, 0, 0, 11, 26.80, 1342946, 72, 0, 0
18651, 28, 47, 131, 1, 0, 0.81%, 0, 0, 11, 26.18, 1343079, 72, 0, 0
18656, 28, 47, 131, 1, 0, 0.81%, 0, 0, 11, 26.60, 1343215, 72, 0, 0
18661, 28, 47, 131, 1, 0, 0.81%, 0, 0, 11, 26.46, 1343353, 72, 0, 0
18667, 28, 52, 131, 1, 0, 0.81%, 0, 0, 11, 26.88, 1343496, 72, 0, 0
18672, 28, 52, 131, 1, 0, 0.81%, 0, 0, 11, 26.11, 1343625, 72, 0, 0
18677, 28, 73, 131, 1, 0, 0.81%, 0, 0, 11, 26.29, 1343759, 72, 0, 0
18682, 28, 57, 131, 1, 0, 0.81%, 0, 0, 11, 25.57, 1343888, 72, 0, 0
18687, 28, 57, 131, 1, 0, 0.81%, 0, 0, 11, 26.19, 1344019, 72, 0, 0
18692, 28, 57, 131, 1, 0, 0.81%, 0, 0, 11, 26.08, 1344149, 72, 0, 0
18697, 28, 57, 131, 1, 0, 0.81%, 0, 0, 11, 25.22, 1344275, 72, 0, 0
18702, 28, 57, 131, 1, 0, 0.81%, 0, 0, 11, 25.97, 1344407, 72, 0, 0
18707, 28, 111, 131, 1, 0, 0.81%, 0, 0, 11, 26.23, 1344540, 72, 0, 0
18712, 28, 111, 131, 1, 0, 0.81%, 0, 0, 11, 26.18, 1344674, 72, 0, 0
18717, 28, 111, 131, 1, 0, 0.81%, 0, 0, 11, 26.98, 1344812, 72, 0, 0
18723, 28, 111, 131, 1, 0, 0.81%, 0, 0, 11, 26.48, 1344948, 72, 0, 0
18728, 28, 111, 131, 1, 0, 0.81%, 0, 0, 11, 26.25, 1345080, 72, 0, 0
18733, 28, 111, 131, 1, 0, 0.81%, 0, 0, 11, 26.60, 1345216, 72, 0, 0
18738, 28, 111, 131, 1, 0, 0.81%, 0, 0, 11, 25.79, 1345348, 72, 0, 0
18743, 28, 111, 131, 1, 0, 0.81%, 0, 0, 11, 25.84, 1345483, 72, 0, 0
18748, 28, 111, 131, 1, 0, 0.81%, 0, 0, 11, 25.71, 1345615, 72, 0, 0
18753, 28, 111, 131, 1, 0, 0.81%, 0, 0, 11, 26.19, 1345752, 72, 0, 0
18758, 28, 13, 131, 1, 0, 0.81%, 0, 0, 11, 26.18, 1345887, 72, 0, 0
18764, 28, 13, 131, 1, 0, 0.81%, 0, 0, 11, 26.05, 1346019, 72, 0, 0
18769, 28, 13, 131, 1, 0, 0.81%, 0, 0, 11, 24.73, 1346145, 72, 0, 0
18774, 28, 21, 131, 1, 0, 0.81%, 0, 0, 11, 25.55, 1346276, 72, 0, 0
18779, 28, 21, 131, 1, 0, 0.81%, 0, 0, 11, 25.67, 1346409, 72, 0, 0
18784, 28, 16, 131, 1, 0, 0.81%, 0, 0, 11, 26.15, 1346544, 72, 0, 0
18789, 28, 16, 131, 1, 0, 0.81%, 0, 0, 11, 25.77, 1346675, 72, 0, 0
18794, 28, 37, 131, 1, 0, 0.81%, 0, 0, 11, 25.92, 1346804, 72, 0, 0
18800, 28, 37, 131, 1, 0, 0.81%, 0, 0, 11, 25.68, 1346936, 72, 0, 0
18805, 28, 73, 131, 1, 0, 0.81%, 0, 0, 11, 25.21, 1347061, 72, 0, 0
18810, 28, 73, 131, 1, 0, 0.81%, 0, 0, 11, 25.88, 1347196, 72, 0, 0
18815, 28, 57, 131, 1, 0, 0.81%, 0, 0, 11, 25.77, 1347327, 72, 0, 0
18820, 28, 57, 131, 1, 0, 0.81%, 0, 0, 11, 26.85, 1347466, 72, 0, 0
18825, 28, 57, 131, 1, 0, 0.81%, 0, 0, 11, 26.30, 1347600, 72, 0, 0
18830, 28, 57, 131, 1, 0, 0.81%, 0, 0, 11, 25.36, 1347730, 72, 0, 0
18836, 28, 45, 131, 1, 0, 0.81%, 0, 0, 11, 25.04, 1347858, 72, 0, 0
18841, 28, 45, 131, 1, 0, 0.81%, 0, 0, 11, 25.40, 1347989, 72, 0, 0
18846, 28, 45, 131, 1, 0, 0.81%, 0, 0, 11, 25.80, 1348120, 72, 0, 0
18851, 28, 45, 131, 1, 0, 0.81%, 0, 0, 11, 26.32, 1348254, 72, 0, 0
18856, 28, 45, 131, 1, 0, 0.81%, 0, 0, 11, 26.03, 1348384, 72, 0, 0
18861, 28, 46, 131, 1, 0, 0.81%, 0, 0, 11, 27.09, 1348527, 72, 0, 0
18866, 28, 46, 131, 1, 0, 0.81%, 0, 0, 11, 26.85, 1348666, 72, 0, 0
18871, 28, 46, 131, 1, 0, 0.81%, 0, 0, 11, 25.70, 1348835, 72, 0, 0
18877, 28, 46, 131, 1, 0, 0.81%, 0, 0, 11, 25.23, 1348965, 72, 0, 0
18882, 28, 11, 131, 1, 0, 0.81%, 0, 0, 11, 26.99, 1349101, 72, 0, 0
18887, 28, 100, 131, 1, 0, 0.81%, 0, 0, 11, 26.41, 1349237, 72, 0, 0
18892, 28, 100, 131, 1, 0, 0.81%, 0, 0, 11, 25.62, 1349370, 72, 0, 0
18897, 28, 100, 131, 1, 0, 0.81%, 0, 0, 11, 26.27, 1349506, 72, 0, 0
18902, 28, 100, 131, 1, 0, 0.81%, 0, 0, 11, 27.16, 1349644, 72, 0, 0
18907, 28, 111, 131, 1, 0, 0.81%, 0, 0, 11, 26.31, 1349778, 72, 0, 0
18913, 28, 111, 131, 1, 0, 0.81%, 0, 0, 11, 26.98, 1349917, 72, 0, 0
18918, 28, 111, 131, 1, 0, 0.81%, 0, 0, 11, 26.83, 1350050, 72, 0, 0
18923, 28, 111, 131, 1, 0, 0.81%, 0, 0, 11, 26.13, 1350181, 72, 0, 0
18928, 28, 111, 131, 1, 0, 0.81%, 0, 0, 11, 25.31, 1350309, 72, 0, 0
18933, 28, 111, 131, 1, 0, 0.81%, 0, 0, 11, 25.51, 1350438, 72, 0, 0
18938, 28, 111, 131, 1, 0, 0.81%, 0, 0, 11, 25.26, 1350564, 72, 0, 0
18943, 28, 111, 131, 1, 0, 0.81%, 0, 0, 11, 24.45, 1350687, 72, 0, 0
18948, 28, 111, 131, 1, 0, 0.81%, 0, 0, 11, 24.30, 1350814, 72, 0, 0
18953, 28, 111, 131, 1, 0, 0.81%, 0, 0, 11, 24.26, 1350936, 72, 0, 0
18958, 28, 111, 131, 1, 0, 0.81%, 0, 0, 11, 25.19, 1351064, 72, 0, 0
18963, 29, 36, 131, 1, 0, 0.81%, 0, 0, 11, 26.49, 1351203, 72, 0, 0
18969, 29, 36, 131, 1, 0, 0.81%, 0, 0, 11, 25.80, 1351331, 72, 0, 0
18974, 29, 27, 131, 1, 0, 0.81%, 0, 0, 11, 26.05, 1351467, 72, 0, 0
18979, 29, 27, 131, 1, 0, 0.81%, 0, 0, 11, 26.69, 1351606, 72, 0, 0
18984, 29, 94, 131, 1, 0, 0.81%, 0, 0, 11, 255.00, 1351785, 72, 0, 0
18989, 29, 94, 131, 1, 0, 0.81%, 0, 0, 11, 30.33, 1351923, 72, 0, 0
18994, 29, 94, 131, 1, 0, 0.81%, 0, 0, 11, 26.87, 1352053, 72, 0, 0
18999, 29, 94, 131, 1, 0, 0.81%, 0, 0, 11, 25.91, 1352181, 72, 0, 0
19004, 29, 94, 131, 1, 0, 0.81%, 0, 0, 11, 26.04, 1352316, 72, 0, 0
19010, 29, 94, 131, 1, 0, 0.81%, 0, 0, 11, 26.96, 1352457, 72, 0, 0
19015, 29, 61, 131, 1, 0, 0.81%, 0, 0, 11, 26.46, 1352591, 72, 0, 0
19020, 29, 61, 131, 1, 0, 0.81%, 0, 0, 11, 26.27, 1352724, 72, 0, 0
19025, 29, 61, 131, 1, 0, 0.81%, 0, 0, 11, 25.92, 1352853, 72, 0, 0
19030, 29, 61, 131, 1, 0, 0.81%, 0, 0, 11, 26.36, 1352990, 72, 0, 0
19035, 29, 61, 131, 1, 0, 0.81%, 0, 0, 11, 25.94, 1353122, 72, 0, 0
19040, 29, 30, 131, 1, 0, 0.81%, 0, 0, 11, 26.09, 1353253, 72, 0, 0
19045, 29, 30, 131, 1, 0, 0.81%, 0, 0, 11, 26.52, 1353386, 72, 0, 0
19050, 29, 45, 131, 1, 0, 0.81%, 0, 0, 11, 25.75, 1353516, 72, 0, 0
19055, 29, 45, 131, 1, 0, 0.81%, 0, 0, 11, 26.04, 1353646, 72, 0, 0
19060, 29, 45, 131, 1, 0, 0.81%, 0, 0, 11, 26.08, 1353779, 72, 0, 0
19066, 29, 45, 131, 1, 0, 0.81%, 0, 0, 11, 25.74, 1353909, 72, 0, 0
19071, 29, 45, 131, 1, 0, 0.81%, 0, 0, 11, 26.12, 1354043, 72, 0, 0
19076, 29, 21, 131, 1, 0, 0.81%, 0, 0, 11, 25.46, 1354175, 72, 0, 0
19081, 29, 21, 131, 1, 0, 0.81%, 0, 0, 11, 26.04, 1354309, 72, 0, 0
19086, 29, 14, 131, 1, 0, 0.81%, 0, 0, 11, 26.38, 1354444, 72, 0, 0
19091, 29, 14, 131, 1, 0, 0.81%, 0, 0, 11, 25.72, 1354577, 72, 0, 0
19096, 29, 38, 131, 1, 0, 0.81%, 0, 0, 11, 25.88, 1354707, 72, 0, 0
19101, 29, 99, 131, 1, 0, 0.81%, 0, 0, 11, 26.48, 1354841, 72, 0, 0
19107, 29, 99, 131, 1, 0, 0.81%, 0, 0, 11, 26.60, 1354982, 72, 0, 0
19112, 29, 99, 131, 1, 0, 0.81%, 0, 0, 11, 25.75, 1355199, 72, 0, 0
19117, 29, 99, 131, 1, 0, 0.81%, 0, 0, 11, 28.34, 1355377, 72, 0, 0
19122, 29, 47, 131, 1, 0, 0.81%, 0, 0, 11, 26.53, 1355508, 72, 0, 0
19127, 29, 47, 131, 1, 0, 0.81%, 0, 0, 11, 34.93, 1355696, 72, 0, 0
19132, 29, 47, 131, 1, 0, 0.81%, 0, 0, 11, 22.34, 1355876, 72, 0, 0
19137, 29, 111, 131, 1, 0, 0.81%, 0, 0, 11, 24.73, 1356006, 72, 0, 0
19142, 29, 111, 131, 1, 0, 0.81%, 0, 0, 11, 25.05, 1356136, 72, 0, 0
19148, 29, 111, 131, 1, 0, 0.81%, 0, 0, 11, 26.09, 1357091, 72, 0, 0
19153, 29, 19, 131, 1, 0, 0.81%, 0, 0, 11, 289.76, 1357646, 72, 0, 0
19158, 29, 106, 131, 1, 0, 0.81%, 0, 0, 11, 22.28, 1358155, 72, 0, 0
19163, 29, 94, 131, 1, 0, 0.81%, 0, 0, 11, 484.26, 1358756, 72, 0, 0
19168, 29, 94, 131, 1, 0, 0.81%, 0, 0, 11, 20.27, 1359229, 72, 0, 0
19173, 29, 100, 131, 1, 0, 0.81%, 0, 0, 11, 173.79, 1359590, 72, 0, 0
19178, 29, 100, 131, 1, 0, 0.81%, 0, 0, 11, 24.51, 1359824, 72, 0, 0
19183, 29, 100, 131, 1, 0, 0.81%, 0, 0, 11, 22.88, 1359934, 72, 0, 0
19189, 29, 98, 131, 1, 0, 0.81%, 0, 0, 11, 24.72, 1360063, 72, 0, 0
19194, 29, 54, 131, 1, 0, 0.81%, 0, 0, 11, 26.09, 1360196, 72, 0, 0
19199, 29, 14, 131, 1, 0, 0.81%, 0, 0, 11, 25.93, 1360328, 72, 0, 0
19204, 29, 14, 131, 1, 0, 0.81%, 0, 0, 11, 26.11, 1360463, 72, 0, 0
19209, 29, 55, 131, 1, 0, 0.81%, 0, 0, 11, 28.39, 1360615, 72, 0, 0
19214, 29, 99, 131, 1, 0, 0.81%, 0, 0, 11, 26.04, 1360744, 72, 0, 0
19219, 29, 99, 131, 1, 0, 0.81%, 0, 0, 11, 26.21, 1360877, 72, 0, 0
19224, 29, 99, 131, 1, 0, 0.81%, 0, 0, 11, 26.76, 1361013, 72, 0, 0
19229, 29, 99, 131, 1, 0, 0.81%, 0, 0, 11, 25.91, 1361145, 72, 0, 0
19235, 29, 51, 131, 1, 0, 0.81%, 0, 0, 11, 26.59, 1361284, 72, 0, 0
19240, 29, 51, 131, 1, 0, 0.81%, 0, 0, 11, 26.53, 1361420, 72, 0, 0
19245, 29, 51, 131, 1, 0, 0.81%, 0, 0, 11, 26.25, 1361555, 72, 0, 0
19250, 29, 35, 131, 1, 0, 0.81%, 0, 0, 11, 26.92, 1361691, 72, 0, 0
19255, 29, 35, 131, 1, 0, 0.81%, 0, 0, 11, 26.50, 1361827, 72, 0, 0
19260, 29, 32, 131, 1, 0, 0.81%, 0, 0, 11, 26.41, 1361962, 72, 0, 0
19265, 29, 32, 131, 1, 0, 0.81%, 0, 0, 11, 25.95, 1362093, 72, 0, 0
19270, 29, 32, 131, 1, 0, 0.81%, 0, 0, 11, 25.87, 1362224, 72, 0, 0
19276, 29, 99, 131, 1, 0, 0.81%, 0, 0, 11, 25.96, 1362357, 72, 0, 0
19281, 29, 99, 131, 1, 0, 0.81%, 0, 0, 11, 26.60, 1362495, 72, 0, 0
19286, 29, 99, 131, 1, 0, 0.81%, 0, 0, 11, 25.90, 1362626, 72, 0, 0
19291, 29, 99, 131, 1, 0, 0.81%, 0, 0, 11, 25.85, 1362757, 72, 0, 0
19296, 29, 20, 131, 1, 0, 0.81%, 0, 0, 11, 26.84, 1362897, 72, 0, 0
19301, 29, 55, 131, 1, 0, 0.81%, 0, 0, 11, 26.06, 1363026, 72, 0, 0
19306, 29, 35, 131, 1, 0, 0.81%, 0, 0, 11, 25.49, 1363155, 72, 0, 0
19312, 29, 35, 131, 1, 0, 0.81%, 0, 0, 11, 24.74, 1363283, 72, 0, 0
19317, 29, 100, 131, 1, 0, 0.81%, 0, 0, 11, 25.00, 1363414, 72, 0, 0
19322, 29, 100, 131, 1, 0, 0.81%, 0, 0, 11, 25.69, 1363547, 72, 0, 0
19327, 29, 100, 131, 1, 0, 0.81%, 0, 0, 11, 26.15, 1363681, 72, 0, 0
19332, 29, 100, 131, 1, 0, 0.81%, 0, 0, 11, 25.61, 1363811, 72, 0, 0
19337, 29, 100, 131, 1, 0, 0.81%, 0, 0, 11, 25.33, 1363942, 72, 0, 0
19342, 29, 94, 131, 1, 0, 0.81%, 0, 0, 11, 26.02, 1364074, 72, 0, 0
19347, 29, 94, 131, 1, 0, 0.81%, 0, 0, 11, 26.13, 1364203, 72, 0, 0
19352, 29, 94, 131, 1, 0, 0.81%, 0, 0, 11, 25.92, 1364338, 72, 0, 0
19358, 29, 94, 131, 1, 0, 0.81%, 0, 0, 11, 25.71, 1364470, 72, 0, 0
19363, 29, 94, 131, 1, 0, 0.81%, 0, 0, 11, 25.88, 1364604, 72, 0, 0
19368, 29, 94, 131, 1, 0, 0.81%, 0, 0, 11, 26.39, 1364738, 72, 0, 0
19373, 29, 94, 131, 1, 0, 0.81%, 0, 0, 11, 26.29, 1364873, 72, 0, 0
19378, 29, 7, 131, 1, 0, 0.81%, 0, 0, 11, 26.19, 1365007, 72, 0, 0
19383, 29, 7, 131, 1, 0, 0.81%, 0, 0, 11, 25.84, 1365141, 72, 0, 0
19389, 29, 30, 131, 1, 0, 0.81%, 0, 0, 11, 25.71, 1365273, 72, 0, 0
19394, 29, 30, 131, 1, 0, 0.81%, 0, 0, 11, 25.76, 1365403, 72, 0, 0
19399, 29, 130, 131, 1, 0, 0.81%, 0, 0, 11, 25.94, 1365536, 72, 0, 0
19404, 29, 130, 131, 1, 0, 0.81%, 0, 0, 11, 25.78, 1365666, 72, 0, 0
19409, 29, 130, 131, 1, 0, 0.81%, 0, 0, 11, 25.11, 1365796, 72, 0, 0
19414, 29, 130, 131, 1, 0, 0.81%, 0, 0, 11, 25.52, 1365927, 72, 0, 0
19419, 29, 130, 131, 1, 0, 0.81%, 0, 0, 11, 25.69, 1366060, 72, 0, 0
19424, 29, 130, 131, 1, 0, 0.81%, 0, 0, 11, 25.06, 1366185, 72, 0, 0
19429, 29, 130, 131, 1, 0, 0.81%, 0, 0, 11, 25.80, 1366316, 72, 0, 0
19434, 29, 130, 131, 1, 0, 0.81%, 0, 0, 11, 25.58, 1366445, 72, 0, 0
19440, 29, 130, 131, 1, 0, 0.81%, 0, 0, 11, 26.17, 1366580, 72, 0, 0
19445, 29, 130, 131, 1, 0, 0.81%, 0, 0, 11, 24.77, 1366764, 72, 0, 0
19450, 29, 130, 131, 1, 0, 0.81%, 0, 0, 11, 25.20, 1366896, 72, 0, 0
19455, 29, 130, 131, 1, 0, 0.81%, 0, 0, 11, 25.58, 1367030, 72, 0, 0
19460, 29, 130, 131, 1, 0, 0.81%, 0, 0, 11, 26.45, 1367162, 72, 0, 0
19465, 29, 130, 131, 1, 0, 0.81%, 0, 0, 11, 26.12, 1367294, 72, 0, 0
19470, 29, 130, 131, 1, 0, 0.81%, 0, 0, 11, 26.45, 1367425, 72, 0, 0
19475, 29, 130, 131, 1, 0, 0.81%, 0, 0, 11, 25.76, 1367556, 72, 0, 0
19480, 29, 130, 131, 1, 0, 0.81%, 0, 0, 11, 26.97, 1367695, 72, 0, 0
19485, 29, 130, 131, 1, 0, 0.81%, 0, 0, 11, 24.97, 1367819, 72, 0, 0
19491, 29, 34, 131, 0, 0, 0.81%, 0, 0, 11, 26.45, 1367953, 72, 0, 0
19496, 29, 34, 131, 0, 0, 0.81%, 0, 0, 11, 26.56, 1368087, 72, 0, 0
19501, 29, 57, 131, 0, 0, 0.81%, 0, 0, 11, 26.94, 1368228, 72, 0, 0
19506, 29, 57, 131, 0, 0, 0.81%, 0, 0, 11, 27.34, 1368367, 72, 0, 0
19511, 29, 57, 131, 0, 0, 0.81%, 0, 0, 11, 26.44, 1368500, 72, 0, 0
19516, 29, 57, 131, 0, 0, 0.81%, 0, 0, 11, 25.07, 1368627, 72, 0, 0
19521, 29, 57, 131, 0, 0, 0.81%, 0, 0, 11, 26.01, 1368757, 72, 0, 0
19526, 29, 10, 131, 0, 0, 0.81%, 0, 0, 11, 26.74, 1368893, 72, 0, 0
19532, 29, 10, 131, 0, 0, 0.81%, 0, 0, 11, 26.95, 1369033, 72, 0, 0
19537, 29, 34, 131, 0, 0, 0.81%, 0, 0, 11, 26.32, 1369169, 72, 0, 0
19542, 29, 34, 131, 0, 0, 0.81%, 0, 0, 11, 25.90, 1369303, 72, 0, 0
19547, 29, 118, 131, 0, 0, 0.81%, 0, 0, 11, 25.84, 1369432, 72, 0, 0
19552, 29, 118, 131, 0, 0, 0.81%, 0, 0, 11, 26.91, 1369570, 72, 0, 0
19557, 29, 118, 131, 0, 0, 0.81%, 0, 0, 11, 26.02, 1369707, 72, 0, 0
19562, 29, 118, 131, 0, 0, 0.81%, 0, 0, 11, 25.73, 1369836, 72, 0, 0
19567, 29, 118, 131, 0, 0, 0.81%, 0, 0, 11, 25.67, 1369971, 72, 0, 0
19573, 29, 52, 131, 0, 0, 0.81%, 0, 0, 11, 25.96, 1370102, 72, 0, 0
19578, 29, 52, 131, 0, 0, 0.81%, 0, 0, 11, 26.76, 1370240, 72, 0, 0
19583, 29, 58, 131, 0, 0, 0.81%, 0, 0, 11, 25.83, 1370373, 72, 0, 0
19588, 29, 58, 131, 0, 0, 0.81%, 0, 0, 11, 25.85, 1370504, 72, 0, 0
19593, 29, 58, 131, 0, 0, 0.81%, 0, 0, 11, 26.18, 1370637, 72, 0, 0
19598, 29, 58, 131, 0, 0, 0.81%, 0, 0, 11, 25.31, 1370768, 72, 0, 0
19603, 29, 58, 131, 0, 0, 0.81%, 0, 0, 11, 25.55, 1370896, 72, 0, 0
19608, 29, 61, 131, 0, 0, 0.81%, 0, 0, 11, 25.64, 1371025, 72, 0, 0
19613, 29, 61, 131, 0, 0, 0.81%, 0, 0, 11, 25.55, 1371152, 72, 0, 0
19618, 29, 61, 131, 0, 0, 0.81%, 0, 0, 11, 25.29, 1371279, 72, 0, 0
19624, 29, 61, 131, 0, 0, 0.81%, 0, 0, 11, 25.28, 1371411, 72, 0, 0
19629, 29, 52, 131, 0, 0, 0.81%, 0, 0, 11, 25.20, 1371538, 72, 0, 0
19634, 29, 52, 131, 0, 0, 0.81%, 0, 0, 11, 25.45, 1371668, 72, 0, 0
19639, 29, 52, 131, 0, 0, 0.81%, 0, 0, 11, 25.74, 1371799, 72, 0, 0
19644, 29, 13, 131, 0, 0, 0.81%, 0, 0, 11, 25.92, 1371931, 72, 0, 0
19649, 29, 13, 131, 0, 0, 0.81%, 0, 0, 11, 25.02, 1372059, 72, 0, 0
19654, 29, 35, 131, 0, 0, 0.81%, 0, 0, 11, 25.83, 1372188, 72, 0, 0
19659, 29, 35, 131, 0, 0, 0.81%, 0, 0, 11, 26.10, 1372320, 72, 0, 0
19664, 29, 56, 131, 0, 0, 0.81%, 0, 0, 11, 25.95, 1372451, 72, 0, 0
19669, 29, 56, 131, 0, 0, 0.81%, 0, 0, 11, 25.14, 1372581, 72, 0, 0
19674, 29, 2, 131, 0, 0, 0.81%, 0, 0, 11, 26.59, 1372873, 72, 0, 0
19680, 29, 80, 131, 0, 0, 0.81%, 0, 0, 11, 26.08, 1373010, 72, 0, 0
19685, 29, 80, 131, 0, 0, 0.81%, 0, 0, 11, 26.24, 1373138, 72, 0, 0
19690, 29, 80, 131, 0, 0, 0.81%, 0, 0, 11, 26.32, 1373277, 72, 0, 0
19695, 29, 80, 131, 0, 0, 0.81%, 0, 0, 11, 25.27, 1373405, 72, 0, 0
19700, 29, 98, 131, 0, 0, 0.81%, 0, 0, 11, 25.85, 1373538, 72, 0, 0
19705, 29, 87, 131, 0, 0, 0.81%, 0, 0, 11, 25.28, 1373668, 72, 0, 0
19710, 29, 87, 131, 0, 0, 0.81%, 0, 0, 11, 25.46, 1373798, 72, 0, 0
19715, 29, 87, 131, 0, 0, 0.81%, 0, 0, 11, 25.48, 1373929, 72, 0, 0
19721, 29, 87, 131, 0, 0, 0.81%, 0, 0, 11, 25.25, 1374057, 72, 0, 0
19726, 29, 111, 131, 0, 0, 0.81%, 0, 0, 11, 26.07, 1374193, 72, 0, 0
19731, 29, 111, 131, 0, 0, 0.81%, 0, 0, 11, 26.08, 1374324, 72, 0, 0
19736, 29, 111, 131, 0, 0, 0.81%, 0, 0, 11, 26.07, 1374460, 72, 0, 0
19741, 29, 111, 131, 0, 0, 0.81%, 0, 0, 11, 25.85, 1374593, 72, 0, 0
19746, 29, 111, 131, 0, 0, 0.81%, 0, 0, 11, 26.25, 1374729, 72, 0, 0
19751, 29, 111, 131, 0, 0, 0.81%, 0, 0, 11, 28.09, 1374871, 72, 0, 0
19757, 29, 111, 131, 0, 0, 0.81%, 0, 0, 11, 27.40, 1375014, 72, 0, 0
19762, 29, 111, 131, 0, 0, 0.81%, 0, 0, 11, 24.59, 1375136, 72, 0, 0
19767, 29, 111, 131, 0, 0, 0.81%, 0, 0, 11, 26.68, 1375275, 72, 0, 0
19772, 29, 111, 131, 0, 0, 0.81%, 0, 0, 11, 25.96, 1375407, 72, 0, 0
19777, 29, 51, 131, 0, 0, 0.81%, 0, 0, 11, 25.56, 1375538, 72, 0, 0
19782, 29, 51, 131, 0, 0, 0.81%, 0, 0, 11, 25.69, 1375670, 72, 0, 0
19787, 29, 51, 131, 0, 0, 0.81%, 0, 0, 11, 26.09, 1375807, 72, 0, 0
19792, 29, 30, 131, 0, 0, 0.81%, 0, 0, 11, 25.82, 1375938, 72, 0, 0
19798, 29, 30, 131, 0, 0, 0.81%, 0, 0, 11, 25.12, 1376067, 72, 0, 0
19803, 29, 51, 131, 0, 0, 0.81%, 0, 0, 11, 25.28, 1376199, 72, 0, 0
19808, 29, 51, 131, 0, 0, 0.81%, 0, 0, 11, 24.32, 1376325, 72, 0, 0
19813, 29, 11, 131, 0, 0, 0.81%, 0, 0, 11, 25.37, 1376455, 72, 0, 0
19818, 29, 111, 131, 0, 0, 0.81%, 0, 0, 11, 25.95, 1376588, 72, 0, 0
19823, 29, 111, 131, 0, 0, 0.81%, 0, 0, 11, 25.78, 1376719, 72, 0, 0
19828, 29, 111, 131, 0, 0, 0.81%, 0, 0, 11, 25.12, 1376849, 72, 0, 0
19834, 29, 111, 131, 0, 0, 0.81%, 0, 0, 11, 25.86, 1376980, 72, 0, 0
19839, 29, 111, 131, 0, 0, 0.81%, 0, 0, 11, 25.75, 1377110, 72, 0, 0
19844, 29, 111, 131, 0, 0, 0.81%, 0, 0, 11, 25.35, 1377241, 72, 0, 0
19849, 29, 111, 131, 0, 0, 0.81%, 0, 0, 11, 26.77, 1377380, 72, 0, 0
19854, 29, 111, 131, 0, 0, 0.81%, 0, 0, 11, 25.98, 1377513, 72, 0, 0
19859, 29, 111, 131, 0, 0, 0.81%, 0, 0, 11, 25.34, 1377644, 72, 0, 0
19865, 29, 111, 131, 0, 0, 0.81%, 0, 0, 11, 25.39, 1377776, 72, 0, 0
19870, 29, 19, 131, 0, 0, 0.81%, 0, 0, 11, 25.21, 1377906, 72, 0, 0
19875, 29, 19, 131, 0, 0, 0.81%, 0, 0, 11, 25.96, 1378035, 72, 0, 0
19880, 29, 54, 131, 0, 0, 0.81%, 0, 0, 11, 25.69, 1378167, 72, 0, 0
19885, 29, 94, 131, 0, 0, 0.81%, 0, 0, 11, 23.60, 1378387, 72, 0, 0
19890, 29, 94, 131, 0, 0, 0.81%, 0, 0, 11, 25.04, 1378517, 72, 0, 0
19895, 29, 94, 131, 0, 0, 0.81%, 0, 0, 11, 26.17, 1378650, 72, 0, 0
19900, 29, 94, 131, 0, 0, 0.81%, 0, 0, 11, 26.08, 1378783, 72, 0, 0
19905, 29, 94, 131, 0, 0, 0.81%, 0, 0, 11, 26.07, 1378916, 72, 0, 0
19911, 29, 94, 131, 0, 0, 0.81%, 0, 0, 11, 25.49, 1379047, 72, 0, 0
19916, 29, 17, 131, 0, 0, 0.81%, 0, 0, 11, 26.54, 1379185, 72, 0, 0
19921, 29, 17, 131, 0, 0, 0.81%, 0, 0, 11, 25.87, 1379315, 72, 0, 0
19926, 29, 51, 131, 0, 0, 0.81%, 0, 0, 11, 25.56, 1379444, 72, 0, 0
19931, 29, 51, 131, 0, 0, 0.81%, 0, 0, 11, 25.50, 1379575, 72, 0, 0
19936, 29, 10, 131, 0, 0, 0.81%, 0, 0, 11, 26.19, 1379709, 72, 0, 0
19941, 29, 10, 131, 0, 0, 0.81%, 0, 0, 11, 25.75, 1379838, 72, 0, 0
19946, 29, 10, 131, 0, 0, 0.81%, 0, 0, 11, 25.68, 1379969, 72, 0, 0
19951, 29, 32, 131, 0, 0, 0.81%, 0, 0, 11, 26.07, 1380104, 72, 0, 0
19957, 29, 32, 131, 0, 0, 0.81%, 0, 0, 11, 26.55, 1380241, 72, 0, 0
19962, 29, 102, 131, 0, 0, 0.81%, 0, 0, 11, 24.21, 1380542, 72, 0, 0
19967, 29, 102, 131, 0, 0, 0.81%, 0, 0, 11, 25.37, 1380670, 72, 0, 0
19972, 29, 102, 131, 0, 0, 0.81%, 0, 0, 11, 25.30, 1380801, 72, 0, 0
19977, 29, 51, 131, 0, 0, 0.81%, 0, 0, 11, 25.91, 1380935, 72, 0, 0
19982, 29, 51, 131, 0, 0, 0.81%, 0, 0, 11, 26.41, 1381072, 72, 0, 0
19987, 29, 58, 131, 0, 0, 0.81%, 0, 0, 11, 25.96, 1381206, 72, 0, 0
19992, 29, 58, 131, 0, 0, 0.81%, 0, 0, 11, 25.14, 1381331, 72, 0, 0
19998, 29, 58, 131, 0, 0, 0.81%, 0, 0, 11, 26.23, 1381467, 72, 0, 0
20003, 29, 58, 131, 0, 0, 0.81%, 0, 0, 11, 25.76, 1381597, 72, 0, 0
20008, 29, 58, 131, 0, 0, 0.81%, 0, 0, 11, 26.26, 1381731, 72, 0, 0
20013, 29, 61, 131, 0, 0, 0.81%, 0, 0, 11, 26.16, 1381867, 72, 0, 0
20018, 29, 61, 131, 0, 0, 0.81%, 0, 0, 11, 26.48, 1382005, 72, 0, 0
20023, 29, 61, 131, 0, 0, 0.81%, 0, 0, 11, 25.97, 1382141, 72, 0, 0
20028, 29, 61, 131, 0, 0, 0.81%, 0, 0, 11, 24.02, 1382262, 72, 0, 0
20034, 29, 61, 131, 0, 0, 0.81%, 0, 0, 11, 27.41, 1382448, 72, 0, 0
20039, 29, 61, 131, 0, 0, 0.81%, 0, 0, 11, 26.02, 1382578, 72, 0, 0
20044, 29, 61, 131, 0, 0, 0.81%, 0, 0, 11, 27.00, 1382714, 72, 0, 0
20049, 29, 61, 131, 0, 0, 0.81%, 0, 0, 11, 26.43, 1382847, 72, 0, 0
20054, 29, 37, 131, 0, 0, 0.81%, 0, 0, 11, 26.97, 1382986, 72, 0, 0
20059, 29, 37, 131, 0, 0, 0.81%, 0, 0, 11, 26.20, 1383122, 72, 0, 0
20064, 29, 37, 131, 0, 0, 0.81%, 0, 0, 11, 25.38, 1383249, 72, 0, 0
20069, 29, 57, 131, 0, 0, 0.81%, 0, 0, 11, 26.23, 1383387, 72, 0, 0
20074, 29, 57, 131, 0, 0, 0.81%, 0, 0, 11, 26.57, 1383522, 72, 0, 0
20079, 29, 57, 131, 0, 0, 0.81%, 0, 0, 11, 26.46, 1383654, 72, 0, 0
20084, 29, 57, 131, 0, 0, 0.81%, 0, 0, 11, 26.34, 1383786, 72, 0, 0
20090, 29, 112, 131, 0, 0, 0.81%, 0, 0, 11, 25.07, 1383914, 72, 0, 0
20095, 29, 112, 131, 0, 0, 0.81%, 0, 0, 11, 25.09, 1384041, 72, 0, 0
20100, 29, 112, 131, 0, 0, 0.81%, 0, 0, 11, 28.76, 1384260, 72, 0, 0
20105, 29, 112, 131, 0, 0, 0.81%, 0, 0, 11, 26.56, 1384396, 72, 0, 0
20110, 29, 112, 131, 0, 0, 0.81%, 0, 0, 11, 25.80, 1384524, 72, 0, 0
20115, 29, 112, 131, 0, 0, 0.81%, 0, 0, 11, 26.35, 1384709, 72, 0, 0
20121, 29, 34, 131, 0, 0, 0.81%, 0, 0, 11, 26.73, 1384851, 72, 0, 0
20126, 29, 34, 131, 0, 0, 0.81%, 0, 0, 11, 26.04, 1384980, 72, 0, 0
20131, 29, 21, 131, 0, 0, 0.81%, 0, 0, 11, 25.35, 1385109, 72, 0, 0
20136, 29, 21, 131, 0, 0, 0.81%, 0, 0, 11, 25.82, 1385237, 72, 0, 0
20141, 29, 21, 131, 0, 0, 0.81%, 0, 0, 11, 25.24, 1385369, 72, 0, 0
20146, 29, 35, 131, 0, 0, 0.81%, 0, 0, 11, 26.09, 1385506, 72, 0, 0
20151, 29, 35, 131, 0, 0, 0.81%, 0, 0, 11, 25.10, 1385636, 72, 0, 0
20157, 29, 61, 131, 0, 0, 0.81%, 0, 0, 11, 25.13, 1385767, 72, 0, 0
20162, 29, 61, 131, 0, 0, 0.81%, 0, 0, 11, 25.47, 1385897, 72, 0, 0
20167, 29, 61, 131, 0, 0, 0.81%, 0, 0, 11, 25.61, 1386030, 72, 0, 0
20172, 29, 61, 131, 0, 0, 0.81%, 0, 0, 11, 25.18, 1386159, 72, 0, 0
20177, 29, 122, 131, 0, 0, 0.81%, 0, 0, 11, 26.07, 1386291, 72, 0, 0
20182, 29, 122, 131, 0, 0, 0.81%, 0, 0, 11, 25.84, 1386425, 72, 0, 0
20187, 29, 122, 131, 0, 0, 0.81%, 0, 0, 11, 25.12, 1386551, 72, 0, 0
20192, 29, 122, 131, 0, 0, 0.81%, 0, 0, 11, 26.40, 1386687, 72, 0, 0
20197, 29, 122, 131, 0, 0, 0.81%, 0, 0, 11, 26.30, 1386819, 72, 0, 0
20203, 29, 122, 131, 0, 0, 0.81%, 0, 0, 11, 25.69, 1386951, 72, 0, 0
20208, 29, 122, 131, 0, 0, 0.81%, 0, 0, 11, 27.26, 1387090, 72, 0, 0
20213, 29, 122, 131, 0, 0, 0.81%, 0, 0, 11, 26.26, 1387219, 72, 0, 0
20218, 29, 122, 131, 0, 0, 0.81%, 0, 0, 11, 26.21, 1387352, 72, 0, 0
20223, 29, 122, 131, 0, 0, 0.81%, 0, 0, 11, 25.72, 1387483, 72, 0, 0
20228, 29, 122, 131, 0, 0, 0.81%, 0, 0, 11, 25.13, 1387613, 72, 0, 0
20233, 29, 58, 131, 0, 0, 0.81%, 0, 0, 11, 25.21, 1387740, 72, 0, 0
20238, 29, 58, 131, 0, 0, 0.81%, 0, 0, 11, 25.78, 1387873, 72, 0, 0
20243, 29, 58, 131, 0, 0, 0.81%, 0, 0, 11, 25.69, 1388007, 72, 0, 0
20249, 29, 58, 131, 0, 0, 0.81%, 0, 0, 11, 26.12, 1388143, 72, 0, 0
20254, 29, 47, 131, 0, 0, 0.81%, 0, 0, 11, 24.96, 1388270, 72, 0, 0
20259, 29, 47, 131, 0, 0, 0.81%, 0, 0, 11, 25.61, 1388405, 72, 0, 0
20264, 29, 47, 131, 0, 0, 0.81%, 0, 0, 11, 25.95, 1388535, 72, 0, 0
20269, 29, 47, 131, 0, 0, 0.81%, 0, 0, 11, 25.67, 1388667, 72, 0, 0
20274, 29, 47, 131, 0, 0, 0.81%, 0, 0, 11, 25.09, 1388794, 72, 0, 0
20279, 29, 32, 131, 0, 0, 0.81%, 0, 0, 11, 25.61, 1388925, 72, 0, 0
20284, 29, 32, 131, 0, 0, 0.81%, 0, 0, 11, 25.52, 1389053, 72, 0, 0
20289, 29, 37, 131, 0, 0, 0.81%, 0, 0, 11, 25.76, 1389183, 72, 0, 0
20294, 29, 37, 131, 0, 0, 0.81%, 0, 0, 11, 25.62, 1389317, 72, 0, 0
20300, 29, 34, 131, 0, 0, 0.81%, 0, 0, 11, 24.97, 1389443, 72, 0, 0
20305, 29, 34, 131, 0, 0, 0.81%, 0, 0, 11, 25.43, 1389572, 72, 0, 0
20310, 29, 34, 131, 0, 0, 0.81%, 0, 0, 11, 26.21, 1389712, 72, 0, 0
20315, 29, 21, 131, 0, 0, 0.81%, 0, 0, 11, 26.68, 1389859, 72, 0, 0
20320, 29, 21, 131, 0, 0, 0.81%, 0, 0, 11, 210.05, 1390042, 72, 0, 0
20325, 29, 21, 131, 0, 0, 0.81%, 0, 0, 11, 29.33, 1390201, 72, 0, 0
20330, 29, 61, 131, 0, 0, 0.81%, 0, 0, 11, 23.87, 1390381, 72, 0, 0
20336, 29, 61, 131, 0, 0, 0.81%, 0, 0, 11, 25.33, 1390513, 72, 0, 0
20341, 29, 61, 131, 0, 0, 0.81%, 0, 0, 11, 25.73, 1390646, 72, 0, 0
20346, 29, 61, 131, 0, 0, 0.81%, 0, 0, 11, 25.89, 1390779, 72, 0, 0
20351, 29, 61, 131, 0, 0, 0.81%, 0, 0, 11, 25.37, 1390909, 72, 0, 0
20356, 29, 42, 131, 0, 0, 0.81%, 0, 0, 11, 25.68, 1391041, 72, 0, 0
20361, 29, 42, 131, 0, 0, 0.81%, 0, 0, 11, 25.55, 1391171, 72, 0, 0
20366, 29, 42, 131, 0, 0, 0.81%, 0, 0, 11, 25.12, 1391303, 72, 0, 0
20371, 29, 42, 131, 0, 0, 0.81%, 0, 0, 11, 25.32, 1391430, 72, 0, 0
20377, 29, 42, 131, 0, 0, 0.81%, 0, 0, 11, 26.29, 1391565, 72, 0, 0
20382, 29, 52, 131, 0, 0, 0.81%, 0, 0, 11, 26.06, 1391699, 72, 0, 0
20387, 29, 52, 131, 0, 0, 0.81%, 0, 0, 11, 25.69, 1391829, 72, 0, 0
20392, 29, 12, 131, 0, 0, 0.81%, 0, 0, 11, 26.19, 1391962, 72, 0, 0
20397, 29, 37, 131, 0, 0, 0.81%, 0, 0, 11, 26.14, 1392101, 72, 0, 0
20402, 29, 37, 131, 0, 0, 0.81%, 0, 0, 11, 25.83, 1392234, 72, 0, 0
20408, 29, 47, 131, 0, 0, 0.81%, 0, 0, 11, 25.74, 1392368, 72, 0, 0
20413, 29, 47, 131, 0, 0, 0.81%, 0, 0, 11, 27.03, 1392592, 72, 0, 0
20418, 29, 47, 131, 0, 0, 0.81%, 0, 0, 11, 26.00, 1392724, 72, 0, 0
20423, 29, 47, 131, 0, 0, 0.81%, 0, 0, 11, 27.10, 1392862, 72, 0, 0
20428, 29, 17, 131, 0, 0, 0.81%, 0, 0, 11, 29.78, 1393015, 72, 0, 0
20433, 29, 17, 131, 0, 0, 0.81%, 0, 0, 11, 26.68, 1393148, 72, 0, 0
20438, 29, 37, 131, 0, 0, 0.81%, 0, 0, 11, 26.06, 1393282, 72, 0, 0
20443, 29, 37, 131, 0, 0, 0.81%, 0, 0, 11, 24.90, 1393406, 72, 0, 0
20448, 29, 20, 131, 0, 0, 0.81%, 0, 0, 11, 25.83, 1393536, 72, 0, 0
20453, 29, 2, 131, 0, 0, 0.81%, 0, 0, 11, 25.64, 1393668, 72, 0, 0
20459, 29, 2, 131, 0, 0, 0.81%, 0, 0, 11, 25.45, 1393802, 72, 0, 0
20464, 29, 9, 131, 0, 0, 0.81%, 0, 0, 11, 25.86, 1393967, 72, 0, 0
20469, 29, 9, 131, 0, 0, 0.81%, 0, 0, 11, 25.63, 1394098, 72, 0, 0
20474, 29, 9, 131, 0, 0, 0.81%, 0, 0, 11, 25.40, 1394225, 72, 0, 0
20479, 29, 32, 131, 0, 0, 0.81%, 0, 0, 11, 25.95, 1394361, 72, 0, 0
20484, 29, 32, 131, 0, 0, 0.81%, 0, 0, 11, 25.72, 1394493, 72, 0, 0
20489, 29, 38, 131, 0, 0, 0.81%, 0, 0, 11, 25.83, 1394624, 72, 0, 0
20495, 29, 2, 131, 0, 0, 0.81%, 0, 0, 11, 26.16, 1394763, 72, 0, 0
20500, 29, 2, 131, 0, 0, 0.81%, 0, 0, 11, 25.70, 1394892, 72, 0, 0
20505, 29, 111, 131, 0, 0, 0.81%, 0, 0, 11, 25.81, 1395027, 72, 0, 0
20510, 29, 111, 131, 0, 0, 0.81%, 0, 0, 11, 26.64, 1395161, 72, 0, 0
20515, 29, 111, 131, 0, 0, 0.81%, 0, 0, 11, 26.62, 1395298, 72, 0, 0
20520, 29, 111, 131, 0, 0, 0.81%, 0, 0, 11, 25.83, 1395426, 72, 0, 0
20525, 29, 111, 131, 0, 0, 0.81%, 0, 0, 11, 26.54, 1395560, 72, 0, 0
20530, 29, 111, 131, 0, 0, 0.81%, 0, 0, 11, 25.75, 1395694, 72, 0, 0
20535, 29, 111, 131, 0, 0, 0.81%, 0, 0, 11, 25.57, 1395827, 72, 0, 0
20540, 29, 111, 131, 0, 0, 0.81%, 0, 0, 11, 25.57, 1395956, 72, 0, 0
20546, 29, 111, 131, 0, 0, 0.81%, 0, 0, 11, 25.22, 1396083, 72, 0, 0
20551, 29, 111, 131, 0, 0, 0.81%, 0, 0, 11, 25.93, 1396214, 72, 0, 0
20556, 29, 52, 131, 0, 0, 0.81%, 0, 0, 11, 25.76, 1396348, 72, 0, 0
20561, 29, 52, 131, 0, 0, 0.81%, 0, 0, 11, 25.61, 1396479, 72, 0, 0
20566, 29, 52, 131, 0, 0, 0.81%, 0, 0, 11, 25.47, 1396608, 72, 0, 0
20571, 29, 99, 131, 0, 0, 0.81%, 0, 0, 11, 25.69, 1396742, 72, 0, 0
20576, 29, 99, 131, 0, 0, 0.81%, 0, 0, 11, 26.25, 1396878, 72, 0, 0
20582, 29, 99, 131, 0, 0, 0.81%, 0, 0, 11, 25.74, 1397013, 72, 0, 0
20587, 29, 99, 131, 0, 0, 0.81%, 0, 0, 11, 25.68, 1397143, 72, 0, 0
20592, 29, 99, 131, 0, 0, 0.81%, 0, 0, 11, 26.11, 1397277, 72, 0, 0
20597, 29, 99, 131, 0, 0, 0.81%, 0, 0, 11, 25.66, 1397409, 72, 0, 0
20602, 29, 99, 131, 0, 0, 0.81%, 0, 0, 11, 25.36, 1397537, 72, 0, 0
20607, 29, 99, 131, 0, 0, 0.81%, 0, 0, 11, 25.82, 1397668, 72, 0, 0
20612, 29, 99, 131, 0, 0, 0.81%, 0, 0, 11, 27.28, 1397808, 72, 0, 0
20617, 29, 99, 131, 0, 0, 0.81%, 0, 0, 11, 26.58, 1397945, 72, 0, 0
20623, 29, 90, 131, 0, 0, 0.81%, 0, 0, 11, 26.64, 1398083, 72, 0, 0
20628, 29, 90, 131, 0, 0, 0.81%, 0, 0, 11, 32.46, 1398274, 72, 0, 0
20633, 29, 32, 131, 0, 0, 0.81%, 0, 0, 11, 27.21, 1398408, 72, 0, 0
20638, 29, 32, 131, 0, 0, 0.81%, 0, 0, 11, 25.98, 1398542, 72, 0, 0
20643, 29, 32, 131, 0, 0, 0.81%, 0, 0, 11, 25.62, 1398671, 72, 0, 0
20648, 29, 61, 131, 0, 0, 0.81%, 0, 0, 11, 25.07, 1398797, 72, 0, 0
20653, 29, 61, 131, 0, 0, 0.81%, 0, 0, 11, 24.18, 1398918, 72, 0, 0
20658, 29, 61, 131, 0, 0, 0.81%, 0, 0, 11, 24.98, 1399044, 72, 0, 0
20664, 29, 61, 131, 0, 0, 0.81%, 0, 0, 11, 24.94, 1399174, 72, 0, 0
20669, 29, 34, 131, 0, 0, 0.81%, 0, 0, 11, 24.32, 1399295, 72, 0, 0
20674, 29, 34, 131, 0, 0, 0.81%, 0, 0, 11, 25.47, 1399428, 72, 0, 0
20679, 29, 34, 131, 0, 0, 0.81%, 0, 0, 11, 25.41, 1399556, 72, 0, 0
20684, 29, 10, 131, 0, 0, 0.81%, 0, 0, 11, 25.42, 1399688, 72, 0, 0
20689, 29, 10, 131, 0, 0, 0.81%, 0, 0, 11, 25.64, 1399821, 72, 0, 0
20694, 29, 13, 131, 0, 0, 0.81%, 0, 0, 11, 25.69, 1399953, 72, 0, 0
20699, 29, 13, 131, 0, 0, 0.81%, 0, 0, 11, 25.71, 1400083, 72, 0, 0
20705, 29, 36, 131, 0, 0, 0.81%, 0, 0, 11, 25.86, 1400217, 72, 0, 0
20710, 29, 36, 131, 0, 0, 0.81%, 0, 0, 11, 26.04, 1400352, 72, 0, 0
20715, 29, 36, 131, 0, 0, 0.81%, 0, 0, 11, 25.48, 1400483, 72, 0, 0
20720, 29, 22, 131, 0, 0, 0.81%, 0, 0, 11, 26.97, 1400625, 72, 0, 0
20725, 29, 22, 131, 0, 0, 0.81%, 0, 0, 11, 26.90, 1400759, 72, 0, 0
20730, 29, 20, 131, 0, 0, 0.81%, 0, 0, 11, 28.25, 1400903, 72, 0, 0
20735, 29, 98, 131, 0, 0, 0.81%, 0, 0, 11, 25.88, 1401034, 72, 0, 0
20741, 29, 10, 131, 0, 0, 0.81%, 0, 0, 11, 25.70, 1401166, 72, 0, 0
20746, 29, 10, 131, 0, 0, 0.81%, 0, 0, 11, 26.14, 1401299, 72, 0, 0
20751, 29, 100, 131, 0, 0, 0.81%, 0, 0, 11, 26.50, 1401436, 72, 0, 0
20756, 29, 100, 131, 0, 0, 0.81%, 0, 0, 11, 26.02, 1401568, 72, 0, 0
20761, 29, 100, 131, 0, 0, 0.81%, 0, 0, 11, 25.49, 1401698, 72, 0, 0
20766, 29, 100, 131, 0, 0, 0.81%, 0, 0, 11, 25.23, 1401825, 72, 0, 0
20771, 29, 100, 131, 0, 0, 0.81%, 0, 0, 11, 25.30, 1401952, 72, 0, 0
20776, 29, 27, 131, 0, 0, 0.81%, 0, 0, 11, 25.15, 1402082, 72, 0, 0
20781, 29, 27, 131, 0, 0, 0.81%, 0, 0, 11, 26.22, 1402214, 72, 0, 0
20786, 29, 35, 131, 0, 0, 0.81%, 0, 0, 11, 25.96, 1402347, 72, 0, 0
20792, 29, 35, 131, 0, 0, 0.81%, 0, 0, 11, 25.57, 1402476, 72, 0, 0
20797, 29, 35, 131, 0, 0, 0.81%, 0, 0, 11, 26.42, 1402614, 72, 0, 0
20802, 29, 117, 131, 0, 0, 0.81%, 0, 0, 11, 25.89, 1402743, 72, 0, 0
20807, 29, 117, 131, 0, 0, 0.81%, 0, 0, 11, 25.99, 1402875, 72, 0, 0
20812, 29, 117, 131, 0, 0, 0.81%, 0, 0, 11, 25.96, 1403007, 72, 0, 0
20817, 29, 117, 131, 0, 0, 0.81%, 0, 0, 11, 26.01, 1403142, 72, 0, 0
20822, 29, 117, 131, 0, 0, 0.81%, 0, 0, 11, 25.88, 1403322, 72, 0, 0
20828, 29, 117, 131, 0, 0, 0.81%, 0, 0, 11, 25.87, 1403456, 72, 0, 0
20833, 30, 16, 131, 0, 0, 0.81%, 0, 0, 11, 26.12, 1403588, 72, 0, 0
20838, 30, 16, 131, 0, 0, 0.81%, 0, 0, 11, 26.33, 1403722, 72, 0, 0
20843, 30, 51, 131, 0, 0, 0.81%, 0, 0, 11, 25.72, 1403850, 72, 0, 0
20848, 30, 51, 131, 0, 0, 0.81%, 0, 0, 11, 26.01, 1403985, 72, 0, 0
20853, 30, 51, 131, 0, 0, 0.81%, 0, 0, 11, 25.46, 1404116, 72, 0, 0
20858, 30, 45, 131, 0, 0, 0.81%, 0, 0, 11, 26.09, 1404250, 72, 0, 0
20863, 30, 45, 131, 0, 0, 0.81%, 0, 0, 11, 25.58, 1404382, 72, 0, 0
20868, 30, 45, 131, 0, 0, 0.81%, 0, 0, 11, 25.73, 1404514, 72, 0, 0
20874, 30, 45, 131, 0, 0, 0.81%, 0, 0, 11, 24.89, 1404642, 72, 0, 0
20879, 30, 38, 131, 0, 0, 0.81%, 0, 0, 11, 26.37, 1404779, 72, 0, 0
20884, 30, 35, 131, 0, 0, 0.81%, 0, 0, 11, 26.18, 1404915, 72, 0, 0
20889, 30, 35, 131, 0, 0, 0.81%, 0, 0, 11, 25.91, 1405046, 72, 0, 0
20894, 30, 10, 131, 0, 0, 0.81%, 0, 0, 11, 26.11, 1405179, 72, 0, 0
20899, 30, 10, 131, 0, 0, 0.81%, 0, 0, 11, 26.29, 1405312, 72, 0, 0
20904, 30, 58, 131, 0, 0, 0.81%, 0, 0, 11, 25.87, 1405443, 72, 0, 0
20909, 30, 58, 131, 0, 0, 0.81%, 0, 0, 11, 26.46, 1405580, 72, 0, 0
20915, 30, 58, 131, 0, 0, 0.81%, 0, 0, 11, 26.79, 1405715, 72, 0, 0
20920, 30, 58, 131, 0, 0, 0.81%, 0, 0, 11, 26.64, 1405848, 72, 0, 0
20925, 30, 58, 131, 0, 0, 0.81%, 0, 0, 11, 25.99, 1405982, 72, 0, 0
20930, 30, 45, 131, 0, 0, 0.81%, 0, 0, 11, 26.37, 1406115, 72, 0, 0
20935, 30, 45, 131, 0, 0, 0.81%, 0, 0, 11, 26.00, 1406244, 72, 0, 0
20940, 30, 45, 131, 0, 0, 0.81%, 0, 0, 11, 26.19, 1406378, 72, 0, 0
20945, 30, 45, 131, 0, 0, 0.81%, 0, 0, 11, 26.02, 1406511, 72, 0, 0
20950, 30, 14, 131, 0, 0, 0.81%, 0, 0, 11, 25.83, 1406645, 72, 0, 0
20955, 30, 14, 131, 0, 0, 0.81%, 0, 0, 11, 26.03, 1406776, 72, 0, 0
20961, 30, 14, 131, 0, 0, 0.81%, 0, 0, 11, 26.52, 1406917, 72, 0, 0
20966, 30, 111, 131, 0, 0, 0.81%, 0, 0, 11, 26.91, 1407055, 72, 0, 0
20971, 30, 111, 131, 0, 0, 0.81%, 0, 0, 11, 26.00, 1407189, 72, 0, 0
20976, 30, 111, 131, 0, 0, 0.81%, 0, 0, 11, 26.44, 1407324, 72, 0, 0
20981, 30, 111, 131, 0, 0, 0.81%, 0, 0, 11, 25.84, 1407453, 72, 0, 0
20986, 30, 111, 131, 0, 0, 0.81%, 0, 0, 11, 24.69, 1407577, 72, 0, 0
20991, 30, 111, 131, 0, 0, 0.81%, 0, 0, 11, 25.61, 1407710, 72, 0, 0
20996, 30, 111, 131, 0, 0, 0.81%, 0, 0, 11, 26.64, 1407847, 72, 0, 0
21001, 30, 111, 131, 0, 0, 0.81%, 0, 0, 11, 26.84, 1407981, 72, 0, 0
21007, 30, 111, 131, 0, 0, 0.81%, 0, 0, 11, 26.23, 1408117, 72, 0, 0
21012, 30, 45, 131, 0, 0, 0.81%, 0, 0, 11, 26.57, 1408297, 72, 0, 0
21017, 30, 45, 131, 0, 0, 0.81%, 0, 0, 11, 27.06, 1408432, 72, 0, 0
21022, 30, 45, 131, 0, 0, 0.81%, 0, 0, 11, 26.30, 1408563, 72, 0, 0
21027, 30, 45, 131, 0, 0, 0.81%, 0, 0, 11, 25.97, 1408697, 72, 0, 0
21032, 30, 45, 131, 0, 0, 0.81%, 0, 0, 11, 26.69, 1408834, 72, 0, 0
21037, 30, 21, 131, 0, 0, 0.81%, 0, 0, 11, 25.62, 1408964, 72, 0, 0
21043, 30, 21, 131, 0, 0, 0.81%, 0, 0, 11, 26.40, 1409099, 72, 0, 0
21048, 30, 41, 131, 0, 0, 0.81%, 0, 0, 11, 25.29, 1409228, 72, 0, 0
21053, 30, 41, 131, 0, 0, 0.81%, 0, 0, 11, 25.50, 1409361, 72, 0, 0
21058, 30, 41, 131, 0, 0, 0.81%, 0, 0, 11, 25.31, 1409494, 72, 0, 0
21063, 30, 41, 131, 0, 0, 0.81%, 0, 0, 11, 25.97, 1409627, 72, 0, 0
21068, 30, 41, 131, 0, 0, 0.81%, 0, 0, 11, 25.86, 1409761, 72, 0, 0
21074, 30, 129, 131, 0, 0, 0.81%, 0, 0, 11, 26.14, 1409896, 72, 0, 0
21079, 30, 129, 131, 0, 0, 0.81%, 0, 0, 11, 25.99, 1410024, 72, 0, 0
21084, 30, 129, 131, 0, 0, 0.81%, 0, 0, 11, 25.61, 1410153, 72, 0, 0
21089, 30, 14, 131, 0, 0, 0.81%, 0, 0, 11, 25.45, 1410283, 72, 0, 0
21094, 30, 14, 131, 0, 0, 0.81%, 0, 0, 11, 25.59, 1410414, 72, 0, 0
21099, 30, 14, 132, 1, 0, 0.81%, 0, 0, 11, 23.95, 1410599, 72, 0, 0
21104, 30, 14, 132, 1, 0, 0.81%, 0, 0, 11, 24.91, 1410727, 72, 0, 0
21109, 30, 100, 132, 1, 0, 0.81%, 0, 0, 11, 24.28, 1410851, 72, 0, 0
21114, 30, 100, 132, 1, 0, 0.81%, 0, 0, 11, 25.03, 1410982, 72, 0, 0
21120, 30, 100, 132, 1, 0, 0.81%, 0, 0, 11, 26.15, 1411117, 72, 0, 0
21125, 30, 100, 132, 1, 0, 0.81%, 0, 0, 11, 26.21, 1411253, 72, 0, 0
21130, 30, 100, 132, 1, 0, 0.81%, 0, 0, 11, 26.63, 1411387, 72, 0, 0
21135, 30, 52, 132, 1, 0, 0.81%, 0, 0, 11, 25.85, 1411522, 72, 0, 0
21140, 30, 52, 132, 1, 0, 0.81%, 0, 0, 11, 25.93, 1411654, 72, 0, 0
21145, 30, 13, 132, 1, 0, 0.81%, 0, 0, 11, 25.12, 1411782, 72, 0, 0
21150, 30, 13, 132, 1, 0, 0.81%, 0, 0, 11, 25.48, 1411911, 72, 0, 0
21155, 30, 52, 132, 1, 0, 0.81%, 0, 0, 11, 26.20, 1412045, 72, 0, 0
21160, 30, 52, 132, 1, 0, 0.81%, 0, 0, 11, 25.49, 1412173, 72, 0, 0
21166, 30, 52, 132, 1, 0, 0.81%, 0, 0, 11, 25.22, 1412303, 72, 0, 0
21171, 30, 35, 132, 1, 0, 0.81%, 0, 0, 11, 26.02, 1412438, 72, 0, 0
21176, 30, 35, 132, 1, 0, 0.81%, 0, 0, 11, 25.23, 1412564, 72, 0, 0
21181, 30, 27, 132, 1, 0, 0.81%, 0, 0, 11, 25.61, 1412698, 72, 0, 0
21186, 30, 27, 132, 1, 0, 0.81%, 0, 0, 11, 25.72, 1412828, 72, 0, 0
21191, 30, 10, 132, 1, 0, 0.81%, 0, 0, 11, 25.38, 1412961, 72, 0, 0
21196, 30, 10, 132, 1, 0, 0.81%, 0, 0, 11, 25.19, 1413092, 72, 0, 0
21202, 30, 10, 132, 1, 0, 0.81%, 0, 0, 11, 24.25, 1413214, 72, 0, 0
21207, 30, 30, 132, 1, 0, 0.81%, 0, 0, 11, 25.86, 1413347, 72, 0, 0
21212, 30, 30, 132, 1, 0, 0.81%, 0, 0, 11, 31.97, 1413513, 72, 0, 0
21217, 30, 65, 132, 1, 0, 0.81%, 0, 0, 11, 27.52, 1413645, 72, 0, 0
21222, 30, 65, 132, 1, 0, 0.81%, 0, 0, 11, 26.01, 1413922, 72, 0, 0
21227, 30, 65, 132, 1, 0, 0.81%, 0, 0, 11, 26.01, 1414053, 72, 0, 0
21232, 30, 16, 132, 1, 0, 0.81%, 0, 0, 11, 25.56, 1414181, 72, 0, 0
21237, 30, 16, 132, 1, 0, 0.81%, 0, 0, 11, 26.53, 1414315, 72, 0, 0
21242, 30, 51, 132, 1, 0, 0.81%, 0, 0, 11, 26.71, 1414450, 72, 0, 0
21247, 30, 51, 132, 1, 0, 0.81%, 0, 0, 11, 25.70, 1414578, 72, 0, 0
21252, 30, 111, 132, 1, 0, 0.81%, 0, 0, 11, 33.39, 1415089, 72, 0, 0
21257, 30, 111, 132, 1, 0, 0.81%, 0, 0, 11, 26.52, 1415253, 72, 0, 0
21262, 30, 111, 132, 1, 0, 0.81%, 0, 0, 11, 27.07, 1415391, 72, 0, 0
21267, 30, 111, 132, 1, 0, 0.81%, 0, 0, 11, 24.88, 1415513, 72, 0, 0
21273, 30, 111, 132, 1, 0, 0.81%, 0, 0, 11, 25.44, 1415644, 72, 0, 0
21278, 30, 111, 132, 1, 0, 0.81%, 0, 0, 11, 25.32, 1415774, 72, 0, 0
21283, 30, 111, 132, 1, 0, 0.81%, 0, 0, 11, 25.89, 1415909, 72, 0, 0
21288, 30, 111, 132, 1, 0, 0.81%, 0, 0, 11, 24.75, 1416036, 72, 0, 0
21293, 30, 16, 132, 1, 0, 0.81%, 0, 0, 11, 25.52, 1416169, 72, 0, 0
21299, 30, 16, 132, 1, 0, 0.81%, 0, 0, 11, 26.51, 1416309, 72, 0, 0
21304, 30, 19, 132, 1, 0, 0.81%, 0, 0, 11, 27.17, 1416455, 72, 0, 0
21309, 30, 19, 132, 1, 0, 0.81%, 0, 0, 11, 27.32, 1416605, 72, 0, 0
21314, 30, 131, 132, 1, 0, 0.81%, 0, 0, 11, 29.20, 1416773, 72, 0, 0
21319, 30, 36, 132, 0, 0, 0.81%, 0, 0, 11, 88.80, 1417236, 72, 0, 0
21324, 30, 47, 132, 0, 0, 0.81%, 0, 0, 11, 136.78, 1418095, 72, 0, 0
21329, 30, 55, 132, 0, 0, 0.81%, 0, 0, 11, 15.42, 1418643, 72, 0, 0
21335, 30, 111, 132, 0, 0, 0.81%, 0, 0, 11, 15.54, 1418724, 72, 0, 0
21340, 30, 111, 132, 0, 0, 0.81%, 0, 0, 11, 17.79, 1418818, 72, 0, 0
21345, 30, 111, 132, 0, 0, 0.81%, 0, 0, 11, 31.19, 1418966, 72, 0, 0
21350, 30, 111, 132, 0, 0, 0.81%, 0, 0, 11, 48.43, 1419274, 72, 0, 0
21355, 30, 111, 132, 0, 0, 0.81%, 0, 0, 11, 33.04, 1419417, 72, 0, 0
21360, 30, 111, 132, 0, 0, 0.81%, 0, 0, 11, 27.61, 1419547, 72, 0, 0
21365, 30, 111, 132, 0, 0, 0.81%, 0, 0, 11, 26.61, 1419682, 72, 0, 0
21371, 30, 111, 132, 0, 0, 0.81%, 0, 0, 11, 27.55, 1419828, 72, 0, 0
21376, 30, 111, 132, 0, 0, 0.81%, 0, 0, 11, 27.01, 1419967, 72, 0, 0
21381, 30, 8, 132, 0, 0, 0.81%, 0, 0, 11, 25.70, 1420100, 72, 0, 0
21386, 30, 8, 132, 0, 0, 0.81%, 0, 0, 11, 28.33, 1420250, 72, 0, 0
21391, 30, 35, 132, 0, 0, 0.81%, 0, 0, 11, 28.82, 1420395, 72, 0, 0
21396, 30, 35, 132, 0, 0, 0.81%, 0, 0, 11, 27.60, 1420538, 72, 0, 0
21402, 30, 35, 132, 0, 0, 0.81%, 0, 0, 11, 26.18, 1420672, 72, 0, 0
21407, 30, 14, 132, 0, 0, 0.81%, 0, 0, 11, 25.70, 1420804, 72, 0, 0
21412, 30, 14, 132, 0, 0, 0.81%, 0, 0, 11, 25.69, 1420933, 72, 0, 0
21417, 30, 38, 132, 0, 0, 0.81%, 0, 0, 11, 26.61, 1421071, 72, 0, 0
21422, 30, 34, 132, 0, 0, 0.81%, 0, 0, 11, 26.95, 1421205, 72, 0, 0
21427, 30, 34, 132, 0, 0, 0.81%, 0, 0, 11, 26.18, 1421340, 72, 0, 0
21432, 30, 45, 132, 0, 0, 0.81%, 0, 0, 11, 26.22, 1421472, 72, 0, 0
21437, 30, 45, 132, 0, 0, 0.81%, 0, 0, 11, 25.93, 1421601, 72, 0, 0
21442, 30, 45, 132, 0, 0, 0.81%, 0, 0, 11, 26.10, 1421732, 72, 0, 0
21447, 30, 45, 132, 0, 0, 0.81%, 0, 0, 11, 25.65, 1421865, 72, 0, 0
21453, 30, 45, 132, 0, 0, 0.81%, 0, 0, 11, 27.40, 1422008, 72, 0, 0
21458, 30, 45, 132, 0, 0, 0.81%, 0, 0, 11, 25.99, 1422139, 72, 0, 0
21463, 30, 45, 132, 0, 0, 0.81%, 0, 0, 11, 34.08, 1422410, 72, 0, 0
21468, 30, 45, 132, 0, 0, 0.81%, 0, 0, 11, 28.36, 1422552, 72, 0, 0
21473, 30, 20, 132, 0, 0, 0.81%, 0, 0, 11, 25.81, 1422682, 72, 0, 0
21478, 30, 21, 132, 0, 0, 0.81%, 0, 0, 11, 26.66, 1422817, 72, 0, 0
21483, 30, 21, 132, 0, 0, 0.81%, 0, 0, 11, 24.62, 1423006, 72, 0, 0
21488, 30, 47, 132, 0, 0, 0.81%, 0, 0, 11, 26.64, 1423141, 72, 0, 0
21494, 30, 47, 132, 0, 0, 0.81%, 0, 0, 11, 27.63, 1423283, 72, 0, 0
21499, 30, 47, 132, 0, 0, 0.81%, 0, 0, 11, 26.82, 1423424, 72, 0, 0
21504, 30, 47, 132, 0, 0, 0.81%, 0, 0, 11, 25.84, 1423553, 72, 0, 0
21509, 30, 51, 132, 0, 0, 0.81%, 0, 0, 11, 25.51, 1423682, 72, 0, 0
21514, 30, 51, 132, 0, 0, 0.81%, 0, 0, 11, 25.66, 1423815, 72, 0, 0
21519, 30, 16, 132, 0, 0, 0.81%, 0, 0, 11, 26.62, 1423954, 72, 0, 0
21524, 30, 16, 132, 0, 0, 0.81%, 0, 0, 11, 25.69, 1424082, 72, 0, 0
21529, 30, 16, 132, 0, 0, 0.81%, 0, 0, 11, 26.27, 1424215, 72, 0, 0
21534, 30, 9, 132, 0, 0, 0.81%, 0, 0, 11, 25.58, 1424346, 72, 0, 0
21540, 30, 9, 132, 0, 0, 0.81%, 0, 0, 11, 26.94, 1424484, 72, 0, 0
21545, 30, 16, 132, 0, 0, 0.81%, 0, 0, 11, 26.05, 1424618, 72, 0, 0
21550, 30, 16, 132, 0, 0, 0.81%, 0, 0, 11, 25.56, 1424745, 72, 0, 0
21555, 30, 32, 132, 0, 0, 0.81%, 0, 0, 11, 26.17, 1424880, 72, 0, 0
21560, 30, 32, 132, 0, 0, 0.81%, 0, 0, 11, 24.97, 1425007, 72, 0, 0
21565, 30, 32, 132, 0, 0, 0.81%, 0, 0, 11, 24.53, 1425133, 72, 0, 0
21570, 30, 45, 132, 0, 0, 0.81%, 0, 0, 11, 25.70, 1425265, 72, 0, 0
21575, 30, 45, 132, 0, 0, 0.81%, 0, 0, 11, 26.08, 1425396, 72, 0, 0
21580, 30, 45, 132, 0, 0, 0.81%, 0, 0, 11, 26.04, 1425526, 72, 0, 0
21585, 30, 45, 132, 0, 0, 0.81%, 0, 0, 11, 25.39, 1425655, 72, 0, 0
21591, 30, 32, 132, 0, 0, 0.81%, 0, 0, 11, 25.47, 1425786, 72, 0, 0
21596, 30, 32, 132, 0, 0, 0.81%, 0, 0, 11, 25.76, 1425916, 72, 0, 0
21601, 30, 51, 132, 0, 0, 0.81%, 0, 0, 11, 26.46, 1426053, 72, 0, 0
21606, 30, 51, 132, 0, 0, 0.81%, 0, 0, 11, 26.18, 1426183, 72, 0, 0
21611, 30, 51, 132, 0, 0, 0.81%, 0, 0, 11, 26.16, 1426320, 72, 0, 0
21616, 30, 13, 132, 0, 0, 0.81%, 0, 0, 11, 28.38, 1426510, 72, 0, 0
21621, 30, 13, 132, 0, 0, 0.81%, 0, 0, 11, 28.18, 1426654, 72, 0, 0
21626, 30, 63, 132, 0, 0, 0.81%, 0, 0, 11, 25.54, 1426782, 72, 0, 0
21632, 30, 34, 132, 0, 0, 0.81%, 0, 0, 11, 25.68, 1426913, 72, 0, 0
21637, 30, 34, 132, 0, 0, 0.81%, 0, 0, 11, 26.88, 1427054, 72, 0, 0
21642, 30, 98, 132, 0, 0, 0.81%, 0, 0, 11, 26.49, 1427186, 72, 0, 0
21647, 30, 45, 132, 0, 0, 0.81%, 0, 0, 11, 26.31, 1427319, 72, 0, 0
21652, 30, 45, 132, 0, 0, 0.81%, 0, 0, 11, 25.21, 1427445, 72, 0, 0
21657, 30, 45, 132, 0, 0, 0.81%, 0, 0, 11, 26.04, 1427582, 72, 0, 0
21662, 30, 45, 132, 0, 0, 0.81%, 0, 0, 11, 26.30, 1427719, 72, 0, 0
21668, 30, 47, 132, 0, 0, 0.81%, 0, 0, 11, 26.31, 1427856, 72, 0, 0
21673, 30, 47, 132, 0, 0, 0.81%, 0, 0, 11, 26.63, 1427992, 72, 0, 0
21678, 30, 47, 132, 0, 0, 0.81%, 0, 0, 11, 26.01, 1428124, 72, 0, 0
21683, 30, 47, 132, 0, 0, 0.81%, 0, 0, 11, 25.58, 1428256, 72, 0, 0
21688, 30, 47, 132, 0, 0, 0.81%, 0, 0, 11, 25.08, 1428383, 72, 0, 0
21693, 30, 45, 132, 0, 0, 0.81%, 0, 0, 11, 26.28, 1428518, 72, 0, 0
21698, 30, 45, 132, 0, 0, 0.81%, 0, 0, 11, 26.87, 1428658, 72, 0, 0
21704, 30, 45, 132, 0, 0, 0.81%, 0, 0, 11, 28.20, 1428801, 72, 0, 0
21709, 30, 45, 132, 0, 0, 0.81%, 0, 0, 11, 25.29, 1428926, 72, 0, 0
21714, 30, 66, 132, 0, 0, 0.81%, 0, 0, 11, 25.40, 1429054, 72, 0, 0
21719, 30, 66, 132, 0, 0, 0.81%, 0, 0, 11, 25.52, 1429183, 72, 0, 0
21724, 30, 66, 132, 0, 0, 0.81%, 0, 0, 11, 26.82, 1429318, 72, 0, 0
21729, 30, 66, 132, 0, 0, 0.81%, 0, 0, 11, 25.77, 1429445, 72, 0, 0
21734, 30, 66, 132, 0, 0, 0.81%, 0, 0, 11, 25.76, 1429577, 72, 0, 0
21739, 30, 43, 132, 0, 0, 0.81%, 0, 0, 11, 25.90, 1429710, 72, 0, 0
21744, 30, 100, 132, 0, 0, 0.81%, 0, 0, 11, 26.22, 1429841, 72, 0, 0
21749, 30, 100, 132, 0, 0, 0.81%, 0, 0, 11, 25.92, 1429973, 72, 0, 0
21754, 30, 100, 132, 0, 0, 0.81%, 0, 0, 11, 26.08, 1430109, 72, 0, 0
21759, 30, 100, 132, 0, 0, 0.81%, 0, 0, 11, 25.85, 1430239, 72, 0, 0
21765, 30, 100, 132, 0, 0, 0.81%, 0, 0, 11, 26.14, 1430374, 72, 0, 0
21770, 30, 35, 132, 0, 0, 0.81%, 0, 0, 11, 25.83, 1430508, 72, 0, 0
21775, 30, 35, 132, 0, 0, 0.81%, 0, 0, 11, 25.68, 1430639, 72, 0, 0
21780, 30, 94, 132, 0, 0, 0.81%, 0, 0, 11, 26.08, 1430769, 72, 0, 0
21785, 30, 94, 132, 0, 0, 0.81%, 0, 0, 11, 25.30, 1430902, 72, 0, 0
21790, 30, 94, 132, 0, 0, 0.81%, 0, 0, 11, 26.17, 1431038, 72, 0, 0
21795, 30, 94, 132, 0, 0, 0.81%, 0, 0, 11, 26.60, 1431171, 72, 0, 0
21800, 30, 94, 132, 0, 0, 0.81%, 0, 0, 11, 26.11, 1431306, 72, 0, 0
21806, 30, 94, 132, 0, 0, 0.81%, 0, 0, 11, 26.95, 1431444, 72, 0, 0
21811, 30, 94, 132, 0, 0, 0.81%, 0, 0, 11, 24.83, 1431572, 72, 0, 0
21816, 30, 57, 132, 0, 0, 0.81%, 0, 0, 11, 25.28, 1431699, 72, 0, 0
21821, 30, 57, 132, 0, 0, 0.81%, 0, 0, 11, 25.12, 1431884, 72, 0, 0
21826, 30, 57, 132, 0, 0, 0.81%, 0, 0, 11, 25.03, 1432014, 72, 0, 0
21831, 30, 57, 132, 0, 0, 0.81%, 0, 0, 11, 29.94, 1432171, 72, 0, 0
21836, 30, 13, 132, 0, 0, 0.81%, 0, 0, 11, 26.69, 1432300, 72, 0, 0
21841, 30, 13, 132, 0, 0, 0.81%, 0, 0, 11, 27.02, 1432443, 72, 0, 0
21847, 30, 58, 132, 0, 0, 0.81%, 0, 0, 11, 27.32, 1432584, 72, 0, 0
21852, 30, 58, 132, 0, 0, 0.81%, 0, 0, 11, 26.19, 1432718, 72, 0, 0
21857, 30, 58, 132, 0, 0, 0.81%, 0, 0, 11, 25.92, 1432849, 72, 0, 0
21862, 30, 58, 132, 0, 0, 0.81%, 0, 0, 11, 26.26, 1432985, 72, 0, 0
21867, 30, 58, 132, 0, 0, 0.81%, 0, 0, 11, 25.52, 1433112, 72, 0, 0
21872, 30, 35, 132, 0, 0, 0.81%, 0, 0, 11, 26.19, 1433245, 72, 0, 0
21877, 30, 35, 132, 0, 0, 0.81%, 0, 0, 11, 26.03, 1433375, 72, 0, 0
21882, 30, 61, 132, 0, 0, 0.81%, 0, 0, 11, 25.92, 1433509, 72, 0, 0
21887, 30, 61, 132, 0, 0, 0.81%, 0, 0, 11, 26.01, 1433639, 72, 0, 0
21893, 30, 61, 132, 0, 0, 0.81%, 0, 0, 11, 25.90, 1433772, 72, 0, 0
21898, 30, 61, 132, 0, 0, 0.81%, 0, 0, 11, 26.08, 1433903, 72, 0, 0
21903, 30, 61, 132, 0, 0, 0.81%, 0, 0, 11, 25.35, 1434031, 72, 0, 0
21908, 30, 14, 132, 0, 0, 0.81%, 0, 0, 11, 25.70, 1434164, 72, 0, 0
21913, 30, 14, 132, 0, 0, 0.81%, 0, 0, 11, 26.05, 1434299, 72, 0, 0
21918, 30, 27, 132, 0, 0, 0.81%, 0, 0, 11, 25.00, 1434424, 72, 0, 0
21923, 30, 27, 132, 0, 0, 0.81%, 0, 0, 11, 24.90, 1434551, 72, 0, 0
21928, 30, 27, 132, 0, 0, 0.81%, 0, 0, 11, 25.43, 1434678, 72, 0, 0
21933, 30, 26, 132, 0, 0, 0.81%, 0, 0, 11, 26.32, 1434820, 72, 0, 0
21938, 30, 26, 132, 0, 0, 0.81%, 0, 0, 11, 26.92, 1434953, 72, 0, 0
21944, 30, 45, 132, 0, 0, 0.81%, 0, 0, 11, 27.15, 1435095, 72, 0, 0
21949, 30, 45, 132, 0, 0, 0.81%, 0, 0, 11, 27.23, 1435230, 72, 0, 0
21954, 30, 45, 132, 0, 0, 0.81%, 0, 0, 11, 25.57, 1435361, 72, 0, 0
21959, 30, 45, 132, 0, 0, 0.81%, 0, 0, 11, 26.27, 1435497, 72, 0, 0
21964, 30, 52, 132, 0, 0, 0.81%, 0, 0, 11, 26.38, 1435631, 72, 0, 0
21969, 30, 52, 132, 0, 0, 0.81%, 0, 0, 11, 25.48, 1435761, 72, 0, 0
21974, 30, 45, 132, 0, 0, 0.81%, 0, 0, 11, 25.42, 1435890, 72, 0, 0
21979, 30, 45, 132, 0, 0, 0.81%, 0, 0, 11, 26.45, 1436025, 72, 0, 0
21984, 30, 45, 132, 0, 0, 0.81%, 0, 0, 11, 26.60, 1436158, 72, 0, 0
21990, 30, 45, 132, 0, 0, 0.81%, 0, 0, 11, 25.20, 1436287, 72, 0, 0
21995, 30, 45, 132, 0, 0, 0.81%, 0, 0, 11, 26.45, 1436424, 72, 0, 0
22000, 30, 99, 132, 0, 0, 0.81%, 0, 0, 11, 26.68, 1436559, 72, 0, 0
22005, 30, 99, 132, 0, 0, 0.81%, 0, 0, 11, 25.79, 1436690, 72, 0, 0
22010, 30, 99, 132, 0, 0, 0.81%, 0, 0, 11, 25.98, 1436821, 72, 0, 0
22015, 30, 99, 132, 0, 0, 0.81%, 0, 0, 11, 26.05, 1436954, 72, 0, 0
22020, 30, 59, 132, 0, 0, 0.81%, 0, 0, 11, 25.97, 1437089, 72, 0, 0
22025, 30, 11, 132, 0, 0, 0.81%, 0, 0, 11, 25.63, 1437217, 72, 0, 0
22031, 30, 88, 132, 0, 0, 0.81%, 0, 0, 11, 26.79, 1437353, 72, 0, 0
22036, 30, 88, 132, 0, 0, 0.81%, 0, 0, 11, 26.34, 1437486, 72, 0, 0
22041, 30, 88, 132, 0, 0, 0.81%, 0, 0, 11, 25.52, 1437613, 72, 0, 0
22046, 30, 35, 132, 0, 0, 0.81%, 0, 0, 11, 151.64, 1437774, 72, 0, 0
22051, 30, 19, 132, 0, 0, 0.81%, 0, 0, 11, 231.87, 1438000, 72, 0, 0
22056, 30, 19, 132, 0, 0, 0.81%, 0, 0, 11, 25.31, 1438152, 72, 0, 0
22061, 30, 2, 132, 0, 0, 0.81%, 0, 0, 11, 27.81, 1438296, 72, 0, 0
22066, 30, 41, 132, 0, 0, 0.81%, 0, 0, 11, 462.26, 1438609, 72, 0, 0
22072, 30, 41, 132, 0, 0, 0.81%, 0, 0, 11, 31.27, 1438794, 72, 0, 0
22077, 30, 41, 132, 0, 0, 0.81%, 0, 0, 11, 27.58, 1438928, 72, 0, 0
22082, 30, 41, 132, 0, 0, 0.81%, 0, 0, 11, 27.88, 1439114, 72, 0, 0
22087, 30, 7, 132, 0, 0, 0.81%, 0, 0, 11, 26.24, 1439247, 72, 0, 0
22092, 30, 7, 132, 0, 0, 0.81%, 0, 0, 11, 26.37, 1439381, 72, 0, 0
22097, 30, 11, 132, 0, 0, 0.81%, 0, 0, 11, 26.30, 1439518, 72, 0, 0
22103, 30, 57, 132, 0, 0, 0.81%, 0, 0, 11, 25.99, 1439650, 72, 0, 0
22108, 30, 57, 132, 0, 0, 0.81%, 0, 0, 11, 26.02, 1439782, 72, 0, 0
22113, 30, 57, 132, 0, 0, 0.81%, 0, 0, 11, 26.52, 1439920, 72, 0, 0
22118, 30, 57, 132, 0, 0, 0.81%, 0, 0, 11, 25.66, 1440049, 72, 0, 0
22123, 30, 94, 132, 0, 0, 0.81%, 0, 0, 11, 25.50, 1440179, 72, 0, 0
22128, 30, 94, 132, 0, 0, 0.81%, 0, 0, 11, 25.70, 1440312, 72, 0, 0
22133, 30, 94, 132, 0, 0, 0.81%, 0, 0, 11, 25.54, 1440441, 72, 0, 0
22138, 30, 94, 132, 0, 0, 0.81%, 0, 0, 11, 25.44, 1440568, 72, 0, 0
22143, 30, 94, 132, 0, 0, 0.81%, 0, 0, 11, 26.64, 1440707, 72, 0, 0
22149, 30, 94, 132, 0, 0, 0.81%, 0, 0, 11, 27.01, 1440848, 72, 0, 0
22154, 30, 94, 132, 0, 0, 0.81%, 0, 0, 11, 26.56, 1440981, 72, 0, 0
22159, 30, 19, 132, 0, 0, 0.81%, 0, 0, 11, 25.96, 1441112, 72, 0, 0
22164, 30, 19, 132, 0, 0, 0.81%, 0, 0, 11, 26.44, 1441248, 72, 0, 0
22169, 30, 54, 132, 0, 0, 0.81%, 0, 0, 11, 25.23, 1441378, 72, 0, 0
22174, 30, 99, 132, 0, 0, 0.81%, 0, 0, 11, 25.21, 1441507, 72, 0, 0
22179, 30, 99, 132, 0, 0, 0.81%, 0, 0, 11, 25.80, 1441640, 72, 0, 0
22184, 30, 99, 132, 0, 0, 0.81%, 0, 0, 11, 26.36, 1441777, 72, 0, 0
22190, 30, 99, 132, 0, 0, 0.81%, 0, 0, 11, 26.52, 1441916, 72, 0, 0
22195, 30, 99, 132, 0, 0, 0.81%, 0, 0, 11, 27.04, 1442057, 72, 0, 0
22200, 30, 61, 132, 0, 0, 0.81%, 0, 0, 11, 26.60, 1442191, 72, 0, 0
22205, 30, 61, 132, 0, 0, 0.81%, 0, 0, 11, 26.92, 1442328, 72, 0, 0
22210, 30, 61, 132, 0, 0, 0.81%, 0, 0, 11, 26.07, 1442463, 72, 0, 0
22215, 30, 61, 132, 0, 0, 0.81%, 0, 0, 11, 25.88, 1442593, 72, 0, 0
22220, 30, 97, 132, 0, 0, 0.81%, 0, 0, 11, 27.35, 1442729, 72, 0, 0
22225, 30, 97, 132, 0, 0, 0.81%, 0, 0, 11, 25.28, 1442910, 72, 0, 0
22231, 30, 97, 132, 0, 0, 0.81%, 0, 0, 11, 26.02, 1443044, 72, 0, 0
22236, 30, 97, 132, 0, 0, 0.81%, 0, 0, 11, 26.03, 1443174, 72, 0, 0
22241, 30, 80, 132, 0, 0, 0.81%, 0, 0, 11, 24.71, 1443299, 72, 0, 0
22246, 30, 80, 132, 0, 0, 0.81%, 0, 0, 11, 25.66, 1443434, 72, 0, 0
22251, 30, 80, 132, 0, 0, 0.81%, 0, 0, 11, 25.13, 1443562, 72, 0, 0
22256, 30, 80, 132, 0, 0, 0.81%, 0, 0, 11, 25.71, 1443694, 72, 0, 0
22261, 30, 80, 132, 0, 0, 0.81%, 0, 0, 11, 25.33, 1443822, 72, 0, 0
22266, 30, 57, 132, 0, 0, 0.81%, 0, 0, 11, 26.10, 1443954, 72, 0, 0
22271, 30, 57, 132, 0, 0, 0.81%, 0, 0, 11, 26.01, 1444086, 72, 0, 0
22276, 30, 57, 132, 0, 0, 0.81%, 0, 0, 11, 25.69, 1444218, 72, 0, 0
22281, 30, 57, 132, 0, 0, 0.81%, 0, 0, 11, 26.13, 1444350, 72, 0, 0
22287, 30, 47, 132, 0, 0, 0.81%, 0, 0, 11, 27.23, 1444489, 72, 0, 0
22292, 30, 47, 132, 0, 0, 0.81%, 0, 0, 11, 25.69, 1444617, 72, 0, 0
22297, 30, 47, 132, 0, 0, 0.81%, 0, 0, 11, 26.95, 1444757, 72, 0, 0
22302, 30, 47, 132, 0, 0, 0.81%, 0, 0, 11, 25.68, 1444889, 72, 0, 0
22307, 30, 47, 132, 0, 0, 0.81%, 0, 0, 11, 26.60, 1445062, 72, 0, 0
22312, 30, 55, 132, 0, 0, 0.81%, 0, 0, 11, 30.82, 1445228, 72, 0, 0
22317, 30, 13, 132, 0, 0, 0.81%, 0, 0, 11, 28.29, 1445367, 72, 0, 0
22322, 30, 13, 132, 0, 0, 0.81%, 0, 0, 11, 36.34, 1445560, 72, 0, 0
22328, 30, 35, 132, 0, 0, 0.81%, 0, 0, 11, 27.90, 1445691, 72, 0, 0
22333, 30, 35, 132, 0, 0, 0.81%, 0, 0, 11, 25.69, 1445816, 72, 0, 0
22338, 30, 16, 132, 0, 0, 0.81%, 0, 0, 11, 25.92, 1445950, 72, 0, 0
22343, 30, 16, 132, 0, 0, 0.81%, 0, 0, 11, 26.12, 1446087, 72, 0, 0
22348, 30, 16, 132, 0, 0, 0.81%, 0, 0, 11, 26.15, 1446222, 72, 0, 0
22353, 30, 55, 132, 0, 0, 0.81%, 0, 0, 11, 25.69, 1446354, 72, 0, 0
22359, 30, 23, 132, 0, 0, 0.81%, 0, 0, 11, 25.63, 1446486, 72, 0, 0
22364, 30, 23, 132, 0, 0, 0.81%, 0, 0, 11, 25.75, 1446619, 72, 0, 0
22369, 30, 26, 132, 0, 0, 0.81%, 0, 0, 11, 25.36, 1446745, 72, 0, 0
22374, 30, 26, 132, 0, 0, 0.81%, 0, 0, 11, 25.81, 1446882, 72, 0, 0
22379, 30, 11, 132, 0, 0, 0.81%, 0, 0, 11, 25.21, 1447010, 72, 0, 0
22384, 30, 20, 132, 0, 0, 0.81%, 0, 0, 11, 24.06, 1447134, 72, 0, 0
22389, 30, 99, 132, 0, 0, 0.81%, 0, 0, 11, 25.65, 1447267, 72, 0, 0
22395, 30, 99, 132, 0, 0, 0.81%, 0, 0, 11, 25.97, 1447400, 72, 0, 0
22400, 30, 99, 132, 0, 0, 0.81%, 0, 0, 11, 25.29, 1447530, 72, 0, 0
22405, 30, 99, 132, 0, 0, 0.81%, 0, 0, 11, 25.77, 1447659, 72, 0, 0
22410, 30, 99, 132, 0, 0, 0.81%, 0, 0, 11, 26.45, 1447797, 72, 0, 0
22415, 30, 37, 132, 0, 0, 0.81%, 0, 0, 11, 25.36, 1447929, 72, 0, 0
22420, 30, 37, 132, 0, 0, 0.81%, 0, 0, 11, 25.21, 1448059, 72, 0, 0
22425, 30, 37, 132, 0, 0, 0.81%, 0, 0, 11, 24.53, 1448182, 72, 0, 0
22431, 30, 16, 132, 0, 0, 0.81%, 0, 0, 11, 25.15, 1448313, 72, 0, 0
22436, 30, 16, 132, 0, 0, 0.81%, 0, 0, 11, 25.82, 1448448, 72, 0, 0
22441, 30, 57, 132, 0, 0, 0.81%, 0, 0, 11, 26.77, 1448676, 72, 0, 0
22446, 30, 57, 132, 0, 0, 0.81%, 0, 0, 11, 25.08, 1448884, 72, 0, 0
22451, 30, 57, 132, 0, 0, 0.81%, 0, 0, 11, 25.43, 1449012, 72, 0, 0
22456, 30, 57, 132, 0, 0, 0.81%, 0, 0, 11, 25.90, 1449149, 72, 0, 0
22461, 30, 58, 132, 0, 0, 0.81%, 0, 0, 11, 25.92, 1449281, 72, 0, 0
22467, 30, 58, 132, 0, 0, 0.81%, 0, 0, 11, 26.56, 1449420, 72, 0, 0
22472, 30, 58, 132, 0, 0, 0.81%, 0, 0, 11, 31.38, 1449591, 72, 0, 0
22477, 30, 58, 132, 0, 0, 0.81%, 0, 0, 11, 24.92, 1449757, 72, 0, 0
22482, 30, 34, 132, 0, 0, 0.81%, 0, 0, 11, 25.90, 1449892, 72, 0, 0
22487, 30, 34, 132, 0, 0, 0.81%, 0, 0, 11, 25.54, 1450020, 72, 0, 0
22492, 30, 125, 132, 0, 0, 0.81%, 0, 0, 11, 25.20, 1450149, 72, 0, 0
22497, 30, 10, 132, 0, 0, 0.81%, 0, 0, 11, 26.12, 1450284, 72, 0, 0
22502, 30, 10, 132, 0, 0, 0.81%, 0, 0, 11, 25.34, 1450413, 72, 0, 0
22507, 30, 51, 132, 0, 0, 0.81%, 0, 0, 11, 25.71, 1450543, 72, 0, 0
22513, 30, 51, 132, 0, 0, 0.81%, 0, 0, 11, 25.94, 1450678, 72, 0, 0
22518, 30, 21, 132, 0, 0, 0.81%, 0, 0, 11, 26.69, 1450819, 72, 0, 0
22523, 30, 21, 132, 0, 0, 0.81%, 0, 0, 11, 25.73, 1450948, 72, 0, 0
22528, 30, 11, 132, 0, 0, 0.81%, 0, 0, 11, 24.69, 1451129, 72, 0, 0
22533, 31, 58, 132, 0, 0, 0.81%, 0, 0, 11, 26.42, 1451265, 72, 0, 0
22538, 31, 58, 132, 0, 0, 0.81%, 0, 0, 11, 25.62, 1451394, 72, 0, 0
22543, 31, 58, 132, 0, 0, 0.81%, 0, 0, 11, 28.34, 1451584, 72, 0, 0
22548, 31, 58, 132, 0, 0, 0.81%, 0, 0, 11, 26.52, 1451720, 72, 0, 0
22553, 31, 26, 132, 0, 0, 0.81%, 0, 0, 11, 25.57, 1451846, 72, 0, 0
22558, 31, 26, 132, 0, 0, 0.81%, 0, 0, 11, 25.63, 1451981, 72, 0, 0
22563, 31, 32, 132, 0, 0, 0.81%, 0, 0, 11, 26.06, 1452114, 72, 0, 0
22569, 31, 32, 132, 0, 0, 0.81%, 0, 0, 11, 26.23, 1452246, 72, 0, 0
22574, 31, 6, 132, 0, 0, 0.81%, 0, 0, 11, 26.92, 1452386, 72, 0, 0
22579, 31, 51, 132, 0, 0, 0.81%, 0, 0, 11, 25.86, 1452520, 72, 0, 0
22584, 31, 51, 132, 0, 0, 0.81%, 0, 0, 11, 26.21, 1452655, 72, 0, 0
22589, 31, 18, 132, 0, 0, 0.81%, 0, 0, 11, 25.52, 1452784, 72, 0, 0
22594, 31, 18, 132, 0, 0, 0.81%, 0, 0, 11, 25.83, 1452913, 72, 0, 0
22599, 31, 18, 132, 0, 0, 0.81%, 0, 0, 11, 26.07, 1453046, 72, 0, 0
22604, 31, 61, 132, 0, 0, 0.81%, 0, 0, 11, 25.59, 1453177, 72, 0, 0
22609, 31, 61, 132, 0, 0, 0.81%, 0, 0, 11, 25.68, 1453304, 72, 0, 0
22615, 31, 61, 132, 0, 0, 0.81%, 0, 0, 11, 25.82, 1453438, 72, 0, 0
22620, 31, 61, 132, 0, 0, 0.81%, 0, 0, 11, 26.38, 1453575, 72, 0, 0
22625, 31, 27, 132, 0, 0, 0.81%, 0, 0, 11, 26.23, 1453708, 72, 0, 0
22630, 31, 27, 132, 0, 0, 0.81%, 0, 0, 11, 26.16, 1453844, 72, 0, 0
22635, 31, 57, 132, 0, 0, 0.81%, 0, 0, 11, 26.15, 1453978, 72, 0, 0
22640, 31, 57, 132, 0, 0, 0.81%, 0, 0, 11, 26.91, 1454116, 72, 0, 0
22645, 31, 57, 132, 0, 0, 0.81%, 0, 0, 11, 26.66, 1454252, 72, 0, 0
22650, 31, 57, 132, 0, 0, 0.81%, 0, 0, 11, 25.67, 1454383, 72, 0, 0
22656, 31, 57, 132, 0, 0, 0.81%, 0, 0, 11, 25.89, 1454517, 72, 0, 0
22661, 31, 16, 132, 0, 0, 0.81%, 0, 0, 11, 25.41, 1454645, 72, 0, 0
22666, 31, 16, 132, 0, 0, 0.81%, 0, 0, 11, 27.60, 1454828, 72, 0, 0
22671, 31, 94, 132, 0, 0, 0.81%, 0, 0, 11, 27.61, 1455018, 72, 0, 0
22676, 31, 94, 132, 0, 0, 0.81%, 0, 0, 11, 29.00, 1455197, 72, 0, 0
22681, 31, 94, 132, 0, 0, 0.81%, 0, 0, 11, 26.29, 1455327, 72, 0, 0
22686, 31, 94, 132, 0, 0, 0.81%, 0, 0, 11, 27.39, 1455467, 72, 0, 0
22692, 31, 94, 132, 0, 0, 0.81%, 0, 0, 11, 25.69, 1455604, 72, 0, 0
22697, 31, 94, 132, 0, 0, 0.81%, 0, 0, 11, 24.89, 1455730, 72, 0, 0
22702, 31, 94, 132, 0, 0, 0.81%, 0, 0, 11, 25.22, 1455862, 72, 0, 0
22707, 31, 94, 132, 0, 0, 0.81%, 0, 0, 11, 25.88, 1455999, 72, 0, 0
22712, 31, 94, 132, 0, 0, 0.81%, 0, 0, 11, 25.84, 1456134, 72, 0, 0
22717, 31, 94, 132, 0, 0, 0.81%, 0, 0, 11, 25.39, 1456262, 72, 0, 0
22723, 31, 94, 132, 0, 0, 0.81%, 0, 0, 11, 25.81, 1456395, 72, 0, 0
22728, 31, 94, 132, 0, 0, 0.81%, 0, 0, 11, 27.50, 1456536, 72, 0, 0
22733, 31, 97, 132, 0, 0, 0.81%, 0, 0, 11, 25.32, 1456719, 72, 0, 0
22738, 31, 97, 132, 0, 0, 0.81%, 0, 0, 11, 25.86, 1456853, 72, 0, 0
22743, 31, 97, 132, 0, 0, 0.81%, 0, 0, 11, 30.62, 1457006, 72, 0, 0
22748, 31, 97, 132, 0, 0, 0.81%, 0, 0, 11, 27.97, 1457147, 72, 0, 0
22754, 31, 50, 132, 0, 0, 0.81%, 0, 0, 11, 26.13, 1457278, 72, 0, 0
22759, 31, 50, 132, 0, 0, 0.81%, 0, 0, 11, 25.63, 1457408, 72, 0, 0
22764, 31, 50, 132, 0, 0, 0.81%, 0, 0, 11, 26.15, 1457540, 72, 0, 0
22769, 31, 50, 132, 0, 0, 0.81%, 0, 0, 11, 26.27, 1457677, 72, 0, 0
22774, 31, 50, 132, 0, 0, 0.81%, 0, 0, 11, 25.56, 1457805, 72, 0, 0
22779, 31, 20, 132, 0, 0, 0.81%, 0, 0, 11, 26.06, 1457938, 72, 0, 0
22784, 31, 35, 132, 0, 0, 0.81%, 0, 0, 11, 26.11, 1458070, 72, 0, 0
22789, 31, 35, 132, 0, 0, 0.81%, 0, 0, 11, 28.09, 1458253, 72, 0, 0
22794, 31, 57, 132, 0, 0, 0.81%, 0, 0, 11, 25.48, 1458376, 72, 0, 0
22799, 31, 57, 132, 0, 0, 0.81%, 0, 0, 11, 24.32, 1458499, 72, 0, 0
22804, 31, 57, 132, 0, 0, 0.81%, 0, 0, 11, 24.80, 1458624, 72, 0, 0
22810, 31, 57, 132, 0, 0, 0.81%, 0, 0, 11, 25.23, 1458756, 72, 0, 0
22815, 31, 52, 132, 0, 0, 0.81%, 0, 0, 11, 25.09, 1458882, 72, 0, 0
22820, 31, 52, 132, 0, 0, 0.81%, 0, 0, 11, 25.78, 1459016, 72, 0, 0
22825, 31, 52, 132, 0, 0, 0.81%, 0, 0, 11, 25.64, 1459146, 72, 0, 0
22830, 31, 19, 132, 0, 0, 0.81%, 0, 0, 11, 26.15, 1459278, 72, 0, 0
22835, 31, 19, 132, 0, 0, 0.81%, 0, 0, 11, 25.78, 1459406, 72, 0, 0
22840, 31, 19, 132, 0, 0, 0.81%, 0, 0, 11, 24.86, 1459532, 72, 0, 0
22845, 31, 13, 132, 0, 0, 0.81%, 0, 0, 11, 25.16, 1459662, 72, 0, 0
22850, 31, 13, 132, 0, 0, 0.81%, 0, 0, 11, 26.15, 1459796, 72, 0, 0
22856, 31, 58, 132, 0, 0, 0.81%, 0, 0, 11, 25.69, 1459929, 72, 0, 0
22861, 31, 58, 132, 0, 0, 0.81%, 0, 0, 11, 26.04, 1460064, 72, 0, 0
22866, 31, 58, 132, 0, 0, 0.81%, 0, 0, 11, 25.63, 1460192, 72, 0, 0
22871, 31, 58, 132, 0, 0, 0.81%, 0, 0, 11, 25.61, 1460323, 72, 0, 0
22876, 31, 45, 132, 0, 0, 0.81%, 0, 0, 11, 26.15, 1460454, 72, 0, 0
22881, 31, 45, 132, 0, 0, 0.81%, 0, 0, 11, 25.14, 1460582, 72, 0, 0
22886, 31, 45, 132, 0, 0, 0.81%, 0, 0, 11, 26.02, 1460712, 72, 0, 0
22891, 31, 45, 132, 0, 0, 0.81%, 0, 0, 11, 26.10, 1460848, 72, 0, 0
22896, 31, 45, 132, 0, 0, 0.81%, 0, 0, 11, 26.02, 1460981, 72, 0, 0
22901, 31, 13, 132, 0, 0, 0.81%, 0, 0, 11, 25.81, 1461111, 72, 0, 0
22907, 31, 13, 132, 0, 0, 0.81%, 0, 0, 11, 26.50, 1461248, 72, 0, 0
22912, 31, 61, 132, 0, 0, 0.81%, 0, 0, 11, 25.90, 1461380, 72, 0, 0
22917, 31, 61, 132, 0, 0, 0.81%, 0, 0, 11, 25.76, 1461515, 72, 0, 0
22922, 31, 61, 132, 0, 0, 0.81%, 0, 0, 11, 26.53, 1461652, 72, 0, 0
22927, 31, 61, 132, 0, 0, 0.81%, 0, 0, 11, 25.45, 1461782, 72, 0, 0
22932, 31, 61, 132, 0, 0, 0.81%, 0, 0, 11, 25.56, 1461910, 72, 0, 0
22937, 31, 61, 132, 0, 0, 0.81%, 0, 0, 11, 25.27, 1462040, 72, 0, 0
22943, 31, 61, 132, 0, 0, 0.81%, 0, 0, 11, 26.76, 1462179, 72, 0, 0
22948, 31, 61, 132, 0, 0, 0.81%, 0, 0, 11, 29.46, 1462386, 72, 0, 0
22953, 31, 112, 132, 0, 0, 0.81%, 0, 0, 11, 25.74, 1462567, 72, 0, 0
22958, 31, 112, 132, 0, 0, 0.81%, 0, 0, 11, 26.94, 1462707, 72, 0, 0
22963, 31, 112, 132, 0, 0, 0.81%, 0, 0, 11, 25.37, 1462914, 72, 0, 0
22968, 31, 112, 132, 0, 0, 0.81%, 0, 0, 11, 25.94, 1463051, 72, 0, 0
22973, 31, 112, 132, 0, 0, 0.81%, 0, 0, 11, 26.21, 1463183, 72, 0, 0
22979, 31, 112, 132, 0, 0, 0.81%, 0, 0, 11, 25.62, 1463316, 72, 0, 0
22984, 31, 55, 132, 0, 0, 0.81%, 0, 0, 11, 26.71, 1463455, 72, 0, 0
22989, 31, 55, 132, 0, 0, 0.81%, 0, 0, 11, 26.31, 1463592, 72, 0, 0
22994, 31, 34, 132, 0, 0, 0.81%, 0, 0, 11, 25.87, 1463722, 72, 0, 0
22999, 31, 34, 132, 0, 0, 0.81%, 0, 0, 11, 25.85, 1463854, 72, 0, 0
23005, 31, 21, 132, 0, 0, 0.81%, 0, 0, 11, 24.91, 1463984, 72, 0, 0
23010, 31, 21, 132, 0, 0, 0.81%, 0, 0, 11, 26.09, 1464118, 72, 0, 0
23015, 31, 99, 132, 0, 0, 0.81%, 0, 0, 11, 26.29, 1464254, 72, 0, 0
23020, 31, 99, 132, 0, 0, 0.81%, 0, 0, 11, 26.03, 1464386, 72, 0, 0
23025, 31, 99, 132, 0, 0, 0.81%, 0, 0, 11, 25.43, 1464515, 72, 0, 0
23030, 31, 99, 132, 0, 0, 0.81%, 0, 0, 11, 25.17, 1464643, 72, 0, 0
23035, 31, 99, 132, 0, 0, 0.81%, 0, 0, 11, 26.69, 1464778, 72, 0, 0
23040, 31, 98, 132, 0, 0, 0.81%, 0, 0, 11, 25.51, 1464905, 72, 0, 0
23045, 31, 54, 132, 0, 0, 0.81%, 0, 0, 11, 25.58, 1465038, 72, 0, 0
23050, 31, 100, 132, 0, 0, 0.81%, 0, 0, 11, 25.39, 1465166, 72, 0, 0
23056, 31, 100, 132, 0, 0, 0.81%, 0, 0, 11, 25.80, 1465296, 72, 0, 0
23061, 31, 100, 132, 0, 0, 0.81%, 0, 0, 11, 25.97, 1465428, 72, 0, 0
23066, 31, 100, 132, 0, 0, 0.81%, 0, 0, 11, 25.72, 1465560, 72, 0, 0
23071, 31, 84, 132, 0, 0, 0.81%, 0, 0, 11, 25.57, 1465692, 72, 0, 0
23076, 31, 84, 132, 0, 0, 0.81%, 0, 0, 11, 26.17, 1465827, 72, 0, 0
23081, 31, 84, 132, 0, 0, 0.81%, 0, 0, 11, 25.48, 1465958, 72, 0, 0
23086, 31, 61, 132, 0, 0, 0.81%, 0, 0, 11, 26.26, 1466096, 72, 0, 0
23092, 31, 61, 132, 0, 0, 0.81%, 0, 0, 11, 26.05, 1466228, 72, 0, 0
23097, 31, 61, 132, 0, 0, 0.81%, 0, 0, 11, 26.25, 1466359, 72, 0, 0
23102, 31, 61, 132, 0, 0, 0.81%, 0, 0, 11, 25.79, 1466488, 72, 0, 0
23107, 31, 61, 132, 0, 0, 0.81%, 0, 0, 11, 26.80, 1466627, 72, 0, 0
23112, 31, 58, 132, 0, 0, 0.81%, 0, 0, 11, 25.08, 1466757, 72, 0, 0
23117, 31, 58, 132, 0, 0, 0.81%, 0, 0, 11, 28.29, 1466988, 72, 0, 0
23122, 31, 58, 132, 0, 0, 0.81%, 0, 0, 11, 24.81, 1467168, 72, 0, 0
23127, 31, 10, 132, 0, 0, 0.81%, 0, 0, 11, 24.28, 1467295, 72, 0, 0
23132, 31, 10, 132, 0, 0, 0.81%, 0, 0, 11, 25.53, 1467425, 72, 0, 0
23137, 31, 100, 132, 0, 0, 0.81%, 0, 0, 11, 25.82, 1467556, 72, 0, 0
23142, 31, 100, 132, 0, 0, 0.81%, 0, 0, 11, 26.22, 1467689, 72, 0, 0
23148, 31, 100, 132, 0, 0, 0.81%, 0, 0, 11, 25.84, 1467822, 72, 0, 0
23153, 31, 100, 132, 0, 0, 0.81%, 0, 0, 11, 25.33, 1467952, 72, 0, 0
23158, 31, 100, 132, 0, 0, 0.81%, 0, 0, 11, 25.52, 1468083, 72, 0, 0
23163, 31, 37, 132, 0, 0, 0.81%, 0, 0, 11, 25.70, 1468214, 72, 0, 0
23168, 31, 37, 132, 0, 0, 0.81%, 0, 0, 11, 25.99, 1468350, 72, 0, 0
23173, 31, 37, 132, 0, 0, 0.81%, 0, 0, 11, 26.10, 1468488, 72, 0, 0
23179, 31, 34, 132, 0, 0, 0.81%, 0, 0, 11, 25.67, 1468619, 72, 0, 0
23184, 31, 34, 132, 0, 0, 0.81%, 0, 0, 11, 25.35, 1468749, 72, 0, 0
23189, 31, 34, 132, 0, 0, 0.81%, 0, 0, 11, 26.34, 1468882, 72, 0, 0
23194, 31, 45, 132, 0, 0, 0.81%, 0, 0, 11, 25.95, 1469015, 72, 0, 0
23199, 31, 45, 132, 0, 0, 0.81%, 0, 0, 11, 25.51, 1469146, 72, 0, 0
23204, 31, 45, 132, 0, 0, 0.81%, 0, 0, 11, 24.82, 1469270, 72, 0, 0
23209, 31, 45, 132, 0, 0, 0.81%, 0, 0, 11, 26.08, 1469406, 72, 0, 0
23214, 31, 45, 132, 0, 0, 0.81%, 0, 0, 11, 25.70, 1469539, 72, 0, 0
23219, 31, 2, 132, 0, 0, 0.81%, 0, 0, 11, 27.72, 1469681, 72, 0, 0
23225, 31, 2, 132, 0, 0, 0.81%, 0, 0, 11, 26.52, 1469817, 72, 0, 0
23230, 31, 34, 132, 0, 0, 0.81%, 0, 0, 11, 26.19, 1469950, 72, 0, 0
23235, 31, 34, 132, 0, 0, 0.81%, 0, 0, 11, 26.13, 1470083, 72, 0, 0
23240, 31, 92, 132, 0, 0, 0.81%, 0, 0, 11, 26.08, 1470213, 72, 0, 0
23245, 31, 92, 132, 0, 0, 0.81%, 0, 0, 11, 25.11, 1470337, 72, 0, 0
23250, 31, 92, 132, 0, 0, 0.81%, 0, 0, 11, 25.32, 1470465, 72, 0, 0
23255, 31, 92, 132, 0, 0, 0.81%, 0, 0, 11, 25.94, 1470600, 72, 0, 0
23260, 31, 92, 132, 0, 0, 0.81%, 0, 0, 11, 25.64, 1470733, 72, 0, 0
23266, 31, 32, 132, 0, 0, 0.81%, 0, 0, 11, 25.66, 1470868, 72, 0, 0
23271, 31, 32, 132, 0, 0, 0.81%, 0, 0, 11, 25.34, 1470999, 72, 0, 0
23276, 31, 127, 132, 0, 0, 0.81%, 0, 0, 11, 26.65, 1471136, 72, 0, 0
23281, 31, 127, 132, 0, 0, 0.81%, 0, 0, 11, 25.28, 1471264, 72, 0, 0
23286, 31, 127, 132, 0, 0, 0.81%, 0, 0, 11, 25.47, 1471391, 72, 0, 0
23291, 31, 127, 132, 0, 0, 0.81%, 0, 0, 11, 26.20, 1471528, 72, 0, 0
23296, 31, 100, 132, 0, 0, 0.81%, 0, 0, 11, 26.36, 1471665, 72, 0, 0
23301, 31, 100, 132, 0, 0, 0.81%, 0, 0, 11, 26.25, 1471796, 72, 0, 0
23306, 31, 100, 132, 0, 0, 0.81%, 0, 0, 11, 26.55, 1471929, 72, 0, 0
23311, 31, 100, 132, 0, 0, 0.81%, 0, 0, 11, 25.59, 1472058, 72, 0, 0
23317, 31, 100, 132, 0, 0, 0.81%, 0, 0, 11, 25.44, 1472191, 72, 0, 0
23322, 31, 37, 132, 0, 0, 0.81%, 0, 0, 11, 25.50, 1472321, 72, 0, 0
23327, 31, 37, 132, 0, 0, 0.81%, 0, 0, 11, 25.37, 1472449, 72, 0, 0
23332, 31, 94, 132, 0, 0, 0.81%, 0, 0, 11, 25.31, 1472581, 72, 0, 0
23337, 31, 94, 132, 0, 0, 0.81%, 0, 0, 11, 346.80, 1472900, 72, 0, 0
23342, 31, 94, 132, 0, 0, 0.81%, 0, 0, 11, 26.47, 1473032, 72, 0, 0
23348, 31, 94, 132, 0, 0, 0.81%, 0, 0, 11, 26.17, 1473167, 72, 0, 0
23353, 31, 94, 132, 0, 0, 0.81%, 0, 0, 11, 25.54, 1473295, 72, 0, 0
23358, 31, 94, 132, 0, 0, 0.81%, 0, 0, 11, 25.21, 1473422, 72, 0, 0
23363, 31, 14, 132, 0, 0, 0.81%, 0, 0, 11, 25.57, 1473555, 72, 0, 0
23368, 31, 14, 132, 0, 0, 0.81%, 0, 0, 11, 25.63, 1473683, 72, 0, 0
23373, 31, 19, 132, 0, 0, 0.81%, 0, 0, 11, 26.18, 1473817, 72, 0, 0
23378, 31, 19, 132, 0, 0, 0.81%, 0, 0, 11, 25.86, 1473948, 72, 0, 0
23383, 31, 57, 132, 0, 0, 0.81%, 0, 0, 11, 26.09, 1474082, 72, 0, 0
23388, 31, 57, 132, 0, 0, 0.81%, 0, 0, 11, 25.32, 1474313, 72, 0, 0
23394, 31, 57, 132, 0, 0, 0.81%, 0, 0, 11, 26.05, 1474448, 72, 0, 0
23399, 31, 57, 132, 0, 0, 0.81%, 0, 0, 11, 26.01, 1474578, 72, 0, 0
23404, 31, 13, 132, 0, 0, 0.81%, 0, 0, 11, 28.05, 1474742, 72, 0, 0
23409, 31, 13, 132, 0, 0, 0.81%, 0, 0, 11, 26.70, 1474876, 72, 0, 0
23414, 31, 45, 132, 0, 0, 0.81%, 0, 0, 11, 25.90, 1475008, 72, 0, 0
23419, 31, 45, 132, 0, 0, 0.81%, 0, 0, 11, 25.84, 1475138, 72, 0, 0
23424, 31, 45, 132, 0, 0, 0.81%, 0, 0, 11, 25.16, 1475269, 72, 0, 0
23429, 31, 45, 132, 0, 0, 0.81%, 0, 0, 11, 25.96, 1475400, 72, 0, 0
23434, 31, 45, 132, 0, 0, 0.81%, 0, 0, 11, 26.56, 1475533, 72, 0, 0
23439, 31, 13, 132, 0, 0, 0.81%, 0, 0, 11, 25.66, 1475660, 72, 0, 0
23444, 31, 13, 132, 0, 0, 0.81%, 0, 0, 11, 26.11, 1475792, 72, 0, 0
23450, 31, 35, 132, 0, 0, 0.81%, 0, 0, 11, 25.83, 1475924, 72, 0, 0
23455, 31, 35, 132, 0, 0, 0.81%, 0, 0, 11, 25.99, 1476060, 72, 0, 0
23460, 31, 92, 132, 0, 0, 0.81%, 0, 0, 11, 26.42, 1476195, 72, 0, 0
23465, 31, 92, 132, 0, 0, 0.81%, 0, 0, 11, 27.07, 1476332, 72, 0, 0
23470, 31, 92, 132, 0, 0, 0.81%, 0, 0, 11, 27.99, 1476471, 72, 0, 0
23475, 31, 92, 132, 0, 0, 0.81%, 0, 0, 11, 26.02, 1476598, 72, 0, 0
23480, 31, 92, 132, 0, 0, 0.81%, 0, 0, 11, 26.45, 1476733, 72, 0, 0
23485, 31, 94, 132, 0, 0, 0.81%, 0, 0, 11, 25.38, 1476984, 72, 0, 0
23490, 31, 94, 132, 0, 0, 0.81%, 0, 0, 11, 27.26, 1477136, 72, 0, 0
23496, 31, 94, 132, 0, 0, 0.81%, 0, 0, 11, 27.44, 1477313, 72, 0, 0
23501, 31, 94, 132, 0, 0, 0.81%, 0, 0, 11, 25.64, 1477441, 72, 0, 0
23506, 31, 52, 132, 0, 0, 0.81%, 0, 0, 11, 26.69, 1477726, 72, 0, 0
23511, 31, 52, 132, 0, 0, 0.81%, 0, 0, 11, 23.68, 1477881, 72, 0, 0
23516, 31, 18, 132, 0, 0, 0.81%, 0, 0, 11, 134.78, 1478075, 72, 0, 0
23521, 31, 55, 132, 0, 0, 0.81%, 0, 0, 11, 24.82, 1478304, 72, 0, 0
23526, 31, 16, 132, 0, 0, 0.81%, 0, 0, 11, 249.06, 1479003, 72, 0, 0
23531, 31, 14, 132, 0, 0, 0.81%, 0, 0, 11, 240.79, 1479983, 72, 0, 0
23537, 31, 47, 132, 0, 0, 0.81%, 0, 0, 11, 16.54, 1480625, 72, 0, 0
23542, 31, 47, 132, 0, 0, 0.81%, 0, 0, 11, 16.78, 1480976, 72, 0, 0
23547, 31, 36, 132, 0, 0, 0.81%, 0, 0, 11, 38.81, 1481263, 72, 0, 0
23552, 31, 14, 132, 0, 0, 0.81%, 0, 0, 11, 15.35, 1481667, 72, 0, 0
23557, 31, 86, 132, 0, 0, 0.81%, 0, 0, 11, 155.03, 1482050, 72, 0, 0
23562, 31, 47, 132, 0, 0, 0.81%, 0, 0, 11, 23.66, 1482467, 72, 0, 0
23567, 31, 47, 132, 0, 0, 0.81%, 0, 0, 11, 21.57, 1482569, 72, 0, 0
23572, 31, 34, 132, 0, 0, 0.81%, 0, 0, 11, 31.02, 1483103, 72, 0, 0
23577, 31, 51, 132, 0, 0, 0.81%, 0, 0, 11, 22.76, 1483432, 72, 0, 0
23583, 31, 6, 132, 0, 0, 0.81%, 0, 0, 11, 99.47, 1483825, 72, 0, 0
23588, 31, 36, 132, 0, 0, 0.81%, 0, 0, 11, 24.46, 1484403, 72, 0, 0
23593, 31, 99, 132, 0, 0, 0.81%, 0, 0, 11, 356.65, 1485217, 72, 0, 0
23598, 31, 94, 132, 0, 0, 0.81%, 0, 0, 11, 432.94, 1486482, 72, 0, 0
23603, 31, 94, 132, 0, 0, 0.81%, 0, 0, 11, 246.45, 1487053, 72, 0, 0
23608, 31, 94, 132, 0, 0, 0.81%, 0, 0, 11, 306.99, 1488296, 72, 0, 0
23613, 31, 57, 132, 0, 0, 0.81%, 0, 0, 11, 149.69, 1489118, 72, 0, 0
23619, 31, 38, 132, 0, 0, 0.81%, 0, 0, 11, 15.87, 1489315, 72, 0, 0
23624, 31, 14, 132, 0, 0, 0.81%, 0, 0, 11, 17.80, 1489451, 72, 0, 0
23629, 31, 32, 132, 0, 0, 0.81%, 0, 0, 11, 24.42, 1490415, 72, 0, 0
23634, 31, 124, 132, 0, 0, 0.81%, 0, 0, 11, 14.26, 1490652, 72, 0, 0
23639, 31, 23, 132, 0, 0, 0.81%, 0, 0, 11, 15.27, 1490733, 72, 0, 0
23644, 31, 23, 132, 0, 0, 0.81%, 0, 0, 11, 15.42, 1490813, 72, 0, 0
23650, 31, 23, 132, 0, 0, 0.81%, 0, 0, 11, 15.52, 1490892, 72, 0, 0
23655, 31, 23, 132, 0, 0, 0.81%, 0, 0, 11, 15.36, 1490969, 72, 0, 0
23660, 31, 35, 132, 0, 0, 0.81%, 0, 0, 11, 16.80, 1491058, 72, 0, 0
23665, 31, 35, 132, 0, 0, 0.81%, 0, 0, 11, 19.35, 1491161, 72, 0, 0
23670, 31, 35, 132, 0, 0, 0.81%, 0, 0, 11, 24.09, 1491288, 72, 0, 0
23675, 31, 2, 132, 0, 0, 0.81%, 0, 0, 11, 35.19, 1491460, 72, 0, 0
23680, 31, 21, 132, 0, 0, 0.81%, 0, 0, 11, 31.15, 1491834, 72, 0, 0
23686, 31, 21, 132, 0, 0, 0.81%, 0, 0, 11, 30.77, 1491983, 72, 0, 0
23691, 31, 126, 132, 0, 0, 0.81%, 0, 0, 11, 28.16, 1492129, 72, 0, 0
23696, 31, 126, 132, 0, 0, 0.81%, 0, 0, 11, 26.14, 1492365, 72, 0, 0
23701, 31, 126, 132, 0, 0, 0.81%, 0, 0, 11, 26.56, 1492587, 72, 0, 0
23706, 31, 11, 132, 0, 0, 0.81%, 0, 0, 11, 26.80, 1492723, 72, 0, 0
23711, 31, 51, 132, 0, 0, 0.81%, 0, 0, 11, 25.65, 1492904, 72, 0, 0
23716, 31, 98, 132, 0, 0, 0.81%, 0, 0, 11, 25.02, 1493091, 72, 0, 0
23721, 31, 51, 132, 0, 0, 0.81%, 0, 0, 11, 25.00, 1493216, 72, 0, 0
23726, 31, 51, 132, 0, 0, 0.81%, 0, 0, 11, 26.30, 1493353, 72, 0, 0
23732, 31, 55, 132, 0, 0, 0.81%, 0, 0, 11, 24.93, 1493480, 72, 0, 0
23737, 31, 52, 132, 0, 0, 0.81%, 0, 0, 11, 25.14, 1493607, 72, 0, 0
23742, 31, 52, 132, 0, 0, 0.81%, 0, 0, 11, 25.15, 1493738, 72, 0, 0
23747, 31, 52, 132, 0, 0, 0.81%, 0, 0, 11, 26.06, 1493871, 72, 0, 0
23752, 31, 10, 132, 0, 0, 0.81%, 0, 0, 11, 25.91, 1494002, 72, 0, 0
23757, 31, 10, 132, 0, 0, 0.81%, 0, 0, 11, 30.20, 1494199, 72, 0, 0
23762, 31, 47, 132, 0, 0, 0.81%, 0, 0, 11, 28.19, 1494351, 72, 0, 0
23768, 31, 47, 132, 0, 0, 0.81%, 0, 0, 11, 27.89, 1494534, 72, 0, 0
23773, 31, 47, 132, 0, 0, 0.81%, 0, 0, 11, 25.96, 1494754, 72, 0, 0
23778, 31, 45, 132, 0, 0, 0.81%, 0, 0, 11, 25.70, 1495115, 72, 0, 0
23783, 31, 45, 132, 0, 0, 0.81%, 0, 0, 11, 25.73, 1495248, 72, 0, 0
23788, 31, 36, 132, 0, 0, 0.81%, 0, 0, 11, 18.89, 1495700, 72, 0, 0
23793, 31, 57, 132, 0, 0, 0.81%, 0, 0, 11, 22.59, 1495861, 72, 0, 0
23799, 31, 57, 132, 0, 0, 0.81%, 0, 0, 11, 24.78, 1495994, 72, 0, 0
23804, 31, 57, 132, 0, 0, 0.81%, 0, 0, 11, 26.24, 1496132, 72, 0, 0
23809, 31, 57, 132, 0, 0, 0.81%, 0, 0, 11, 27.14, 1496270, 72, 0, 0
23814, 31, 121, 132, 0, 0, 0.81%, 0, 0, 11, 26.96, 1496412, 72, 0, 0
23819, 31, 121, 132, 0, 0, 0.81%, 0, 0, 11, 26.29, 1496543, 72, 0, 0
23824, 31, 121, 132, 0, 0, 0.81%, 0, 0, 11, 25.73, 1496676, 72, 0, 0
23829, 31, 121, 132, 0, 0, 0.81%, 0, 0, 11, 26.61, 1496812, 72, 0, 0
23834, 31, 121, 132, 0, 0, 0.81%, 0, 0, 11, 27.99, 1496950, 72, 0, 0
23839, 31, 121, 132, 0, 0, 0.81%, 0, 0, 11, 26.00, 1497083, 72, 0, 0
23845, 31, 121, 132, 0, 0, 0.81%, 0, 0, 11, 25.04, 1497212, 72, 0, 0
23850, 31, 121, 132, 0, 0, 0.81%, 0, 0, 11, 25.41, 1497344, 72, 0, 0
23855, 31, 121, 132, 0, 0, 0.81%, 0, 0, 11, 26.51, 1497482, 72, 0, 0
23860, 31, 121, 132, 0, 0, 0.81%, 0, 0, 11, 26.30, 1497614, 72, 0, 0
23865, 31, 58, 132, 0, 0, 0.81%, 0, 0, 11, 26.69, 1497754, 72, 0, 0
23870, 31, 58, 132, 0, 0, 0.81%, 0, 0, 11, 27.01, 1497891, 72, 0, 0
23875, 31, 58, 132, 0, 0, 0.81%, 0, 0, 11, 26.68, 1498024, 72, 0, 0
23880, 31, 58, 132, 0, 0, 0.81%, 0, 0, 11, 27.05, 1498265, 72, 0, 0
23885, 31, 45, 132, 0, 0, 0.81%, 0, 0, 11, 25.79, 1498395, 72, 0, 0
23891, 31, 45, 132, 0, 0, 0.81%, 0, 0, 11, 25.80, 1498529, 72, 0, 0
23896, 31, 45, 132, 0, 0, 0.81%, 0, 0, 11, 26.47, 1498665, 72, 0, 0
23901, 31, 45, 132, 0, 0, 0.81%, 0, 0, 11, 26.39, 1498800, 72, 0, 0
23906, 31, 45, 132, 0, 0, 0.81%, 0, 0, 11, 25.92, 1498931, 72, 0, 0
23911, 31, 52, 132, 0, 0, 0.81%, 0, 0, 11, 25.56, 1499060, 72, 0, 0
23916, 31, 52, 132, 0, 0, 0.81%, 0, 0, 11, 26.07, 1499192, 72, 0, 0
23921, 31, 51, 132, 0, 0, 0.81%, 0, 0, 11, 25.82, 1499321, 72, 0, 0
23926, 31, 51, 132, 0, 0, 0.81%, 0, 0, 11, 26.47, 1499495, 72, 0, 0
23931, 31, 47, 132, 0, 0, 0.81%, 0, 0, 11, 25.71, 1499629, 72, 0, 0
23937, 31, 47, 132, 0, 0, 0.81%, 0, 0, 11, 25.56, 1499761, 72, 0, 0
23942, 31, 47, 132, 0, 0, 0.81%, 0, 0, 11, 26.47, 1499895, 72, 0, 0
23947, 31, 47, 132, 0, 0, 0.81%, 0, 0, 11, 25.98, 1500027, 72, 0, 0
23952, 31, 98, 132, 0, 0, 0.81%, 0, 0, 11, 25.78, 1500154, 72, 0, 0
23957, 31, 89, 132, 0, 0, 0.81%, 0, 0, 11, 25.14, 1500282, 72, 0, 0
23962, 31, 89, 132, 0, 0, 0.81%, 0, 0, 11, 25.26, 1500412, 72, 0, 0
23967, 31, 89, 132, 0, 0, 0.81%, 0, 0, 11, 25.41, 1500542, 72, 0, 0
23972, 31, 89, 132, 0, 0, 0.81%, 0, 0, 11, 25.17, 1500672, 72, 0, 0
23977, 31, 89, 132, 0, 0, 0.81%, 0, 0, 11, 25.47, 1500800, 72, 0, 0
23983, 31, 2, 132, 0, 0, 0.81%, 0, 0, 11, 26.30, 1500938, 72, 0, 0
23988, 31, 2, 132, 0, 0, 0.81%, 0, 0, 11, 26.52, 1501073, 72, 0, 0
23993, 32, 51, 132, 0, 0, 0.81%, 0, 0, 11, 26.26, 1501208, 72, 0, 0
23998, 32, 51, 132, 0, 0, 0.81%, 0, 0, 11, 25.48, 1501336, 72, 0, 0
24003, 32, 51, 132, 0, 0, 0.81%, 0, 0, 11, 25.91, 1501471, 72, 0, 0
24008, 32, 94, 132, 0, 0, 0.81%, 0, 0, 11, 25.26, 1501598, 72, 0, 0
24013, 32, 94, 132, 0, 0, 0.81%, 0, 0, 11, 25.06, 1501726, 72, 0, 0
24018, 32, 94, 132, 0, 0, 0.81%, 0, 0, 11, 25.81, 1501859, 72, 0, 0
24023, 32, 94, 132, 0, 0, 0.81%, 0, 0, 11, 26.34, 1501992, 72, 0, 0
24029, 32, 94, 132, 0, 0, 0.81%, 0, 0, 11, 26.22, 1502124, 72, 0, 0
24034, 32, 94, 132, 0, 0, 0.81%, 0, 0, 11, 26.31, 1502256, 72, 0, 0
24039, 32, 94, 132, 0, 0, 0.81%, 0, 0, 11, 25.45, 1502383, 72, 0, 0
24044, 32, 99, 132, 0, 0, 0.81%, 0, 0, 11, 25.25, 1502509, 72, 0, 0
24049, 32, 99, 132, 0, 0, 0.81%, 0, 0, 11, 25.42, 1502643, 72, 0, 0
24054, 32, 99, 132, 0, 0, 0.81%, 0, 0, 11, 25.54, 1502774, 72, 0, 0
24059, 32, 99, 132, 0, 0, 0.81%, 0, 0, 11, 26.50, 1502908, 72, 0, 0
24064, 32, 34, 132, 0, 0, 0.81%, 0, 0, 11, 17.50, 1503363, 72, 0, 0
24069, 32, 13, 132, 0, 0, 0.81%, 0, 0, 11, 23.99, 1503494, 72, 0, 0
24074, 32, 13, 132, 0, 0, 0.81%, 0, 0, 11, 26.48, 1503633, 72, 0, 0
24079, 32, 17, 132, 0, 0, 0.81%, 0, 0, 11, 27.47, 1503766, 72, 0, 0
24084, 32, 17, 132, 0, 0, 0.81%, 0, 0, 11, 26.79, 1503904, 72, 0, 0
24090, 32, 20, 132, 0, 0, 0.81%, 0, 0, 11, 25.38, 1504033, 72, 0, 0
24095, 32, 14, 132, 0, 0, 0.81%, 0, 0, 11, 27.62, 1504173, 72, 0, 0
24100, 32, 14, 132, 0, 0, 0.81%, 0, 0, 11, 25.72, 1504302, 72, 0, 0
24105, 32, 116, 132, 0, 0, 0.81%, 0, 0, 11, 25.54, 1504435, 72, 0, 0
24110, 32, 116, 132, 0, 0, 0.81%, 0, 0, 11, 28.81, 1504594, 72, 0, 0
24115, 32, 111, 132, 0, 0, 0.81%, 0, 0, 11, 26.65, 1504726, 72, 0, 0
24120, 32, 111, 132, 0, 0, 0.81%, 0, 0, 11, 25.85, 1504855, 72, 0, 0
24126, 32, 111, 132, 0, 0, 0.81%, 0, 0, 11, 26.21, 1504993, 72, 0, 0
24131, 32, 111, 132, 0, 0, 0.81%, 0, 0, 11, 25.87, 1505124, 72, 0, 0
24136, 32, 111, 132, 0, 0, 0.81%, 0, 0, 11, 25.64, 1505254, 72, 0, 0
24141, 32, 111, 132, 0, 0, 0.81%, 0, 0, 11, 28.07, 1505430, 72, 0, 0
24146, 32, 111, 132, 0, 0, 0.81%, 0, 0, 11, 26.69, 1505564, 72, 0, 0
24151, 32, 111, 132, 0, 0, 0.81%, 0, 0, 11, 24.60, 1505832, 72, 0, 0
24156, 32, 111, 132, 0, 0, 0.81%, 0, 0, 11, 25.09, 1505960, 72, 0, 0
24161, 32, 111, 132, 0, 0, 0.81%, 0, 0, 11, 25.64, 1506090, 72, 0, 0
24167, 32, 111, 132, 0, 0, 0.81%, 0, 0, 11, 25.98, 1506223, 72, 0, 0
24172, 32, 111, 132, 0, 0, 0.81%, 0, 0, 11, 25.81, 1506355, 72, 0, 0
24177, 32, 111, 132, 0, 0, 0.81%, 0, 0, 11, 25.82, 1506487, 72, 0, 0
24182, 32, 111, 132, 0, 0, 0.81%, 0, 0, 11, 27.04, 1506629, 72, 0, 0
24187, 32, 111, 132, 0, 0, 0.81%, 0, 0, 11, 26.19, 1506802, 72, 0, 0
24192, 32, 111, 132, 0, 0, 0.81%, 0, 0, 11, 27.87, 1506948, 72, 0, 0
24197, 32, 111, 132, 0, 0, 0.81%, 0, 0, 11, 25.92, 1507074, 72, 0, 0
24202, 32, 111, 132, 0, 0, 0.81%, 0, 0, 11, 25.00, 1507199, 72, 0, 0
24207, 32, 111, 132, 0, 0, 0.81%, 0, 0, 11, 25.03, 1507326, 72, 0, 0
24213, 32, 94, 132, 0, 0, 0.81%, 0, 0, 11, 26.47, 1507468, 72, 0, 0
24218, 32, 94, 132, 0, 0, 0.81%, 0, 0, 11, 24.78, 1507728, 72, 0, 0
24223, 32, 94, 132, 0, 0, 0.81%, 0, 0, 11, 24.20, 1507848, 72, 0, 0
24228, 32, 94, 132, 0, 0, 0.81%, 0, 0, 11, 27.83, 1508031, 72, 0, 0
24233, 32, 94, 132, 0, 0, 0.81%, 0, 0, 11, 26.34, 1508168, 72, 0, 0
24238, 32, 98, 132, 0, 0, 0.81%, 0, 0, 11, 27.32, 1508306, 72, 0, 0
24243, 32, 40, 132, 0, 0, 0.81%, 0, 0, 11, 25.99, 1508438, 72, 0, 0
24248, 32, 40, 132, 0, 0, 0.81%, 0, 0, 11, 26.84, 1508584, 72, 0, 0
24253, 32, 40, 132, 0, 0, 0.81%, 0, 0, 11, 26.74, 1508720, 72, 0, 0
24258, 32, 40, 132, 0, 0, 0.81%, 0, 0, 11, 25.21, 1508847, 72, 0, 0
24263, 32, 45, 132, 0, 0, 0.81%, 0, 0, 11, 24.46, 1509038, 72, 0, 0
24269, 32, 45, 132, 0, 0, 0.81%, 0, 0, 11, 24.90, 1509168, 72, 0, 0
24274, 32, 45, 132, 0, 0, 0.81%, 0, 0, 11, 26.80, 1509310, 72, 0, 0
24279, 32, 45, 132, 0, 0, 0.81%, 0, 0, 11, 29.80, 1509511, 72, 0, 0
24284, 32, 16, 132, 0, 0, 0.81%, 0, 0, 11, 24.82, 1509679, 72, 0, 0
24289, 32, 16, 132, 0, 0, 0.81%, 0, 0, 11, 25.81, 1509811, 72, 0, 0
24294, 32, 18, 132, 0, 0, 0.81%, 0, 0, 11, 26.95, 1509954, 72, 0, 0
24299, 32, 18, 132, 0, 0, 0.81%, 0, 0, 11, 26.01, 1510085, 72, 0, 0
24305, 32, 111, 132, 0, 0, 0.81%, 0, 0, 11, 27.04, 1510231, 72, 0, 0
24310, 32, 111, 132, 0, 0, 0.81%, 0, 0, 11, 26.05, 1510360, 72, 0, 0
24315, 32, 111, 132, 0, 0, 0.81%, 0, 0, 11, 25.13, 1510486, 72, 0, 0
24320, 32, 111, 132, 0, 0, 0.81%, 0, 0, 11, 25.47, 1510619, 72, 0, 0
24325, 32, 111, 132, 0, 0, 0.81%, 0, 0, 11, 26.26, 1510757, 72, 0, 0
24330, 32, 111, 132, 0, 0, 0.81%, 0, 0, 11, 26.02, 1510889, 72, 0, 0
24335, 32, 111, 132, 0, 0, 0.81%, 0, 0, 11, 24.40, 1511012, 72, 0, 0
24340, 32, 111, 132, 0, 0, 0.81%, 0, 0, 11, 25.78, 1511140, 72, 0, 0
24345, 32, 111, 132, 0, 0, 0.81%, 0, 0, 11, 26.39, 1511275, 72, 0, 0
24350, 32, 111, 132, 0, 0, 0.81%, 0, 0, 11, 26.98, 1511413, 72, 0, 0
24355, 32, 111, 132, 0, 0, 0.81%, 0, 0, 11, 25.76, 1511541, 72, 0, 0
24361, 32, 7, 132, 0, 0, 0.81%, 0, 0, 11, 25.89, 1511676, 72, 0, 0
24366, 32, 7, 132, 0, 0, 0.81%, 0, 0, 11, 25.45, 1511805, 72, 0, 0
24371, 32, 73, 132, 0, 0, 0.81%, 0, 0, 11, 25.55, 1511932, 72, 0, 0
24376, 32, 57, 132, 0, 0, 0.81%, 0, 0, 11, 25.75, 1512065, 72, 0, 0
24381, 32, 57, 132, 0, 0, 0.81%, 0, 0, 11, 25.08, 1512196, 72, 0, 0
24386, 32, 57, 132, 0, 0, 0.81%, 0, 0, 11, 25.35, 1512326, 72, 0, 0
24392, 32, 57, 132, 0, 0, 0.81%, 0, 0, 11, 25.37, 1512458, 72, 0, 0
24397, 32, 57, 132, 0, 0, 0.81%, 0, 0, 11, 25.72, 1512592, 72, 0, 0
24402, 32, 61, 132, 0, 0, 0.81%, 0, 0, 11, 25.14, 1512722, 72, 0, 0
24407, 32, 61, 132, 0, 0, 0.81%, 0, 0, 11, 28.16, 1512864, 72, 0, 0
24412, 32, 61, 132, 0, 0, 0.81%, 0, 0, 11, 257.26, 1513060, 72, 0, 0
24417, 32, 61, 132, 0, 0, 0.81%, 0, 0, 11, 27.52, 1513264, 72, 0, 0
24422, 32, 14, 132, 0, 0, 0.81%, 0, 0, 11, 25.41, 1513390, 72, 0, 0
24428, 32, 14, 132, 0, 0, 0.81%, 0, 0, 11, 25.28, 1513519, 72, 0, 0
24433, 32, 98, 132, 0, 0, 0.81%, 0, 0, 11, 25.41, 1513649, 72, 0, 0
24438, 32, 9, 132, 0, 0, 0.81%, 0, 0, 11, 25.17, 1513778, 72, 0, 0
24443, 32, 9, 132, 0, 0, 0.81%, 0, 0, 11, 25.20, 1513907, 72, 0, 0
24448, 32, 9, 132, 0, 0, 0.81%, 0, 0, 11, 25.55, 1514038, 72, 0, 0
24453, 32, 9, 132, 0, 0, 0.81%, 0, 0, 11, 25.49, 1514167, 72, 0, 0
24458, 32, 111, 132, 0, 0, 0.81%, 0, 0, 11, 28.41, 1514309, 72, 0, 0
24463, 32, 111, 132, 0, 0, 0.81%, 0, 0, 11, 28.36, 1514453, 72, 0, 0
24468, 32, 111, 132, 0, 0, 0.81%, 0, 0, 11, 28.79, 1514594, 72, 0, 0
24474, 32, 111, 132, 0, 0, 0.81%, 0, 0, 11, 27.71, 1514736, 72, 0, 0
24479, 32, 111, 132, 0, 0, 0.81%, 0, 0, 11, 26.07, 1514866, 72, 0, 0
24484, 32, 111, 132, 0, 0, 0.81%, 0, 0, 11, 26.04, 1515003, 72, 0, 0
24489, 32, 111, 132, 0, 0, 0.81%, 0, 0, 11, 26.34, 1515139, 72, 0, 0
24494, 32, 111, 132, 0, 0, 0.81%, 0, 0, 11, 24.27, 1515297, 72, 0, 0
24499, 32, 111, 132, 0, 0, 0.81%, 0, 0, 11, 25.66, 1515431, 72, 0, 0
24504, 32, 111, 132, 0, 0, 0.81%, 0, 0, 11, 29.49, 1515581, 72, 0, 0
24509, 32, 13, 132, 0, 0, 0.81%, 0, 0, 11, 26.81, 1515712, 72, 0, 0
24515, 32, 13, 132, 0, 0, 0.81%, 0, 0, 11, 26.49, 1515847, 72, 0, 0
24520, 32, 20, 132, 0, 0, 0.81%, 0, 0, 11, 25.69, 1515976, 72, 0, 0
24525, 32, 27, 132, 0, 0, 0.81%, 0, 0, 11, 29.51, 1516145, 72, 0, 0
24530, 32, 52, 132, 0, 0, 0.81%, 0, 0, 11, 25.84, 1516380, 72, 0, 0
24535, 32, 52, 132, 0, 0, 0.81%, 0, 0, 11, 26.85, 1516521, 72, 0, 0
24540, 32, 26, 132, 0, 0, 0.81%, 0, 0, 11, 35.02, 1516720, 72, 0, 0
24545, 32, 26, 132, 0, 0, 0.81%, 0, 0, 11, 34.06, 1516913, 72, 0, 0
24550, 32, 47, 132, 0, 0, 0.81%, 0, 0, 11, 27.03, 1517041, 72, 0, 0
24556, 32, 47, 132, 0, 0, 0.81%, 0, 0, 11, 25.04, 1517166, 72, 0, 0
24561, 32, 47, 132, 0, 0, 0.81%, 0, 0, 11, 25.55, 1517297, 72, 0, 0
24566, 32, 47, 132, 0, 0, 0.81%, 0, 0, 11, 25.37, 1517426, 72, 0, 0
24571, 32, 98, 132, 0, 0, 0.81%, 0, 0, 11, 25.62, 1517556, 72, 0, 0
24576, 32, 2, 132, 0, 0, 0.81%, 0, 0, 11, 25.48, 1517682, 72, 0, 0
24581, 32, 2, 132, 0, 0, 0.81%, 0, 0, 11, 25.27, 1517813, 72, 0, 0
24586, 32, 2, 132, 0, 0, 0.81%, 0, 0, 11, 25.04, 1517941, 72, 0, 0
24591, 32, 35, 132, 0, 0, 0.81%, 0, 0, 11, 25.82, 1518077, 72, 0, 0
24597, 32, 11, 132, 0, 0, 0.81%, 0, 0, 11, 25.18, 1518255, 72, 0, 0
24602, 32, 45, 132, 0, 0, 0.81%, 0, 0, 11, 28.26, 1518411, 72, 0, 0
24607, 32, 45, 132, 0, 0, 0.81%, 0, 0, 11, 26.54, 1518542, 72, 0, 0
24612, 32, 45, 132, 0, 0, 0.81%, 0, 0, 11, 25.37, 1518674, 72, 0, 0
24617, 32, 45, 132, 0, 0, 0.81%, 0, 0, 11, 27.73, 1518811, 72, 0, 0
24622, 32, 34, 132, 0, 0, 0.81%, 0, 0, 11, 26.51, 1518952, 72, 0, 0
24627, 32, 34, 132, 0, 0, 0.81%, 0, 0, 11, 26.11, 1519143, 72, 0, 0
24633, 32, 34, 132, 0, 0, 0.81%, 0, 0, 11, 25.58, 1519276, 72, 0, 0
24638, 32, 34, 132, 0, 0, 0.81%, 0, 0, 11, 25.27, 1519407, 72, 0, 0
24643, 32, 45, 132, 0, 0, 0.81%, 0, 0, 11, 25.01, 1519586, 72, 0, 0
24648, 32, 45, 132, 0, 0, 0.81%, 0, 0, 11, 25.74, 1519821, 72, 0, 0
24653, 32, 45, 132, 0, 0, 0.81%, 0, 0, 11, 26.48, 1519956, 72, 0, 0
24658, 32, 45, 132, 0, 0, 0.81%, 0, 0, 11, 25.47, 1520090, 72, 0, 0
24664, 32, 36, 132, 0, 0, 0.81%, 0, 0, 11, 25.60, 1520224, 72, 0, 0
24669, 32, 36, 132, 0, 0, 0.81%, 0, 0, 11, 25.45, 1520355, 72, 0, 0
24674, 32, 7, 132, 0, 0, 0.81%, 0, 0, 11, 23.41, 1520544, 72, 0, 0
24679, 32, 7, 132, 0, 0, 0.81%, 0, 0, 11, 25.90, 1520710, 72, 0, 0
24684, 32, 61, 132, 0, 0, 0.81%, 0, 0, 11, 25.59, 1520842, 72, 0, 0
24689, 32, 61, 132, 0, 0, 0.81%, 0, 0, 11, 25.63, 1520977, 72, 0, 0
24694, 32, 61, 132, 0, 0, 0.81%, 0, 0, 11, 25.28, 1521103, 72, 0, 0
24699, 32, 61, 132, 0, 0, 0.81%, 0, 0, 11, 26.15, 1521234, 72, 0, 0
24705, 32, 61, 132, 0, 0, 0.81%, 0, 0, 11, 26.15, 1521371, 72, 0, 0
24710, 32, 16, 132, 0, 0, 0.81%, 0, 0, 11, 25.68, 1521498, 72, 0, 0
24715, 32, 16, 132, 0, 0, 0.81%, 0, 0, 11, 25.12, 1521627, 72, 0, 0
24720, 32, 13, 132, 0, 0, 0.81%, 0, 0, 11, 26.30, 1521760, 72, 0, 0
24725, 32, 13, 132, 0, 0, 0.81%, 0, 0, 11, 26.28, 1521893, 72, 0, 0
24730, 32, 111, 132, 0, 0, 0.81%, 0, 0, 11, 26.87, 1522025, 72, 0, 0
24735, 32, 111, 132, 0, 0, 0.81%, 0, 0, 11, 25.49, 1522155, 72, 0, 0
24740, 32, 111, 132, 0, 0, 0.81%, 0, 0, 11, 25.58, 1522284, 72, 0, 0
24745, 32, 111, 132, 0, 0, 0.81%, 0, 0, 11, 23.03, 1522554, 72, 0, 0
24750, 32, 111, 132, 0, 0, 0.81%, 0, 0, 11, 29.77, 1522833, 72, 0, 0
24755, 32, 111, 132, 0, 0, 0.81%, 0, 0, 11, 26.79, 1522959, 72, 0, 0
24761, 32, 111, 132, 0, 0, 0.81%, 0, 0, 11, 26.23, 1523094, 72, 0, 0
24766, 32, 111, 132, 0, 0, 0.81%, 0, 0, 11, 25.49, 1523222, 72, 0, 0
24771, 32, 100, 132, 0, 0, 0.81%, 0, 0, 11, 26.69, 1523358, 72, 0, 0
24776, 32, 100, 132, 0, 0, 0.81%, 0, 0, 11, 25.29, 1523644, 72, 0, 0
24781, 32, 100, 132, 0, 0, 0.81%, 0, 0, 11, 25.58, 1523775, 72, 0, 0
24786, 32, 19, 132, 0, 0, 0.81%, 0, 0, 11, 27.35, 1524013, 72, 0, 0
24791, 32, 19, 132, 0, 0, 0.81%, 0, 0, 11, 26.43, 1524148, 72, 0, 0
24796, 32, 19, 132, 0, 0, 0.81%, 0, 0, 11, 26.07, 1524280, 72, 0, 0
24801, 32, 45, 132, 0, 0, 0.81%, 0, 0, 11, 26.51, 1524416, 72, 0, 0
24807, 32, 45, 132, 0, 0, 0.81%, 0, 0, 11, 26.04, 1524547, 72, 0, 0
24812, 32, 45, 132, 0, 0, 0.81%, 0, 0, 11, 24.58, 1524795, 72, 0, 0
24817, 32, 35, 132, 0, 0, 0.81%, 0, 0, 11, 24.78, 1524926, 72, 0, 0
24822, 32, 35, 132, 0, 0, 0.81%, 0, 0, 11, 25.36, 1525056, 72, 0, 0
24827, 32, 35, 132, 0, 0, 0.81%, 0, 0, 11, 24.93, 1525185, 72, 0, 0
24833, 32, 38, 132, 0, 0, 0.81%, 0, 0, 11, 28.44, 1525338, 72, 0, 0
24838, 32, 21, 132, 0, 0, 0.81%, 0, 0, 11, 26.95, 1525476, 72, 0, 0
24843, 32, 21, 132, 0, 0, 0.81%, 0, 0, 11, 26.60, 1525643, 72, 0, 0
24848, 32, 61, 132, 0, 0, 0.81%, 0, 0, 11, 26.15, 1525773, 72, 0, 0
24853, 32, 61, 132, 0, 0, 0.81%, 0, 0, 11, 26.20, 1525905, 72, 0, 0
24858, 32, 61, 132, 0, 0, 0.81%, 0, 0, 11, 26.13, 1526037, 72, 0, 0
24863, 32, 61, 132, 0, 0, 0.81%, 0, 0, 11, 26.32, 1526172, 72, 0, 0
24868, 32, 47, 132, 0, 0, 0.81%, 0, 0, 11, 26.35, 1526305, 72, 0, 0
24873, 32, 47, 132, 0, 0, 0.81%, 0, 0, 11, 25.56, 1526437, 72, 0, 0
24878, 32, 47, 132, 0, 0, 0.81%, 0, 0, 11, 25.62, 1526566, 72, 0, 0
24884, 32, 47, 132, 0, 0, 0.81%, 0, 0, 11, 25.59, 1526698, 72, 0, 0
24889, 32, 47, 132, 0, 0, 0.81%, 0, 0, 11, 25.74, 1526833, 72, 0, 0
24894, 32, 94, 132, 0, 0, 0.81%, 0, 0, 11, 25.03, 1526960, 72, 0, 0
24899, 32, 94, 132, 0, 0, 0.81%, 0, 0, 11, 27.00, 1527098, 72, 0, 0
24904, 32, 94, 132, 0, 0, 0.81%, 0, 0, 11, 25.36, 1527224, 72, 0, 0
24909, 32, 94, 132, 0, 0, 0.81%, 0, 0, 11, 25.20, 1527353, 72, 0, 0
24914, 32, 94, 132, 0, 0, 0.81%, 0, 0, 11, 26.56, 1527491, 72, 0, 0
24920, 32, 94, 132, 0, 0, 0.81%, 0, 0, 11, 28.82, 1527683, 72, 0, 0
24925, 32, 52, 132, 0, 0, 0.81%, 0, 0, 11, 27.02, 1527815, 72, 0, 0
24930, 32, 52, 132, 0, 0, 0.81%, 0, 0, 11, 26.26, 1527948, 72, 0, 0
24935, 32, 47, 132, 0, 0, 0.81%, 0, 0, 11, 25.14, 1528072, 72, 0, 0
24940, 32, 47, 132, 0, 0, 0.81%, 0, 0, 11, 25.44, 1528204, 72, 0, 0
24945, 32, 47, 132, 0, 0, 0.81%, 0, 0, 11, 25.43, 1528331, 72, 0, 0
24950, 32, 47, 132, 0, 0, 0.81%, 0, 0, 11, 25.21, 1528460, 72, 0, 0
24955, 32, 47, 132, 0, 0, 0.81%, 0, 0, 11, 26.64, 1528598, 72, 0, 0
24960, 32, 10, 132, 0, 0, 0.81%, 0, 0, 11, 25.38, 1528728, 72, 0, 0
24966, 32, 10, 132, 0, 0, 0.81%, 0, 0, 11, 26.38, 1528864, 72, 0, 0
24971, 32, 122, 132, 0, 0, 0.81%, 0, 0, 11, 27.59, 1529006, 72, 0, 0
24976, 32, 122, 132, 0, 0, 0.81%, 0, 0, 11, 28.26, 1529149, 72, 0, 0
24981, 32, 122, 132, 0, 0, 0.81%, 0, 0, 11, 26.21, 1529276, 72, 0, 0
24986, 32, 122, 132, 0, 0, 0.81%, 0, 0, 11, 25.20, 1529399, 72, 0, 0
24991, 32, 122, 132, 0, 0, 0.81%, 0, 0, 11, 25.60, 1529530, 72, 0, 0
24996, 32, 122, 132, 0, 0, 0.81%, 0, 0, 11, 25.81, 1529665, 72, 0, 0
25001, 32, 122, 132, 0, 0, 0.81%, 0, 0, 11, 25.27, 1529794, 72, 0, 0
25006, 32, 122, 132, 0, 0, 0.81%, 0, 0, 11, 25.87, 1529929, 72, 0, 0
25012, 32, 122, 132, 0, 0, 0.81%, 0, 0, 11, 27.13, 1530073, 72, 0, 0
25017, 32, 122, 132, 0, 0, 0.81%, 0, 0, 11, 26.07, 1530206, 72, 0, 0
25022, 32, 99, 132, 0, 0, 0.81%, 0, 0, 11, 25.95, 1530339, 72, 0, 0
25027, 32, 99, 132, 0, 0, 0.81%, 0, 0, 11, 25.32, 1530469, 72, 0, 0
25032, 32, 99, 132, 0, 0, 0.81%, 0, 0, 11, 26.33, 1530687, 72, 0, 0
25037, 32, 99, 132, 0, 0, 0.81%, 0, 0, 11, 26.38, 1530822, 72, 0, 0
25042, 32, 58, 132, 0, 0, 0.81%, 0, 0, 11, 26.14, 1530951, 72, 0, 0
25047, 32, 58, 132, 0, 0, 0.81%, 0, 0, 11, 26.38, 1531085, 72, 0, 0
25052, 32, 58, 132, 0, 0, 0.81%, 0, 0, 11, 145.00, 1531248, 72, 0, 0
25058, 32, 58, 132, 0, 0, 0.81%, 0, 0, 11, 25.91, 1531416, 72, 0, 0
25063, 32, 51, 132, 0, 0, 0.81%, 0, 0, 11, 26.52, 1531553, 72, 0, 0
25068, 32, 51, 132, 0, 0, 0.81%, 0, 0, 11, 26.73, 1531686, 72, 0, 0
25073, 32, 13, 132, 0, 0, 0.81%, 0, 0, 11, 27.02, 1531824, 72, 0, 0
25078, 32, 13, 132, 0, 0, 0.81%, 0, 0, 11, 26.28, 1531959, 72, 0, 0
25083, 32, 13, 132, 0, 0, 0.81%, 0, 0, 11, 25.67, 1532088, 72, 0, 0
25088, 32, 9, 132, 0, 0, 0.81%, 0, 0, 11, 25.60, 1532217, 72, 0, 0
25093, 32, 9, 132, 0, 0, 0.81%, 0, 0, 11, 26.06, 1532349, 72, 0, 0
25098, 32, 45, 132, 0, 0, 0.81%, 0, 0, 11, 26.41, 1532482, 72, 0, 0
25103, 32, 45, 132, 0, 0, 0.81%, 0, 0, 11, 26.27, 1532616, 72, 0, 0
25108, 32, 45, 132, 0, 0, 0.81%, 0, 0, 11, 25.96, 1532745, 72, 0, 0
25114, 32, 45, 132, 0, 0, 0.81%, 0, 0, 11, 26.63, 1532884, 72, 0, 0
25119, 32, 61, 132, 0, 0, 0.81%, 0, 0, 11, 25.94, 1533017, 72, 0, 0
25124, 32, 61, 132, 0, 0, 0.81%, 0, 0, 11, 24.18, 1533135, 72, 0, 0
25129, 32, 61, 132, 0, 0, 0.81%, 0, 0, 11, 28.51, 1533402, 72, 0, 0
25134, 32, 35, 132, 0, 0, 0.81%, 0, 0, 11, 31.55, 1533710, 72, 0, 0
25139, 32, 35, 132, 0, 0, 0.81%, 0, 0, 11, 29.40, 1533855, 72, 0, 0
25144, 32, 58, 132, 0, 0, 0.81%, 0, 0, 11, 26.44, 1533983, 72, 0, 0
25149, 32, 58, 132, 0, 0, 0.81%, 0, 0, 11, 24.70, 1534107, 72, 0, 0
25155, 32, 58, 132, 0, 0, 0.81%, 0, 0, 11, 24.76, 1534237, 72, 0, 0
25160, 32, 58, 132, 0, 0, 0.81%, 0, 0, 11, 25.46, 1534365, 72, 0, 0
25165, 32, 58, 132, 0, 0, 0.81%, 0, 0, 11, 25.78, 1534495, 72, 0, 0
25170, 32, 52, 132, 0, 0, 0.81%, 0, 0, 11, 25.55, 1534628, 72, 0, 0
25175, 32, 52, 132, 0, 0, 0.81%, 0, 0, 11, 24.76, 1534754, 72, 0, 0
25180, 32, 35, 132, 0, 0, 0.81%, 0, 0, 11, 25.77, 1534888, 72, 0, 0
25185, 32, 35, 132, 0, 0, 0.81%, 0, 0, 11, 25.81, 1535020, 72, 0, 0
25190, 32, 35, 132, 0, 0, 0.81%, 0, 0, 11, 25.76, 1535151, 72, 0, 0
25196, 32, 23, 132, 0, 0, 0.81%, 0, 0, 11, 25.71, 1535284, 72, 0, 0
25201, 32, 23, 132, 0, 0, 0.81%, 0, 0, 11, 25.99, 1535420, 72, 0, 0
25206, 32, 34, 132, 0, 0, 0.81%, 0, 0, 11, 26.02, 1535556, 72, 0, 0
25211, 32, 34, 132, 0, 0, 0.81%, 0, 0, 11, 26.01, 1535689, 72, 0, 0
25216, 32, 32, 132, 0, 0, 0.81%, 0, 0, 11, 26.14, 1535825, 72, 0, 0
25221, 32, 32, 132, 0, 0, 0.81%, 0, 0, 11, 25.74, 1535956, 72, 0, 0
25227, 32, 32, 132, 0, 0, 0.81%, 0, 0, 11, 26.09, 1536092, 72, 0, 0
25232, 32, 57, 132, 0, 0, 0.81%, 0, 0, 11, 25.06, 1536218, 72, 0, 0
25237, 32, 57, 132, 0, 0, 0.81%, 0, 0, 11, 25.54, 1536346, 72, 0, 0
25242, 32, 57, 132, 0, 0, 0.81%, 0, 0, 11, 26.00, 1536477, 72, 0, 0
25247, 32, 57, 132, 0, 0, 0.81%, 0, 0, 11, 26.41, 1536613, 72, 0, 0
25252, 32, 11, 132, 0, 0, 0.81%, 0, 0, 11, 25.80, 1536742, 72, 0, 0
25257, 32, 99, 132, 0, 0, 0.81%, 0, 0, 11, 30.29, 1536898, 72, 0, 0
25262, 32, 99, 132, 0, 0, 0.81%, 0, 0, 11, 29.55, 1537046, 72, 0, 0
25267, 32, 99, 132, 0, 0, 0.81%, 0, 0, 11, 25.73, 1537229, 72, 0, 0
25273, 32, 19, 132, 0, 0, 0.81%, 0, 0, 11, 27.03, 1537469, 72, 0, 0
25278, 32, 19, 132, 0, 0, 0.81%, 0, 0, 11, 27.31, 1537609, 72, 0, 0
25283, 32, 45, 132, 0, 0, 0.81%, 0, 0, 11, 25.06, 1537794, 72, 0, 0
25288, 32, 45, 132, 0, 0, 0.81%, 0, 0, 11, 25.57, 1537922, 72, 0, 0
25293, 32, 45, 132, 0, 0, 0.81%, 0, 0, 11, 27.66, 1538113, 72, 0, 0
25298, 32, 45, 132, 0, 0, 0.81%, 0, 0, 11, 24.34, 1538306, 72, 0, 0
25303, 32, 57, 132, 0, 0, 0.81%, 0, 0, 11, 27.74, 1538491, 72, 0, 0
25308, 32, 57, 132, 0, 0, 0.81%, 0, 0, 11, 26.61, 1538622, 72, 0, 0
25313, 32, 57, 132, 0, 0, 0.81%, 0, 0, 11, 25.53, 1538753, 72, 0, 0
25318, 32, 57, 132, 0, 0, 0.81%, 0, 0, 11, 26.68, 1538889, 72, 0, 0
25323, 32, 26, 132, 0, 0, 0.81%, 0, 0, 11, 26.41, 1539024, 72, 0, 0
25329, 32, 26, 132, 0, 0, 0.81%, 0, 0, 11, 25.57, 1539152, 72, 0, 0
25334, 32, 34, 132, 0, 0, 0.81%, 0, 0, 11, 25.78, 1539282, 72, 0, 0
25339, 32, 34, 132, 0, 0, 0.81%, 0, 0, 11, 26.21, 1539415, 72, 0, 0
25344, 32, 34, 132, 0, 0, 0.81%, 0, 0, 11, 26.64, 1539552, 72, 0, 0
25349, 32, 22, 132, 0, 0, 0.81%, 0, 0, 11, 26.35, 1539683, 72, 0, 0
25354, 32, 22, 132, 0, 0, 0.81%, 0, 0, 11, 26.05, 1539815, 72, 0, 0
25359, 32, 7, 132, 0, 0, 0.81%, 0, 0, 11, 30.74, 1540005, 72, 0, 0
25364, 32, 7, 132, 0, 0, 0.81%, 0, 0, 11, 29.51, 1540147, 72, 0, 0
25369, 32, 94, 132, 0, 0, 0.81%, 0, 0, 11, 26.53, 1540283, 72, 0, 0
25374, 32, 94, 132, 0, 0, 0.81%, 0, 0, 11, 25.86, 1540414, 72, 0, 0
25379, 32, 94, 132, 0, 0, 0.81%, 0, 0, 11, 27.08, 1540552, 72, 0, 0
25385, 32, 94, 132, 0, 0, 0.81%, 0, 0, 11, 27.99, 1540693, 72, 0, 0
25390, 32, 94, 132, 0, 0, 0.81%, 0, 0, 11, 26.07, 1540825, 72, 0, 0
25395, 32, 94, 132, 0, 0, 0.81%, 0, 0, 11, 26.34, 1540959, 72, 0, 0
25400, 32, 16, 132, 0, 0, 0.81%, 0, 0, 11, 26.25, 1541089, 72, 0, 0
25405, 32, 16, 132, 0, 0, 0.81%, 0, 0, 11, 25.25, 1541216, 72, 0, 0
25410, 32, 16, 132, 0, 0, 0.81%, 0, 0, 11, 25.73, 1541348, 72, 0, 0
25415, 32, 35, 132, 0, 0, 0.81%, 0, 0, 11, 26.91, 1541480, 72, 0, 0
25420, 32, 35, 132, 0, 0, 0.81%, 0, 0, 11, 28.28, 1541641, 72, 0, 0
25425, 32, 94, 132, 0, 0, 0.81%, 0, 0, 11, 26.09, 1541771, 72, 0, 0
25430, 32, 94, 132, 0, 0, 0.81%, 0, 0, 11, 24.18, 1541892, 72, 0, 0
25436, 32, 94, 132, 0, 0, 0.81%, 0, 0, 11, 23.88, 1542012, 72, 0, 0
25441, 32, 94, 132, 0, 0, 0.81%, 0, 0, 11, 26.07, 1542144, 72, 0, 0
25446, 32, 94, 132, 0, 0, 0.81%, 0, 0, 11, 25.24, 1542376, 72, 0, 0
25451, 32, 94, 132, 0, 0, 0.81%, 0, 0, 11, 25.41, 1542504, 72, 0, 0
25456, 32, 41, 132, 0, 0, 0.81%, 0, 0, 11, 26.24, 1542638, 72, 0, 0
25461, 32, 41, 132, 0, 0, 0.81%, 0, 0, 11, 25.98, 1542771, 72, 0, 0
25466, 32, 41, 132, 0, 0, 0.81%, 0, 0, 11, 27.11, 1542911, 72, 0, 0
25471, 32, 41, 132, 0, 0, 0.81%, 0, 0, 11, 25.59, 1543038, 72, 0, 0
25476, 32, 100, 132, 0, 0, 0.81%, 0, 0, 11, 25.18, 1543168, 72, 0, 0
25481, 32, 100, 132, 0, 0, 0.81%, 0, 0, 11, 27.00, 1543307, 72, 0, 0
25486, 32, 100, 132, 0, 0, 0.81%, 0, 0, 11, 32.15, 1543465, 72, 0, 0
25491, 32, 20, 132, 0, 0, 0.81%, 0, 0, 11, 36.77, 1543791, 72, 0, 0
25496, 32, 10, 132, 0, 0, 0.81%, 0, 0, 11, 29.23, 1543925, 72, 0, 0
25502, 32, 10, 132, 0, 0, 0.81%, 0, 0, 11, 26.97, 1544062, 72, 0, 0
25507, 32, 47, 132, 0, 0, 0.81%, 0, 0, 11, 25.09, 1544186, 72, 0, 0
25512, 32, 47, 132, 0, 0, 0.81%, 0, 0, 11, 26.15, 1544323, 72, 0, 0
25517, 32, 47, 132, 0, 0, 0.81%, 0, 0, 11, 27.77, 1544560, 72, 0, 0
25522, 32, 47, 132, 0, 0, 0.81%, 0, 0, 11, 26.20, 1544693, 72, 0, 0
25527, 32, 32, 132, 0, 0, 0.81%, 0, 0, 11, 25.82, 1544827, 72, 0, 0
25532, 32, 32, 132, 0, 0, 0.81%, 0, 0, 11, 25.97, 1544959, 72, 0, 0
25538, 32, 37, 132, 0, 0, 0.81%, 0, 0, 11, 26.29, 1545094, 72, 0, 0
25543, 32, 37, 132, 0, 0, 0.81%, 0, 0, 11, 25.83, 1545227, 72, 0, 0
25548, 32, 51, 132, 0, 0, 0.81%, 0, 0, 11, 25.66, 1545358, 72, 0, 0
25553, 32, 51, 132, 0, 0, 0.81%, 0, 0, 11, 25.70, 1545491, 72, 0, 0
25558, 32, 51, 132, 0, 0, 0.81%, 0, 0, 11, 25.85, 1545622, 72, 0, 0
25563, 32, 17, 132, 0, 0, 0.81%, 0, 0, 11, 26.07, 1545760, 72, 0, 0
25568, 32, 17, 132, 0, 0, 0.81%, 0, 0, 11, 25.89, 1545890, 72, 0, 0
25573, 32, 13, 132, 0, 0, 0.81%, 0, 0, 11, 27.27, 1546029, 72, 0, 0
25579, 32, 13, 132, 0, 0, 0.81%, 0, 0, 11, 29.14, 1546180, 72, 0, 0
25584, 32, 57, 132, 0, 0, 0.81%, 0, 0, 11, 26.05, 1546367, 72, 0, 0
25589, 32, 57, 132, 0, 0, 0.81%, 0, 0, 11, 26.56, 1546502, 72, 0, 0
25594, 32, 57, 132, 0, 0, 0.81%, 0, 0, 11, 25.38, 1546630, 72, 0, 0
25599, 32, 54, 132, 0, 0, 0.81%, 0, 0, 11, 27.89, 1546870, 72, 0, 0
25604, 32, 34, 132, 0, 0, 0.81%, 0, 0, 11, 26.76, 1547148, 72, 0, 0
25609, 32, 51, 132, 0, 0, 0.81%, 0, 0, 11, 25.84, 1547277, 72, 0, 0
25614, 32, 51, 132, 0, 0, 0.81%, 0, 0, 11, 25.75, 1547406, 72, 0, 0
25620, 32, 26, 132, 0, 0, 0.81%, 0, 0, 11, 28.45, 1547556, 72, 0, 0
25625, 32, 26, 132, 0, 0, 0.81%, 0, 0, 11, 26.53, 1547687, 72, 0, 0
25630, 32, 16, 132, 0, 0, 0.81%, 0, 0, 11, 25.86, 1547815, 72, 0, 0
25635, 32, 16, 132, 0, 0, 0.81%, 0, 0, 11, 29.48, 1547972, 72, 0, 0
25640, 32, 45, 132, 0, 0, 0.81%, 0, 0, 11, 23.20, 1548145, 72, 0, 0
25645, 32, 45, 132, 0, 0, 0.81%, 0, 0, 11, 25.18, 1548278, 72, 0, 0
25650, 32, 45, 132, 0, 0, 0.81%, 0, 0, 11, 25.56, 1548409, 72, 0, 0
25655, 32, 45, 132, 0, 0, 0.81%, 0, 0, 11, 26.05, 1548580, 72, 0, 0
25660, 32, 107, 132, 0, 0, 0.81%, 0, 0, 11, 26.50, 1548711, 72, 0, 0
25665, 32, 107, 132, 0, 0, 0.81%, 0, 0, 11, 26.47, 1548847, 72, 0, 0
25671, 32, 107, 132, 0, 0, 0.81%, 0, 0, 11, 26.41, 1548984, 72, 0, 0
25676, 32, 107, 132, 0, 0, 0.81%, 0, 0, 11, 25.81, 1549116, 72, 0, 0
25681, 32, 107, 132, 0, 0, 0.81%, 0, 0, 11, 26.05, 1549252, 72, 0, 0
25686, 32, 100, 132, 0, 0, 0.81%, 0, 0, 11, 23.17, 1549436, 72, 0, 0
25691, 32, 100, 132, 0, 0, 0.81%, 0, 0, 11, 28.58, 1549611, 72, 0, 0
25696, 32, 100, 132, 0, 0, 0.81%, 0, 0, 11, 26.10, 1549742, 72, 0, 0
25701, 32, 100, 132, 0, 0, 0.81%, 0, 0, 11, 26.73, 1549878, 72, 0, 0
25707, 32, 36, 132, 0, 0, 0.81%, 0, 0, 11, 26.75, 1550015, 72, 0, 0
25712, 32, 14, 132, 0, 0, 0.81%, 0, 0, 11, 28.35, 1550220, 72, 0, 0
25717, 32, 14, 132, 0, 0, 0.81%, 0, 0, 11, 27.44, 1550360, 72, 0, 0
25722, 32, 14, 132, 0, 0, 0.81%, 0, 0, 11, 27.17, 1550500, 72, 0, 0
25727, 32, 35, 132, 0, 0, 0.81%, 0, 0, 11, 26.92, 1550637, 72, 0, 0
25732, 32, 35, 132, 0, 0, 0.81%, 0, 0, 11, 26.27, 1550770, 72, 0, 0
25737, 32, 23, 132, 0, 0, 0.81%, 0, 0, 11, 26.71, 1550905, 72, 0, 0
25742, 32, 23, 132, 0, 0, 0.81%, 0, 0, 11, 25.57, 1551033, 72, 0, 0
25747, 32, 10, 132, 0, 0, 0.81%, 0, 0, 11, 25.85, 1551161, 72, 0, 0
25752, 32, 10, 132, 0, 0, 0.81%, 0, 0, 11, 25.89, 1551289, 72, 0, 0
25757, 32, 21, 132, 0, 0, 0.81%, 0, 0, 11, 26.36, 1551422, 72, 0, 0
25763, 32, 21, 132, 0, 0, 0.81%, 0, 0, 11, 25.52, 1551550, 72, 0, 0
25768, 32, 100, 132, 0, 0, 0.81%, 0, 0, 11, 25.80, 1551787, 72, 0, 0
25773, 32, 100, 132, 0, 0, 0.81%, 0, 0, 11, 26.10, 1552094, 72, 0, 0
25778, 32, 100, 132, 0, 0, 0.81%, 0, 0, 11, 31.54, 1552246, 72, 0, 0
25783, 32, 34, 132, 0, 0, 0.81%, 0, 0, 11, 27.97, 1552390, 72, 0, 0
25788, 32, 34, 132, 0, 0, 0.81%, 0, 0, 11, 26.92, 1552530, 72, 0, 0
25793, 32, 38, 132, 0, 0, 0.81%, 0, 0, 11, 27.31, 1552745, 72, 0, 0
25799, 32, 2, 132, 0, 0, 0.81%, 0, 0, 11, 28.12, 1552883, 72, 0, 0
25804, 32, 2, 132, 0, 0, 0.81%, 0, 0, 11, 27.54, 1553025, 72, 0, 0
25809, 32, 23, 132, 0, 0, 0.81%, 0, 0, 11, 25.52, 1553154, 72, 0, 0
25814, 32, 23, 132, 0, 0, 0.81%, 0, 0, 11, 27.14, 1553293, 72, 0, 0
25819, 32, 12, 132, 0, 0, 0.81%, 0, 0, 11, 27.15, 1553430, 72, 0, 0
25824, 32, 9, 132, 0, 0, 0.81%, 0, 0, 11, 26.20, 1553563, 72, 0, 0
25829, 32, 9, 132, 0, 0, 0.81%, 0, 0, 11, 26.93, 1553701, 72, 0, 0
25834, 32, 57, 132, 0, 0, 0.81%, 0, 0, 11, 25.88, 1553829, 72, 0, 0
25839, 32, 57, 132, 0, 0, 0.81%, 0, 0, 11, 25.74, 1553958, 72, 0, 0
25844, 33, 13, 132, 0, 0, 0.81%, 0, 0, 11, 20.52, 1554555, 72, 0, 0
25849, 33, 9, 132, 0, 0, 0.81%, 0, 0, 11, 26.46, 1554696, 72, 0, 0
25855, 33, 9, 132, 0, 0, 0.81%, 0, 0, 11, 28.74, 1554872, 72, 0, 0
25860, 33, 6, 132, 0, 0, 0.81%, 0, 0, 11, 26.94, 1555011, 72, 0, 0
25865, 33, 100, 132, 0, 0, 0.81%, 0, 0, 11, 25.77, 1555226, 72, 0, 0
25870, 33, 100, 132, 0, 0, 0.81%, 0, 0, 11, 33.32, 1555515, 72, 0, 0
25875, 33, 100, 132, 0, 0, 0.81%, 0, 0, 11, 28.56, 1555651, 72, 0, 0
25880, 33, 116, 132, 0, 0, 0.81%, 0, 0, 11, 29.26, 1555794, 72, 0, 0
25885, 33, 116, 132, 0, 0, 0.81%, 0, 0, 11, 26.63, 1555928, 72, 0, 0
25890, 33, 36, 132, 0, 0, 0.81%, 0, 0, 11, 26.08, 1556059, 72, 0, 0
25895, 33, 7, 132, 0, 0, 0.81%, 0, 0, 11, 25.86, 1556372, 72, 0, 0
25900, 33, 7, 132, 0, 0, 0.81%, 0, 0, 11, 26.85, 1556511, 72, 0, 0
25906, 33, 21, 132, 0, 0, 0.81%, 0, 0, 11, 27.04, 1556648, 72, 0, 0
25911, 33, 32, 132, 0, 0, 0.81%, 0, 0, 11, 25.29, 1556878, 72, 0, 0
25916, 33, 32, 132, 0, 0, 0.81%, 0, 0, 11, 27.96, 1557019, 72, 0, 0
25921, 33, 32, 132, 0, 0, 0.81%, 0, 0, 11, 26.09, 1557148, 72, 0, 0
25926, 33, 113, 132, 0, 0, 0.81%, 0, 0, 11, 25.18, 1557276, 72, 0, 0
25931, 33, 113, 132, 0, 0, 0.81%, 0, 0, 11, 25.40, 1557529, 72, 0, 0
25936, 33, 113, 132, 0, 0, 0.81%, 0, 0, 11, 25.98, 1557660, 72, 0, 0
25941, 33, 113, 132, 0, 0, 0.81%, 0, 0, 11, 25.26, 1557788, 72, 0, 0
25946, 33, 113, 132, 0, 0, 0.81%, 0, 0, 11, 26.59, 1557927, 72, 0, 0
25951, 33, 37, 132, 0, 0, 0.81%, 0, 0, 11, 23.42, 1558119, 72, 0, 0
25957, 33, 37, 132, 0, 0, 0.81%, 0, 0, 11, 25.05, 1558253, 72, 0, 0
25962, 33, 111, 132, 0, 0, 0.81%, 0, 0, 11, 26.23, 1558388, 72, 0, 0
25967, 33, 111, 132, 0, 0, 0.81%, 0, 0, 11, 26.16, 1558525, 72, 0, 0
25972, 33, 111, 132, 0, 0, 0.81%, 0, 0, 11, 25.48, 1558658, 72, 0, 0
25977, 33, 111, 132, 0, 0, 0.81%, 0, 0, 11, 25.46, 1558788, 72, 0, 0
25983, 33, 111, 132, 0, 0, 0.81%, 0, 0, 11, 25.20, 1558918, 72, 0, 0
25988, 33, 111, 132, 0, 0, 0.81%, 0, 0, 11, 26.02, 1559053, 72, 0, 0
25993, 33, 111, 132, 0, 0, 0.81%, 0, 0, 11, 26.35, 1559188, 72, 0, 0
25998, 33, 111, 132, 0, 0, 0.81%, 0, 0, 11, 25.89, 1559323, 72, 0, 0
26003, 33, 111, 132, 0, 0, 0.81%, 0, 0, 11, 25.89, 1559458, 72, 0, 0
26008, 33, 111, 132, 0, 0, 0.81%, 0, 0, 11, 26.59, 1559595, 72, 0, 0
26013, 33, 32, 132, 0, 0, 0.81%, 0, 0, 11, 26.79, 1559731, 72, 0, 0
26019, 33, 32, 132, 0, 0, 0.81%, 0, 0, 11, 26.45, 1559867, 72, 0, 0
26024, 33, 32, 132, 0, 0, 0.81%, 0, 0, 11, 25.26, 1559998, 72, 0, 0
26029, 33, 45, 132, 0, 0, 0.81%, 0, 0, 11, 24.81, 1560123, 72, 0, 0
26034, 33, 45, 132, 0, 0, 0.81%, 0, 0, 11, 26.54, 1560255, 72, 0, 0
26039, 33, 45, 132, 0, 0, 0.81%, 0, 0, 11, 26.12, 1560387, 72, 0, 0
26044, 33, 45, 132, 0, 0, 0.81%, 0, 0, 11, 24.03, 1560640, 72, 0, 0
26049, 33, 107, 132, 0, 0, 0.81%, 0, 0, 11, 25.59, 1560816, 72, 0, 0
26054, 33, 107, 132, 0, 0, 0.81%, 0, 0, 11, 28.31, 1561128, 72, 0, 0
26060, 33, 107, 132, 0, 0, 0.81%, 0, 0, 11, 26.54, 1561263, 72, 0, 0
26065, 33, 107, 132, 0, 0, 0.81%, 0, 0, 11, 26.47, 1561399, 72, 0, 0
26070, 33, 13, 132, 0, 0, 0.81%, 0, 0, 11, 32.20, 1561558, 72, 0, 0
26075, 33, 13, 132, 0, 0, 0.81%, 0, 0, 11, 29.55, 1561699, 72, 0, 0
26080, 33, 16, 132, 0, 0, 0.81%, 0, 0, 11, 29.38, 1561850, 72, 0, 0
26085, 33, 16, 132, 0, 0, 0.81%, 0, 0, 11, 26.12, 1561981, 72, 0, 0
26090, 33, 13, 132, 0, 0, 0.81%, 0, 0, 11, 25.72, 1562109, 72, 0, 0
26095, 33, 13, 132, 0, 0, 0.81%, 0, 0, 11, 29.66, 1562254, 72, 0, 0
26100, 33, 38, 132, 0, 0, 0.81%, 0, 0, 11, 27.16, 1562393, 72, 0, 0
26106, 33, 35, 132, 0, 0, 0.81%, 0, 0, 11, 27.22, 1562535, 72, 0, 0
26111, 33, 35, 132, 0, 0, 0.81%, 0, 0, 11, 26.11, 1562666, 72, 0, 0
26116, 33, 35, 132, 0, 0, 0.81%, 0, 0, 11, 26.79, 1562899, 72, 0, 0
26121, 33, 2, 132, 0, 0, 0.81%, 0, 0, 11, 329.17, 1563210, 72, 0, 0
26126, 33, 99, 132, 0, 0, 0.81%, 0, 0, 11, 22.58, 1564205, 72, 0, 0
26131, 33, 34, 132, 0, 0, 0.81%, 0, 0, 11, 22.23, 1564603, 72, 0, 0
26136, 33, 35, 132, 0, 0, 0.81%, 0, 0, 11, 242.01, 1564821, 72, 0, 0
26141, 33, 47, 132, 0, 0, 0.81%, 0, 0, 11, 25.25, 1565527, 72, 0, 0
26146, 33, 99, 132, 0, 0, 0.81%, 0, 0, 11, 24.96, 1565924, 72, 0, 0
26151, 33, 99, 132, 0, 0, 0.81%, 0, 0, 11, 33.35, 1566247, 72, 0, 0
26157, 33, 2, 132, 0, 0, 0.81%, 0, 0, 11, 362.72, 1567825, 72, 0, 0
26162, 33, 10, 132, 0, 0, 0.81%, 0, 0, 11, 344.06, 1569494, 72, 0, 0
26167, 33, 35, 132, 0, 0, 0.81%, 0, 0, 11, 266.76, 1570324, 72, 0, 0
26172, 33, 17, 132, 0, 0, 0.81%, 0, 0, 11, 270.23, 1571209, 72, 0, 0
26177, 33, 47, 132, 0, 0, 0.81%, 0, 0, 11, 170.73, 1572031, 72, 0, 0
26182, 33, 100, 132, 0, 0, 0.81%, 0, 0, 11, 75.24, 1572483, 72, 0, 0
26187, 33, 100, 132, 0, 0, 0.81%, 0, 0, 11, 17.05, 1572839, 72, 0, 0
26193, 33, 57, 132, 0, 0, 0.81%, 0, 0, 11, 14.79, 1573466, 72, 0, 0
26198, 33, 45, 132, 0, 0, 0.81%, 0, 0, 11, 218.61, 1574248, 72, 0, 0
26203, 33, 58, 132, 0, 0, 0.81%, 0, 0, 11, 16.06, 1574964, 72, 0, 0
26208, 33, 18, 132, 0, 0, 0.81%, 0, 0, 11, 21.65, 1575107, 72, 0, 0
26213, 33, 7, 132, 0, 0, 0.81%, 0, 0, 11, 38.55, 1575767, 72, 0, 0
26218, 33, 21, 132, 0, 0, 0.81%, 0, 0, 11, 19.95, 1576204, 72, 0, 0
26223, 33, 19, 132, 0, 0, 0.81%, 0, 0, 11, 19.89, 1576300, 72, 0, 0
26228, 33, 19, 132, 0, 0, 0.81%, 0, 0, 11, 24.99, 1576436, 72, 0, 0
26233, 33, 19, 132, 0, 0, 0.81%, 0, 0, 11, 26.48, 1576572, 72, 0, 0
26239, 33, 45, 132, 0, 0, 0.81%, 0, 0, 11, 25.74, 1576705, 72, 0, 0
26244, 33, 45, 132, 0, 0, 0.81%, 0, 0, 11, 27.04, 1576845, 72, 0, 0
26249, 33, 45, 132, 0, 0, 0.81%, 0, 0, 11, 207.96, 1577022, 72, 0, 0
26254, 33, 45, 132, 0, 0, 0.81%, 0, 0, 11, 25.44, 1577154, 72, 0, 0
26259, 33, 60, 132, 0, 0, 0.81%, 0, 0, 11, 26.37, 1577292, 72, 0, 0
26264, 33, 60, 132, 0, 0, 0.81%, 0, 0, 11, 26.40, 1577428, 72, 0, 0
26270, 33, 60, 132, 0, 0, 0.81%, 0, 0, 11, 26.73, 1577566, 72, 0, 0
26275, 33, 60, 132, 0, 0, 0.81%, 0, 0, 11, 26.37, 1577696, 72, 0, 0
26280, 33, 14, 132, 0, 0, 0.81%, 0, 0, 11, 25.43, 1577877, 72, 0, 0
26285, 33, 14, 132, 0, 0, 0.81%, 0, 0, 11, 25.97, 1578017, 72, 0, 0
26290, 33, 96, 132, 0, 0, 0.81%, 0, 0, 11, 24.93, 1578142, 72, 0, 0
26295, 33, 96, 132, 0, 0, 0.81%, 0, 0, 11, 25.72, 1578330, 72, 0, 0
26300, 33, 96, 132, 0, 0, 0.81%, 0, 0, 11, 28.02, 1578471, 72, 0, 0
26305, 33, 96, 132, 0, 0, 0.81%, 0, 0, 11, 26.40, 1578603, 72, 0, 0
26310, 33, 56, 132, 0, 0, 0.81%, 0, 0, 11, 25.64, 1578731, 72, 0, 0
26316, 33, 94, 132, 0, 0, 0.81%, 0, 0, 11, 27.16, 1578870, 72, 0, 0
26321, 33, 94, 132, 0, 0, 0.81%, 0, 0, 11, 26.93, 1579006, 72, 0, 0
26326, 33, 94, 132, 0, 0, 0.81%, 0, 0, 11, 26.15, 1579139, 72, 0, 0
26331, 33, 94, 132, 0, 0, 0.81%, 0, 0, 11, 25.96, 1579272, 72, 0, 0
26336, 33, 94, 132, 0, 0, 0.81%, 0, 0, 11, 25.32, 1579399, 72, 0, 0
26341, 33, 94, 132, 0, 0, 0.81%, 0, 0, 11, 26.26, 1579533, 72, 0, 0
26346, 33, 94, 132, 0, 0, 0.81%, 0, 0, 11, 26.98, 1579717, 72, 0, 0
26351, 33, 57, 132, 0, 0, 0.81%, 0, 0, 11, 26.12, 1579850, 72, 0, 0
26356, 33, 57, 132, 0, 0, 0.81%, 0, 0, 11, 26.66, 1579984, 72, 0, 0
26361, 33, 57, 132, 0, 0, 0.81%, 0, 0, 11, 25.94, 1580118, 72, 0, 0
26367, 33, 57, 132, 0, 0, 0.81%, 0, 0, 11, 26.77, 1580257, 72, 0, 0
26372, 33, 51, 132, 0, 0, 0.81%, 0, 0, 11, 25.90, 1580387, 72, 0, 0
26377, 33, 51, 132, 0, 0, 0.81%, 0, 0, 11, 26.19, 1580521, 72, 0, 0
26382, 33, 51, 132, 0, 0, 0.81%, 0, 0, 11, 25.77, 1580650, 72, 0, 0
26387, 33, 51, 132, 0, 0, 0.81%, 0, 0, 11, 26.28, 1580786, 72, 0, 0
26392, 33, 99, 132, 0, 0, 0.81%, 0, 0, 11, 25.64, 1581243, 72, 0, 0
26397, 33, 99, 132, 0, 0, 0.81%, 0, 0, 11, 26.42, 1581424, 72, 0, 0
26402, 33, 99, 132, 0, 0, 0.81%, 0, 0, 11, 26.26, 1581557, 72, 0, 0
26408, 33, 99, 132, 0, 0, 0.81%, 0, 0, 11, 26.75, 1581695, 72, 0, 0
26413, 33, 10, 132, 0, 0, 0.81%, 0, 0, 11, 26.26, 1581832, 72, 0, 0
26418, 33, 10, 132, 0, 0, 0.81%, 0, 0, 11, 24.88, 1581998, 72, 0, 0
26423, 33, 19, 132, 0, 0, 0.81%, 0, 0, 11, 25.83, 1582132, 72, 0, 0
26428, 33, 19, 132, 0, 0, 0.81%, 0, 0, 11, 24.89, 1582298, 72, 0, 0
26433, 33, 21, 132, 0, 0, 0.81%, 0, 0, 11, 30.64, 1582517, 72, 0, 0
26439, 33, 21, 132, 0, 0, 0.81%, 0, 0, 11, 27.68, 1582653, 72, 0, 0
26444, 33, 21, 132, 0, 0, 0.81%, 0, 0, 11, 26.66, 1582793, 72, 0, 0
26449, 33, 23, 132, 0, 0, 0.81%, 0, 0, 11, 33.73, 1582992, 72, 0, 0
26454, 33, 9, 132, 0, 0, 0.81%, 0, 0, 11, 33.51, 1583186, 72, 0, 0
26459, 33, 9, 132, 0, 0, 0.81%, 0, 0, 11, 28.03, 1583324, 72, 0, 0
26464, 33, 61, 132, 0, 0, 0.81%, 0, 0, 11, 26.52, 1583457, 72, 0, 0
26469, 33, 61, 132, 0, 0, 0.81%, 0, 0, 11, 25.81, 1583587, 72, 0, 0
26474, 33, 61, 132, 0, 0, 0.81%, 0, 0, 11, 25.62, 1583716, 72, 0, 0
26479, 33, 61, 132, 0, 0, 0.81%, 0, 0, 11, 25.89, 1583849, 72, 0, 0
26485, 33, 61, 132, 0, 0, 0.81%, 0, 0, 11, 25.30, 1583979, 72, 0, 0
26490, 33, 100, 132, 0, 0, 0.81%, 0, 0, 11, 25.58, 1584107, 72, 0, 0
26495, 33, 100, 132, 0, 0, 0.81%, 0, 0, 11, 26.52, 1584240, 72, 0, 0
26500, 33, 100, 132, 0, 0, 0.81%, 0, 0, 11, 26.69, 1584375, 72, 0, 0
26505, 33, 100, 132, 0, 0, 0.81%, 0, 0, 11, 24.75, 1584602, 72, 0, 0
26510, 33, 57, 132, 0, 0, 0.81%, 0, 0, 11, 26.30, 1584804, 72, 0, 0
26515, 33, 57, 132, 0, 0, 0.81%, 0, 0, 11, 26.40, 1584939, 72, 0, 0
26520, 33, 57, 132, 0, 0, 0.81%, 0, 0, 11, 27.14, 1585131, 72, 0, 0
26525, 33, 16, 132, 0, 0, 0.81%, 0, 0, 11, 28.01, 1585275, 72, 0, 0
26530, 33, 16, 132, 0, 0, 0.81%, 0, 0, 11, 27.16, 1585412, 72, 0, 0
26535, 33, 36, 132, 0, 0, 0.81%, 0, 0, 11, 28.17, 1585599, 72, 0, 0
26541, 33, 36, 132, 0, 0, 0.81%, 0, 0, 11, 32.74, 1585760, 72, 0, 0
26546, 33, 16, 132, 0, 0, 0.81%, 0, 0, 11, 28.40, 1585900, 72, 0, 0
26551, 33, 58, 132, 0, 0, 0.81%, 0, 0, 11, 121.99, 1586275, 72, 0, 0
26556, 33, 58, 132, 0, 0, 0.81%, 0, 0, 11, 84.79, 1586657, 72, 0, 0
26561, 33, 61, 132, 0, 0, 0.81%, 0, 0, 11, 108.11, 1587175, 72, 0, 0
26566, 33, 60, 132, 0, 0, 0.81%, 0, 0, 11, 22.22, 1587998, 72, 0, 0
26571, 33, 60, 132, 0, 0, 0.81%, 0, 0, 11, 19.05, 1588091, 72, 0, 0
26576, 33, 60, 132, 0, 0, 0.81%, 0, 0, 11, 21.26, 1588194, 72, 0, 0
26581, 33, 60, 132, 0, 0, 0.81%, 0, 0, 11, 24.68, 1588329, 72, 0, 0
26586, 33, 30, 132, 0, 0, 0.81%, 0, 0, 11, 26.85, 1588646, 72, 0, 0
26592, 33, 30, 132, 0, 0, 0.81%, 0, 0, 11, 26.57, 1588781, 72, 0, 0
26597, 33, 100, 132, 0, 0, 0.81%, 0, 0, 11, 27.49, 1588922, 72, 0, 0
26602, 33, 100, 132, 0, 0, 0.81%, 0, 0, 11, 26.50, 1589058, 72, 0, 0
26607, 33, 100, 132, 0, 0, 0.81%, 0, 0, 11, 26.49, 1589227, 72, 0, 0
26612, 33, 100, 132, 0, 0, 0.81%, 0, 0, 11, 26.25, 1589358, 72, 0, 0
26617, 33, 100, 132, 0, 0, 0.81%, 0, 0, 11, 26.99, 1589496, 72, 0, 0
26622, 33, 129, 132, 0, 0, 0.81%, 0, 0, 11, 27.43, 1589634, 72, 0, 0
26627, 33, 129, 132, 0, 0, 0.81%, 0, 0, 11, 26.80, 1589770, 72, 0, 0
26632, 33, 129, 132, 0, 0, 0.81%, 0, 0, 11, 25.75, 1589898, 72, 0, 0
26637, 33, 51, 132, 0, 0, 0.81%, 0, 0, 11, 27.39, 1590112, 72, 0, 0
26643, 33, 51, 132, 0, 0, 0.81%, 0, 0, 11, 26.13, 1590244, 72, 0, 0
26648, 33, 26, 132, 0, 0, 0.81%, 0, 0, 11, 26.24, 1590412, 72, 0, 0
26653, 33, 51, 132, 0, 0, 0.81%, 0, 0, 11, 26.26, 1590682, 72, 0, 0
26658, 33, 51, 132, 0, 0, 0.81%, 0, 0, 11, 26.01, 1590816, 72, 0, 0
26663, 33, 47, 132, 0, 0, 0.81%, 0, 0, 11, 25.56, 1590948, 72, 0, 0
26668, 33, 47, 132, 0, 0, 0.81%, 0, 0, 11, 25.80, 1591135, 72, 0, 0
26673, 33, 47, 132, 0, 0, 0.81%, 0, 0, 11, 25.94, 1591271, 72, 0, 0
26678, 33, 47, 132, 0, 0, 0.81%, 0, 0, 11, 26.21, 1591402, 72, 0, 0
26684, 33, 111, 132, 0, 0, 0.81%, 0, 0, 11, 29.50, 1591595, 72, 0, 0
26689, 33, 111, 132, 0, 0, 0.81%, 0, 0, 11, 26.47, 1591725, 72, 0, 0
26694, 33, 111, 132, 0, 0, 0.81%, 0, 0, 11, 25.36, 1591854, 72, 0, 0
26699, 33, 111, 132, 0, 0, 0.81%, 0, 0, 11, 25.86, 1591989, 72, 0, 0
26704, 33, 111, 132, 0, 0, 0.81%, 0, 0, 11, 26.94, 1592128, 72, 0, 0
26709, 33, 111, 132, 0, 0, 0.81%, 0, 0, 11, 27.98, 1592276, 72, 0, 0
26714, 33, 111, 132, 0, 0, 0.81%, 0, 0, 11, 190.00, 1592441, 72, 0, 0
26719, 33, 111, 132, 0, 0, 0.81%, 0, 0, 11, 28.67, 1592578, 72, 0, 0
26724, 33, 111, 132, 0, 0, 0.81%, 0, 0, 11, 26.30, 1592706, 72, 0, 0
26730, 33, 30, 132, 0, 0, 0.81%, 0, 0, 11, 29.59, 1592862, 72, 0, 0
26735, 33, 30, 132, 0, 0, 0.81%, 0, 0, 11, 26.61, 1592995, 72, 0, 0
26740, 33, 6, 132, 0, 0, 0.81%, 0, 0, 11, 25.88, 1593189, 72, 0, 0
26745, 33, 99, 132, 0, 0, 0.81%, 0, 0, 11, 26.07, 1593321, 72, 0, 0
26750, 33, 99, 132, 0, 0, 0.81%, 0, 0, 11, 26.36, 1593456, 72, 0, 0
26755, 33, 99, 132, 0, 0, 0.81%, 0, 0, 11, 26.02, 1593589, 72, 0, 0
26760, 33, 99, 132, 0, 0, 0.81%, 0, 0, 11, 25.91, 1593721, 72, 0, 0
26766, 33, 61, 132, 0, 0, 0.81%, 0, 0, 11, 26.53, 1593858, 72, 0, 0
26771, 33, 61, 132, 0, 0, 0.81%, 0, 0, 11, 26.91, 1593992, 72, 0, 0
26776, 33, 61, 132, 0, 0, 0.81%, 0, 0, 11, 26.13, 1594126, 72, 0, 0
26781, 33, 61, 132, 0, 0, 0.81%, 0, 0, 11, 26.19, 1594257, 72, 0, 0
26786, 33, 61, 132, 0, 0, 0.81%, 0, 0, 11, 26.69, 1594395, 72, 0, 0
26791, 33, 92, 132, 0, 0, 0.81%, 0, 0, 11, 26.16, 1594530, 72, 0, 0
26796, 33, 92, 132, 0, 0, 0.81%, 0, 0, 11, 269.61, 1594810, 72, 0, 0
26802, 33, 30, 132, 0, 0, 0.81%, 0, 0, 11, 23.14, 1595311, 72, 0, 0
26807, 33, 17, 132, 0, 0, 0.81%, 0, 0, 11, 24.63, 1595438, 72, 0, 0
26812, 33, 17, 132, 0, 0, 0.81%, 0, 0, 11, 25.94, 1595570, 72, 0, 0
26817, 33, 61, 132, 0, 0, 0.81%, 0, 0, 11, 26.71, 1595708, 72, 0, 0
26822, 33, 61, 132, 0, 0, 0.81%, 0, 0, 11, 25.54, 1595835, 72, 0, 0
26827, 33, 61, 132, 0, 0, 0.81%, 0, 0, 11, 25.77, 1595963, 72, 0, 0
26832, 33, 61, 132, 0, 0, 0.81%, 0, 0, 11, 260.00, 1596158, 72, 0, 0
26837, 33, 61, 132, 0, 0, 0.81%, 0, 0, 11, 29.53, 1596297, 72, 0, 0
26842, 33, 61, 132, 0, 0, 0.81%, 0, 0, 11, 25.74, 1596423, 72, 0, 0
26847, 33, 61, 132, 0, 0, 0.81%, 0, 0, 11, 26.22, 1596554, 72, 0, 0
26852, 33, 61, 132, 0, 0, 0.81%, 0, 0, 11, 25.61, 1596686, 72, 0, 0
26857, 33, 61, 132, 0, 0, 0.81%, 0, 0, 11, 26.32, 1596818, 72, 0, 0
26863, 33, 27, 132, 0, 0, 0.81%, 0, 0, 11, 25.76, 1596946, 72, 0, 0
26868, 33, 27, 132, 0, 0, 0.81%, 0, 0, 11, 25.69, 1597077, 72, 0, 0
26873, 33, 27, 132, 0, 0, 0.81%, 0, 0, 11, 25.98, 1597212, 72, 0, 0
26878, 33, 115, 132, 0, 0, 0.81%, 0, 0, 11, 25.42, 1597343, 72, 0, 0
26883, 33, 115, 132, 0, 0, 0.81%, 0, 0, 11, 25.84, 1597478, 72, 0, 0
26888, 33, 115, 132, 0, 0, 0.81%, 0, 0, 11, 25.93, 1597611, 72, 0, 0
26893, 33, 115, 132, 0, 0, 0.81%, 0, 0, 11, 26.19, 1597746, 72, 0, 0
26899, 33, 115, 132, 0, 0, 0.81%, 0, 0, 11, 26.86, 1597887, 72, 0, 0
26904, 33, 115, 132, 0, 0, 0.81%, 0, 0, 11, 25.91, 1598069, 72, 0, 0
26909, 33, 115, 132, 0, 0, 0.81%, 0, 0, 11, 25.77, 1598199, 72, 0, 0
26914, 33, 38, 132, 0, 0, 0.81%, 0, 0, 11, 26.04, 1598334, 72, 0, 0
26919, 33, 51, 132, 0, 0, 0.81%, 0, 0, 11, 26.16, 1598465, 72, 0, 0
26924, 33, 51, 132, 0, 0, 0.81%, 0, 0, 11, 25.77, 1598597, 72, 0, 0
26929, 33, 19, 132, 0, 0, 0.81%, 0, 0, 11, 26.00, 1598733, 72, 0, 0
26935, 33, 19, 132, 0, 0, 0.81%, 0, 0, 11, 26.39, 1598908, 72, 0, 0
26940, 33, 16, 132, 0, 0, 0.81%, 0, 0, 11, 26.00, 1599038, 72, 0, 0
26945, 33, 14, 132, 0, 0, 0.81%, 0, 0, 11, 28.15, 1599297, 72, 0, 0
26950, 33, 14, 132, 0, 0, 0.81%, 0, 0, 11, 26.61, 1599426, 72, 0, 0
26955, 33, 14, 132, 0, 0, 0.81%, 0, 0, 11, 26.07, 1599560, 72, 0, 0
26960, 33, 23, 132, 0, 0, 0.81%, 0, 0, 11, 26.54, 1599693, 72, 0, 0
26965, 33, 23, 132, 0, 0, 0.81%, 0, 0, 11, 26.70, 1599831, 72, 0, 0
26970, 33, 100, 132, 0, 0, 0.81%, 0, 0, 11, 26.67, 1599969, 72, 0, 0
26975, 33, 100, 132, 0, 0, 0.81%, 0, 0, 11, 25.67, 1600098, 72, 0, 0
26981, 33, 100, 132, 0, 0, 0.81%, 0, 0, 11, 25.71, 1600233, 72, 0, 0
26986, 33, 100, 132, 0, 0, 0.81%, 0, 0, 11, 25.54, 1600364, 72, 0, 0
26991, 33, 57, 132, 0, 0, 0.81%, 0, 0, 11, 25.01, 1600489, 72, 0, 0
26996, 33, 57, 132, 0, 0, 0.81%, 0, 0, 11, 26.10, 1600628, 72, 0, 0
27001, 33, 57, 132, 0, 0, 0.81%, 0, 0, 11, 24.30, 1600749, 72, 0, 0
27006, 33, 57, 132, 0, 0, 0.81%, 0, 0, 11, 24.72, 1600877, 72, 0, 0
27011, 33, 57, 132, 0, 0, 0.81%, 0, 0, 11, 26.39, 1601016, 72, 0, 0
27017, 33, 16, 132, 0, 0, 0.81%, 0, 0, 11, 26.04, 1601148, 72, 0, 0
27022, 33, 16, 132, 0, 0, 0.81%, 0, 0, 11, 25.90, 1601283, 72, 0, 0
27027, 33, 100, 132, 0, 0, 0.81%, 0, 0, 11, 26.62, 1601417, 72, 0, 0
27032, 33, 100, 132, 0, 0, 0.81%, 0, 0, 11, 27.57, 1601560, 72, 0, 0
27037, 33, 100, 132, 0, 0, 0.81%, 0, 0, 11, 27.80, 1601698, 72, 0, 0
27042, 33, 100, 132, 0, 0, 0.81%, 0, 0, 11, 26.45, 1601831, 72, 0, 0
27047, 33, 48, 132, 0, 0, 0.81%, 0, 0, 11, 27.66, 1601974, 72, 0, 0
27052, 33, 36, 132, 0, 0, 0.81%, 0, 0, 11, 34.33, 1602191, 72, 0, 0
27057, 33, 32, 132, 0, 0, 0.81%, 0, 0, 11, 25.06, 1602495, 72, 0, 0
27063, 33, 32, 132, 0, 0, 0.81%, 0, 0, 11, 26.59, 1602631, 72, 0, 0
27068, 33, 32, 132, 0, 0, 0.81%, 0, 0, 11, 26.42, 1602765, 72, 0, 0
27073, 33, 37, 132, 0, 0, 0.81%, 0, 0, 11, 317.31, 1602963, 72, 0, 0
27078, 33, 37, 132, 0, 0, 0.81%, 0, 0, 11, 26.70, 1603144, 72, 0, 0
27083, 33, 51, 132, 0, 0, 0.81%, 0, 0, 11, 26.07, 1603274, 72, 0, 0
27088, 33, 51, 132, 0, 0, 0.81%, 0, 0, 11, 27.36, 1603422, 72, 0, 0
27093, 33, 61, 132, 0, 0, 0.81%, 0, 0, 11, 40.41, 1603681, 72, 0, 0
27098, 33, 61, 132, 0, 0, 0.81%, 0, 0, 11, 28.11, 1604117, 72, 0, 0
27104, 34, 14, 132, 0, 0, 0.81%, 0, 0, 11, 28.71, 1604341, 72, 0, 0
27109, 34, 14, 132, 0, 0, 0.81%, 0, 0, 11, 28.73, 1604499, 72, 0, 0
27114, 34, 14, 132, 0, 0, 0.81%, 0, 0, 11, 26.33, 1604632, 72, 0, 0
27119, 34, 14, 132, 0, 0, 0.81%, 0, 0, 11, 25.46, 1604760, 72, 0, 0
27124, 34, 45, 132, 0, 0, 0.81%, 0, 0, 11, 26.53, 1604895, 72, 0, 0
27129, 34, 45, 132, 0, 0, 0.81%, 0, 0, 11, 26.97, 1605034, 72, 0, 0
27134, 34, 32, 132, 0, 0, 0.81%, 0, 0, 11, 27.17, 1605480, 72, 0, 0
27139, 34, 34, 132, 0, 0, 0.81%, 0, 0, 11, 29.68, 1605863, 72, 0, 0
27144, 34, 34, 132, 0, 0, 0.81%, 0, 0, 11, 26.19, 1605990, 72, 0, 0
27150, 34, 30, 132, 0, 0, 0.81%, 0, 0, 11, 26.07, 1606124, 72, 0, 0
27155, 34, 30, 132, 0, 0, 0.81%, 0, 0, 11, 26.23, 1606295, 72, 0, 0
27160, 34, 47, 132, 0, 0, 0.81%, 0, 0, 11, 25.86, 1606428, 72, 0, 0
27165, 34, 47, 132, 0, 0, 0.81%, 0, 0, 11, 25.77, 1606560, 72, 0, 0
27170, 34, 47, 132, 0, 0, 0.81%, 0, 0, 11, 25.92, 1606693, 72, 0, 0
27175, 34, 47, 132, 0, 0, 0.81%, 0, 0, 11, 24.98, 1606816, 72, 0, 0
27180, 34, 46, 132, 0, 0, 0.81%, 0, 0, 11, 24.81, 1606943, 72, 0, 0
27185, 34, 46, 132, 0, 0, 0.81%, 0, 0, 11, 25.29, 1607075, 72, 0, 0
27190, 34, 46, 132, 0, 0, 0.81%, 0, 0, 11, 26.30, 1607213, 72, 0, 0
27195, 34, 46, 132, 0, 0, 0.81%, 0, 0, 11, 26.12, 1607343, 72, 0, 0
27201, 34, 46, 132, 0, 0, 0.81%, 0, 0, 11, 26.40, 1607480, 72, 0, 0
27206, 34, 58, 132, 0, 0, 0.81%, 0, 0, 11, 26.23, 1607673, 72, 0, 0
27211, 34, 58, 132, 0, 0, 0.81%, 0, 0, 11, 26.55, 1607848, 72, 0, 0
27216, 34, 58, 132, 0, 0, 0.81%, 0, 0, 11, 27.38, 1608026, 72, 0, 0
27221, 34, 17, 132, 0, 0, 0.81%, 0, 0, 11, 26.53, 1608229, 72, 0, 0
27226, 34, 17, 132, 0, 0, 0.81%, 0, 0, 11, 30.08, 1608383, 72, 0, 0
27231, 34, 17, 132, 0, 0, 0.81%, 0, 0, 11, 26.89, 1608514, 72, 0, 0
27237, 34, 34, 132, 0, 0, 0.81%, 0, 0, 11, 26.23, 1608647, 72, 0, 0
27242, 34, 34, 132, 0, 0, 0.81%, 0, 0, 11, 25.89, 1608781, 72, 0, 0
27247, 34, 2, 132, 0, 0, 0.81%, 0, 0, 11, 26.32, 1608914, 72, 0, 0
27252, 34, 2, 132, 0, 0, 0.81%, 0, 0, 11, 26.48, 1609049, 72, 0, 0
27257, 34, 2, 132, 0, 0, 0.81%, 0, 0, 11, 25.95, 1609180, 72, 0, 0
27262, 34, 61, 132, 0, 0, 0.81%, 0, 0, 11, 26.83, 1609319, 72, 0, 0
27267, 34, 61, 132, 0, 0, 0.81%, 0, 0, 11, 26.40, 1609453, 72, 0, 0
27272, 34, 61, 132, 0, 0, 0.81%, 0, 0, 11, 25.15, 1609581, 72, 0, 0
27277, 34, 61, 132, 0, 0, 0.81%, 0, 0, 11, 25.25, 1609706, 72, 0, 0
27283, 34, 41, 132, 0, 0, 0.81%, 0, 0, 11, 26.33, 1609880, 72, 0, 0
27288, 34, 41, 132, 0, 0, 0.81%, 0, 0, 11, 25.89, 1610010, 72, 0, 0
27293, 34, 41, 132, 0, 0, 0.81%, 0, 0, 11, 25.21, 1610220, 72, 0, 0
27298, 34, 41, 132, 0, 0, 0.81%, 0, 0, 11, 26.32, 1610356, 72, 0, 0
27303, 34, 36, 132, 0, 0, 0.81%, 0, 0, 11, 26.23, 1610491, 72, 0, 0
27308, 34, 36, 132, 0, 0, 0.81%, 0, 0, 11, 25.90, 1610623, 72, 0, 0
27313, 34, 9, 132, 0, 0, 0.81%, 0, 0, 11, 26.90, 1610797, 72, 0, 0
27318, 34, 9, 132, 0, 0, 0.81%, 0, 0, 11, 26.18, 1610933, 72, 0, 0
27324, 34, 99, 132, 0, 0, 0.81%, 0, 0, 11, 25.39, 1611065, 72, 0, 0
27329, 34, 99, 132, 0, 0, 0.81%, 0, 0, 11, 25.87, 1611194, 72, 0, 0
27334, 34, 99, 132, 0, 0, 0.81%, 0, 0, 11, 24.97, 1611321, 72, 0, 0
27339, 34, 99, 132, 0, 0, 0.81%, 0, 0, 11, 25.71, 1611476, 72, 0, 0
27344, 34, 45, 132, 0, 0, 0.81%, 0, 0, 11, 25.98, 1611612, 72, 0, 0
27349, 34, 45, 132, 0, 0, 0.81%, 0, 0, 11, 28.81, 1611798, 72, 0, 0
27354, 34, 45, 132, 0, 0, 0.81%, 0, 0, 11, 26.85, 1611934, 72, 0, 0
27359, 34, 45, 132, 0, 0, 0.81%, 0, 0, 11, 26.29, 1612067, 72, 0, 0
27365, 34, 30, 132, 0, 0, 0.81%, 0, 0, 11, 26.49, 1612204, 72, 0, 0
27370, 34, 30, 132, 0, 0, 0.81%, 0, 0, 11, 26.26, 1612334, 72, 0, 0
27375, 34, 2, 132, 0, 0, 0.81%, 0, 0, 11, 27.83, 1612515, 72, 0, 0
27380, 34, 2, 132, 0, 0, 0.81%, 0, 0, 11, 26.04, 1612644, 72, 0, 0
27385, 34, 2, 132, 0, 0, 0.81%, 0, 0, 11, 27.43, 1612795, 72, 0, 0
27390, 34, 35, 132, 0, 0, 0.81%, 0, 0, 11, 22.66, 1612956, 72, 0, 0
27395, 34, 34, 132, 0, 0, 0.81%, 0, 0, 11, 27.42, 1613131, 72, 0, 0
27400, 34, 34, 132, 0, 0, 0.81%, 0, 0, 11, 183.59, 1613304, 72, 0, 0
27406, 34, 57, 132, 0, 0, 0.81%, 0, 0, 11, 25.73, 1613767, 72, 0, 0
27411, 34, 57, 132, 0, 0, 0.81%, 0, 0, 11, 25.32, 1613896, 72, 0, 0
27416, 34, 57, 132, 0, 0, 0.81%, 0, 0, 11, 27.14, 1614037, 72, 0, 0
27421, 34, 57, 132, 0, 0, 0.81%, 0, 0, 11, 27.62, 1614180, 72, 0, 0
27426, 34, 13, 132, 0, 0, 0.81%, 0, 0, 11, 29.19, 1614327, 72, 0, 0
27431, 34, 13, 132, 0, 0, 0.81%, 0, 0, 11, 27.21, 1614464, 72, 0, 0
27436, 34, 98, 132, 0, 0, 0.81%, 0, 0, 11, 26.24, 1614596, 72, 0, 0
27441, 34, 45, 132, 0, 0, 0.81%, 0, 0, 11, 26.19, 1614730, 72, 0, 0
27447, 34, 45, 132, 0, 0, 0.81%, 0, 0, 11, 26.69, 1614869, 72, 0, 0
27452, 34, 45, 132, 0, 0, 0.81%, 0, 0, 11, 26.57, 1615125, 72, 0, 0
27457, 34, 99, 132, 0, 0, 0.81%, 0, 0, 11, 26.45, 1615334, 72, 0, 0
27462, 34, 99, 132, 0, 0, 0.81%, 0, 0, 11, 27.89, 1615473, 72, 0, 0
27467, 34, 99, 132, 0, 0, 0.81%, 0, 0, 11, 28.68, 1615617, 72, 0, 0
27472, 34, 99, 132, 0, 0, 0.81%, 0, 0, 11, 26.83, 1615752, 72, 0, 0
27478, 34, 54, 132, 0, 0, 0.81%, 0, 0, 11, 28.53, 1615938, 72, 0, 0
27483, 34, 55, 132, 0, 0, 0.81%, 0, 0, 11, 25.48, 1616064, 72, 0, 0
27488, 34, 51, 132, 0, 0, 0.81%, 0, 0, 11, 30.71, 1616285, 72, 0, 0
27493, 34, 51, 132, 0, 0, 0.81%, 0, 0, 11, 27.45, 1616419, 72, 0, 0
27498, 34, 18, 132, 0, 0, 0.81%, 0, 0, 11, 27.90, 1616567, 72, 0, 0
27503, 34, 18, 132, 0, 0, 0.81%, 0, 0, 11, 27.96, 1616711, 72, 0, 0
27508, 34, 32, 132, 0, 0, 0.81%, 0, 0, 11, 26.56, 1616846, 72, 0, 0
27513, 34, 32, 132, 0, 0, 0.81%, 0, 0, 11, 25.61, 1616975, 72, 0, 0
27519, 34, 111, 132, 0, 0, 0.81%, 0, 0, 11, 25.86, 1617110, 72, 0, 0
27524, 34, 111, 132, 0, 0, 0.81%, 0, 0, 11, 26.02, 1617245, 72, 0, 0
27529, 34, 111, 132, 0, 0, 0.81%, 0, 0, 11, 26.50, 1617383, 72, 0, 0
27534, 34, 111, 132, 0, 0, 0.81%, 0, 0, 11, 28.24, 1617559, 72, 0, 0
27539, 34, 111, 132, 0, 0, 0.81%, 0, 0, 11, 26.42, 1617693, 72, 0, 0
27544, 34, 111, 132, 0, 0, 0.81%, 0, 0, 11, 25.59, 1617822, 72, 0, 0
27549, 34, 111, 132, 0, 0, 0.81%, 0, 0, 11, 25.29, 1618111, 72, 0, 0
27554, 34, 111, 132, 0, 0, 0.81%, 0, 0, 11, 26.93, 1618246, 72, 0, 0
27560, 34, 111, 132, 0, 0, 0.81%, 0, 0, 11, 26.99, 1618390, 72, 0, 0
27565, 34, 18, 132, 0, 0, 0.81%, 0, 0, 11, 26.00, 1618522, 72, 0, 0
27570, 34, 18, 132, 0, 0, 0.81%, 0, 0, 11, 25.37, 1618657, 72, 0, 0
27575, 34, 57, 132, 0, 0, 0.81%, 0, 0, 11, 25.11, 1618783, 72, 0, 0
27580, 34, 57, 132, 0, 0, 0.81%, 0, 0, 11, 25.63, 1618917, 72, 0, 0
27585, 34, 57, 132, 0, 0, 0.81%, 0, 0, 11, 25.03, 1619045, 72, 0, 0
27590, 34, 57, 132, 0, 0, 0.81%, 0, 0, 11, 26.24, 1619181, 72, 0, 0
27595, 34, 57, 132, 0, 0, 0.81%, 0, 0, 11, 26.56, 1619317, 72, 0, 0
27601, 34, 78, 132, 0, 0, 0.81%, 0, 0, 11, 26.19, 1619452, 72, 0, 0
27606, 34, 45, 132, 0, 0, 0.81%, 0, 0, 11, 25.17, 1619579, 72, 0, 0
27611, 34, 45, 132, 0, 0, 0.81%, 0, 0, 11, 25.53, 1619707, 72, 0, 0
27616, 34, 45, 132, 0, 0, 0.81%, 0, 0, 11, 26.20, 1619840, 72, 0, 0
27621, 34, 45, 132, 0, 0, 0.81%, 0, 0, 11, 26.15, 1619971, 72, 0, 0
27626, 34, 45, 132, 0, 0, 0.81%, 0, 0, 11, 26.17, 1620104, 72, 0, 0
27631, 34, 57, 132, 0, 0, 0.81%, 0, 0, 11, 26.09, 1620237, 72, 0, 0
27636, 34, 57, 132, 0, 0, 0.81%, 0, 0, 11, 25.70, 1620371, 72, 0, 0
27641, 34, 57, 132, 0, 0, 0.81%, 0, 0, 11, 26.00, 1620504, 72, 0, 0
27647, 34, 57, 132, 0, 0, 0.81%, 0, 0, 11, 25.38, 1620631, 72, 0, 0
27652, 34, 99, 132, 0, 0, 0.81%, 0, 0, 11, 24.91, 1620758, 72, 0, 0
27657, 34, 99, 132, 0, 0, 0.81%, 0, 0, 11, 25.61, 1620893, 72, 0, 0
27662, 34, 99, 132, 0, 0, 0.81%, 0, 0, 11, 27.29, 1621072, 72, 0, 0
27667, 34, 99, 132, 0, 0, 0.81%, 0, 0, 11, 25.89, 1621248, 72, 0, 0
27672, 34, 47, 132, 0, 0, 0.81%, 0, 0, 11, 25.64, 1621375, 72, 0, 0
27677, 34, 47, 132, 0, 0, 0.81%, 0, 0, 11, 25.94, 1621506, 72, 0, 0
27682, 34, 47, 132, 0, 0, 0.81%, 0, 0, 11, 25.96, 1621642, 72, 0, 0
27688, 34, 47, 132, 0, 0, 0.81%, 0, 0, 11, 26.89, 1621782, 72, 0, 0
27693, 34, 47, 132, 0, 0, 0.81%, 0, 0, 11, 26.09, 1621912, 72, 0, 0
27698, 34, 98, 132, 0, 0, 0.81%, 0, 0, 11, 25.55, 1622042, 72, 0, 0
27703, 34, 47, 132, 0, 0, 0.81%, 0, 0, 11, 26.38, 1622178, 72, 0, 0
27708, 34, 47, 132, 0, 0, 0.81%, 0, 0, 11, 26.82, 1622318, 72, 0, 0
27713, 34, 47, 132, 0, 0, 0.81%, 0, 0, 11, 26.32, 1622455, 72, 0, 0
27718, 34, 47, 132, 0, 0, 0.81%, 0, 0, 11, 25.94, 1622585, 72, 0, 0
27723, 34, 99, 132, 0, 0, 0.81%, 0, 0, 11, 25.10, 1622710, 72, 0, 0
27728, 34, 99, 132, 0, 0, 0.81%, 0, 0, 11, 24.88, 1622834, 72, 0, 0
27733, 34, 99, 132, 0, 0, 0.81%, 0, 0, 11, 26.35, 1622969, 72, 0, 0
27739, 34, 99, 132, 0, 0, 0.81%, 0, 0, 11, 26.32, 1623105, 72, 0, 0
27744, 34, 99, 132, 0, 0, 0.81%, 0, 0, 11, 25.90, 1623239, 72, 0, 0
27749, 34, 32, 132, 0, 0, 0.81%, 0, 0, 11, 26.22, 1623376, 72, 0, 0
27754, 34, 32, 132, 0, 0, 0.81%, 0, 0, 11, 25.87, 1623508, 72, 0, 0
27759, 34, 27, 132, 0, 0, 0.81%, 0, 0, 11, 25.53, 1623636, 72, 0, 0
27764, 34, 27, 132, 0, 0, 0.81%, 0, 0, 11, 25.55, 1623765, 72, 0, 0
27769, 34, 32, 132, 0, 0, 0.81%, 0, 0, 11, 26.71, 1623903, 72, 0, 0
27775, 34, 32, 132, 0, 0, 0.81%, 0, 0, 11, 25.99, 1624039, 72, 0, 0
27780, 34, 13, 132, 0, 0, 0.81%, 0, 0, 11, 26.03, 1624169, 72, 0, 0
27785, 34, 13, 132, 0, 0, 0.81%, 0, 0, 11, 26.04, 1624300, 72, 0, 0
27790, 34, 13, 132, 0, 0, 0.81%, 0, 0, 11, 26.12, 1624433, 72, 0, 0
27795, 34, 57, 132, 0, 0, 0.81%, 0, 0, 11, 26.24, 1624568, 72, 0, 0
27800, 34, 57, 132, 0, 0, 0.81%, 0, 0, 11, 26.60, 1624704, 72, 0, 0
27805, 34, 57, 132, 0, 0, 0.81%, 0, 0, 11, 25.68, 1624835, 72, 0, 0
27810, 34, 57, 132, 0, 0, 0.81%, 0, 0, 11, 25.13, 1624960, 72, 0, 0
27815, 34, 38, 132, 0, 0, 0.81%, 0, 0, 11, 25.68, 1625089, 72, 0, 0
27820, 34, 111, 132, 0, 0, 0.81%, 0, 0, 11, 25.76, 1625223, 72, 0, 0
27826, 34, 111, 132, 0, 0, 0.81%, 0, 0, 11, 26.19, 1625358, 72, 0, 0
27831, 34, 111, 132, 0, 0, 0.81%, 0, 0, 11, 25.45, 1625491, 72, 0, 0
27836, 34, 111, 132, 0, 0, 0.81%, 0, 0, 11, 25.41, 1625623, 72, 0, 0
27841, 34, 111, 132, 0, 0, 0.81%, 0, 0, 11, 26.53, 1625760, 72, 0, 0
27846, 34, 111, 132, 0, 0, 0.81%, 0, 0, 11, 26.46, 1625891, 72, 0, 0
27851, 34, 111, 132, 0, 0, 0.81%, 0, 0, 11, 26.42, 1626028, 72, 0, 0
27856, 34, 111, 132, 0, 0, 0.81%, 0, 0, 11, 26.12, 1626162, 72, 0, 0
27861, 34, 111, 132, 0, 0, 0.81%, 0, 0, 11, 26.06, 1626294, 72, 0, 0
27866, 34, 111, 132, 0, 0, 0.81%, 0, 0, 11, 25.91, 1626423, 72, 0, 0
27872, 34, 2, 132, 0, 0, 0.81%, 0, 0, 11, 26.33, 1626560, 72, 0, 0
27877, 34, 2, 132, 0, 0, 0.81%, 0, 0, 11, 25.88, 1626693, 72, 0, 0
27882, 34, 100, 132, 0, 0, 0.81%, 0, 0, 11, 25.74, 1626824, 72, 0, 0
27887, 34, 100, 132, 0, 0, 0.81%, 0, 0, 11, 26.81, 1626960, 72, 0, 0
27892, 34, 100, 132, 0, 0, 0.81%, 0, 0, 11, 26.93, 1627098, 72, 0, 0
27897, 34, 100, 132, 0, 0, 0.81%, 0, 0, 11, 368.89, 1627313, 72, 0, 0
27902, 34, 51, 132, 0, 0, 0.81%, 0, 0, 11, 26.20, 1627445, 72, 0, 0
27907, 34, 51, 132, 0, 0, 0.81%, 0, 0, 11, 29.52, 1627601, 72, 0, 0
27913, 34, 9, 132, 0, 0, 0.81%, 0, 0, 11, 27.17, 1627739, 72, 0, 0
27918, 34, 9, 132, 0, 0, 0.81%, 0, 0, 11, 26.86, 1627874, 72, 0, 0
27923, 34, 32, 132, 0, 0, 0.81%, 0, 0, 11, 27.32, 1628013, 72, 0, 0
27928, 34, 32, 132, 0, 0, 0.81%, 0, 0, 11, 25.87, 1628143, 72, 0, 0
27933, 34, 94, 132, 0, 0, 0.81%, 0, 0, 11, 26.06, 1628276, 72, 0, 0
27938, 34, 94, 132, 0, 0, 0.81%, 0, 0, 11, 27.57, 1628417, 72, 0, 0
27943, 34, 94, 132, 0, 0, 0.81%, 0, 0, 11, 26.75, 1628556, 72, 0, 0
27948, 34, 94, 132, 0, 0, 0.81%, 0, 0, 11, 29.07, 1628855, 72, 0, 0
27953, 34, 94, 132, 0, 0, 0.81%, 0, 0, 11, 25.41, 1629094, 72, 0, 0
27959, 34, 38, 132, 0, 0, 0.81%, 0, 0, 11, 25.93, 1629225, 72, 0, 0
27964, 34, 16, 132, 0, 0, 0.81%, 0, 0, 11, 26.69, 1629394, 72, 0, 0
27969, 34, 45, 132, 0, 0, 0.81%, 0, 0, 11, 25.82, 1629590, 72, 0, 0
27974, 34, 45, 132, 0, 0, 0.81%, 0, 0, 11, 26.42, 1629723, 72, 0, 0
27979, 34, 45, 132, 0, 0, 0.81%, 0, 0, 11, 25.57, 1629913, 72, 0, 0
27984, 34, 45, 132, 0, 0, 0.81%, 0, 0, 11, 27.06, 1630061, 72, 0, 0
27989, 34, 18, 132, 0, 0, 0.81%, 0, 0, 11, 27.44, 1630210, 72, 0, 0
27994, 34, 18, 132, 0, 0, 0.81%, 0, 0, 11, 26.80, 1630346, 72, 0, 0
27999, 34, 86, 132, 0, 0, 0.81%, 0, 0, 11, 26.89, 1630479, 72, 0, 0
28005, 34, 86, 132, 0, 0, 0.81%, 0, 0, 11, 25.58, 1630610, 72, 0, 0
28010, 34, 86, 132, 0, 0, 0.81%, 0, 0, 11, 25.52, 1630742, 72, 0, 0
28015, 34, 86, 132, 0, 0, 0.81%, 0, 0, 11, 26.22, 1630876, 72, 0, 0
28020, 34, 86, 132, 0, 0, 0.81%, 0, 0, 11, 26.54, 1631014, 72, 0, 0
28025, 34, 50, 132, 0, 0, 0.81%, 0, 0, 11, 25.50, 1631140, 72, 0, 0
28030, 34, 50, 132, 0, 0, 0.81%, 0, 0, 11, 26.26, 1631273, 72, 0, 0
28035, 34, 50, 132, 0, 0, 0.81%, 0, 0, 11, 28.18, 1631450, 72, 0, 0
28040, 34, 50, 132, 0, 0, 0.81%, 0, 0, 11, 27.35, 1631642, 72, 0, 0
28046, 34, 99, 132, 0, 0, 0.81%, 0, 0, 11, 25.47, 1631804, 72, 0, 0
28051, 34, 99, 132, 0, 0, 0.81%, 0, 0, 11, 26.38, 1631943, 72, 0, 0
28056, 34, 99, 132, 0, 0, 0.81%, 0, 0, 11, 25.98, 1632072, 72, 0, 0
28061, 34, 35, 132, 0, 0, 0.81%, 0, 0, 11, 400.00, 1632539, 72, 0, 0
28066, 34, 94, 132, 0, 0, 0.81%, 0, 0, 11, 26.04, 1632821, 72, 0, 0
28071, 34, 94, 132, 0, 0, 0.81%, 0, 0, 11, 25.97, 1633005, 72, 0, 0
28076, 34, 94, 132, 0, 0, 0.81%, 0, 0, 11, 35.06, 1633210, 72, 0, 0
28081, 34, 94, 132, 0, 0, 0.81%, 0, 0, 11, 26.67, 1633472, 72, 0, 0
28086, 34, 20, 132, 0, 0, 0.81%, 0, 0, 11, 25.55, 1633601, 72, 0, 0
28092, 34, 99, 132, 0, 0, 0.81%, 0, 0, 11, 27.64, 1633744, 72, 0, 0
28097, 34, 99, 132, 0, 0, 0.81%, 0, 0, 11, 26.85, 1633904, 72, 0, 0
28102, 34, 2, 132, 0, 0, 0.81%, 0, 0, 11, 26.81, 1634376, 72, 0, 0
28107, 34, 2, 132, 0, 0, 0.81%, 0, 0, 11, 27.24, 1634516, 72, 0, 0
28112, 34, 13, 132, 0, 0, 0.81%, 0, 0, 11, 26.74, 1634675, 72, 0, 0
28117, 34, 13, 132, 0, 0, 0.81%, 0, 0, 11, 26.76, 1634849, 72, 0, 0
28122, 34, 18, 132, 0, 0, 0.81%, 0, 0, 11, 26.92, 1635019, 72, 0, 0
28127, 34, 18, 132, 0, 0, 0.81%, 0, 0, 11, 26.27, 1635149, 72, 0, 0
28132, 34, 11, 132, 0, 0, 0.81%, 0, 0, 11, 27.57, 1635284, 72, 0, 0
28137, 34, 16, 132, 0, 0, 0.81%, 0, 0, 11, 26.92, 1635421, 72, 0, 0
28143, 34, 16, 132, 0, 0, 0.81%, 0, 0, 11, 26.49, 1635555, 72, 0, 0
28148, 34, 16, 132, 0, 0, 0.81%, 0, 0, 11, 26.54, 1635687, 72, 0, 0
28153, 34, 51, 132, 0, 0, 0.81%, 0, 0, 11, 26.38, 1635824, 72, 0, 0
28158, 34, 51, 132, 0, 0, 0.81%, 0, 0, 11, 25.51, 1635952, 72, 0, 0
28163, 34, 51, 132, 0, 0, 0.81%, 0, 0, 11, 25.72, 1636081, 72, 0, 0
28168, 34, 51, 132, 0, 0, 0.81%, 0, 0, 11, 25.11, 1636213, 72, 0, 0
28173, 34, 51, 132, 0, 0, 0.81%, 0, 0, 11, 25.27, 1636342, 72, 0, 0
28178, 34, 2, 132, 0, 0, 0.81%, 0, 0, 11, 26.01, 1636472, 72, 0, 0
28183, 34, 2, 132, 0, 0, 0.81%, 0, 0, 11, 27.04, 1636613, 72, 0, 0
28188, 34, 16, 132, 0, 0, 0.81%, 0, 0, 11, 26.21, 1636744, 72, 0, 0
28194, 34, 16, 132, 0, 0, 0.81%, 0, 0, 11, 27.64, 1636887, 72, 0, 0
28199, 34, 111, 132, 0, 0, 0.81%, 0, 0, 11, 29.02, 1637035, 72, 0, 0
28204, 34, 111, 132, 0, 0, 0.81%, 0, 0, 11, 28.61, 1637178, 72, 0, 0
28209, 34, 111, 132, 0, 0, 0.81%, 0, 0, 11, 27.82, 1637319, 72, 0, 0
28214, 34, 111, 132, 0, 0, 0.81%, 0, 0, 11, 27.89, 1637456, 72, 0, 0
28219, 34, 111, 132, 0, 0, 0.81%, 0, 0, 11, 26.96, 1637595, 72, 0, 0
28224, 34, 111, 132, 0, 0, 0.81%, 0, 0, 11, 26.77, 1637733, 72, 0, 0
28229, 34, 111, 132, 0, 0, 0.81%, 0, 0, 11, 25.91, 1637872, 72, 0, 0
28235, 34, 111, 132, 0, 0, 0.81%, 0, 0, 11, 29.40, 1638018, 72, 0, 0
28240, 34, 111, 132, 0, 0, 0.81%, 0, 0, 11, 28.56, 1638158, 72, 0, 0
28245, 34, 111, 132, 0, 0, 0.81%, 0, 0, 11, 26.52, 1638289, 72, 0, 0
28250, 34, 51, 132, 0, 0, 0.81%, 0, 0, 11, 26.73, 1638427, 72, 0, 0
28255, 34, 51, 132, 0, 0, 0.81%, 0, 0, 11, 26.15, 1638560, 72, 0, 0
28260, 34, 58, 132, 0, 0, 0.81%, 0, 0, 11, 25.68, 1638693, 72, 0, 0
28265, 34, 58, 132, 0, 0, 0.81%, 0, 0, 11, 25.94, 1638826, 72, 0, 0
28270, 34, 58, 132, 0, 0, 0.81%, 0, 0, 11, 25.92, 1638958, 72, 0, 0
28275, 34, 58, 132, 0, 0, 0.81%, 0, 0, 11, 25.94, 1639088, 72, 0, 0
28280, 34, 9, 132, 0, 0, 0.81%, 0, 0, 11, 27.05, 1639226, 72, 0, 0
28286, 34, 9, 132, 0, 0, 0.81%, 0, 0, 11, 26.22, 1639361, 72, 0, 0
28291, 34, 9, 132, 0, 0, 0.81%, 0, 0, 11, 25.56, 1639492, 72, 0, 0
28296, 34, 37, 132, 0, 0, 0.81%, 0, 0, 11, 25.99, 1639623, 72, 0, 0
28301, 34, 37, 132, 0, 0, 0.81%, 0, 0, 11, 26.24, 1639755, 72, 0, 0
28306, 34, 94, 132, 0, 0, 0.81%, 0, 0, 11, 25.06, 1639881, 72, 0, 0
28311, 34, 94, 132, 0, 0, 0.81%, 0, 0, 11, 25.53, 1640013, 72, 0, 0
28316, 34, 94, 132, 0, 0, 0.81%, 0, 0, 11, 25.45, 1640141, 72, 0, 0
28321, 34, 94, 132, 0, 0, 0.81%, 0, 0, 11, 30.10, 1640304, 72, 0, 0
28326, 34, 94, 132, 0, 0, 0.81%, 0, 0, 11, 240.20, 1640498, 72, 0, 0
28331, 34, 94, 132, 0, 0, 0.81%, 0, 0, 11, 26.40, 1640673, 72, 0, 0
28337, 34, 78, 132, 0, 0, 0.81%, 0, 0, 11, 26.18, 1640807, 72, 0, 0
28342, 34, 61, 132, 0, 0, 0.81%, 0, 0, 11, 25.20, 1640933, 72, 0, 0
28347, 34, 61, 132, 0, 0, 0.81%, 0, 0, 11, 25.31, 1641061, 72, 0, 0
28352, 34, 61, 132, 0, 0, 0.81%, 0, 0, 11, 26.24, 1641196, 72, 0, 0
28357, 34, 61, 132, 0, 0, 0.81%, 0, 0, 11, 25.56, 1641325, 72, 0, 0
28362, 34, 111, 132, 0, 0, 0.81%, 0, 0, 11, 28.00, 1641522, 72, 0, 0
28367, 34, 111, 132, 0, 0, 0.81%, 0, 0, 11, 27.12, 1641661, 72, 0, 0
28372, 34, 111, 132, 0, 0, 0.81%, 0, 0, 11, 26.35, 1641795, 72, 0, 0
28377, 34, 111, 132, 0, 0, 0.81%, 0, 0, 11, 25.92, 1641927, 72, 0, 0
28382, 34, 111, 132, 0, 0, 0.81%, 0, 0, 11, 25.66, 1642058, 72, 0, 0
28388, 34, 111, 132, 0, 0, 0.81%, 0, 0, 11, 25.09, 1642189, 72, 0, 0
28393, 34, 111, 132, 0, 0, 0.81%, 0, 0, 11, 25.89, 1642324, 72, 0, 0
28398, 34, 111, 132, 0, 0, 0.81%, 0, 0, 11, 25.79, 1642458, 72, 0, 0
28403, 34, 111, 132, 0, 0, 0.81%, 0, 0, 11, 25.32, 1642588, 72, 0, 0
28408, 34, 111, 132, 0, 0, 0.81%, 0, 0, 11, 25.18, 1642714, 72, 0, 0
28413, 34, 125, 132, 0, 0, 0.81%, 0, 0, 11, 26.37, 1642847, 72, 0, 0
28418, 34, 2, 132, 0, 0, 0.81%, 0, 0, 11, 26.29, 1642982, 72, 0, 0
28423, 34, 2, 132, 0, 0, 0.81%, 0, 0, 11, 26.49, 1643117, 72, 0, 0
28429, 34, 47, 132, 0, 0, 0.81%, 0, 0, 11, 25.96, 1643250, 72, 0, 0
28434, 34, 47, 132, 0, 0, 0.81%, 0, 0, 11, 27.04, 1643387, 72, 0, 0
28439, 34, 47, 132, 0, 0, 0.81%, 0, 0, 11, 25.84, 1643516, 72, 0, 0
28444, 34, 47, 132, 0, 0, 0.81%, 0, 0, 11, 25.52, 1643646, 72, 0, 0
28449, 34, 47, 132, 0, 0, 0.81%, 0, 0, 11, 25.76, 1643779, 72, 0, 0
28454, 34, 16, 132, 0, 0, 0.81%, 0, 0, 11, 26.69, 1643913, 72, 0, 0
28459, 34, 16, 132, 0, 0, 0.81%, 0, 0, 11, 25.37, 1644044, 72, 0, 0
28464, 34, 51, 132, 0, 0, 0.81%, 0, 0, 11, 25.91, 1644176, 72, 0, 0
28469, 34, 51, 132, 0, 0, 0.81%, 0, 0, 11, 26.20, 1644314, 72, 0, 0
28474, 34, 16, 132, 0, 0, 0.81%, 0, 0, 11, 25.37, 1644441, 72, 0, 0
28480, 34, 16, 132, 0, 0, 0.81%, 0, 0, 11, 25.12, 1644569, 72, 0, 0
28485, 34, 16, 132, 0, 0, 0.81%, 0, 0, 11, 25.44, 1644700, 72, 0, 0
28490, 34, 111, 132, 0, 0, 0.81%, 0, 0, 11, 25.42, 1644829, 72, 0, 0
28495, 34, 111, 132, 0, 0, 0.81%, 0, 0, 11, 25.55, 1644959, 72, 0, 0
28500, 34, 111, 132, 0, 0, 0.81%, 0, 0, 11, 25.73, 1645093, 72, 0, 0
28505, 34, 111, 132, 0, 0, 0.81%, 0, 0, 11, 25.78, 1645224, 72, 0, 0
28510, 34, 111, 132, 0, 0, 0.81%, 0, 0, 11, 25.66, 1645352, 72, 0, 0
28515, 34, 111, 132, 0, 0, 0.81%, 0, 0, 11, 24.81, 1645479, 72, 0, 0
28520, 34, 111, 132, 0, 0, 0.81%, 0, 0, 11, 25.96, 1645613, 72, 0, 0
28525, 34, 111, 132, 0, 0, 0.81%, 0, 0, 11, 26.62, 1645749, 72, 0, 0
28530, 34, 111, 132, 0, 0, 0.81%, 0, 0, 11, 26.02, 1645881, 72, 0, 0
28536, 34, 111, 132, 0, 0, 0.81%, 0, 0, 11, 25.67, 1646011, 72, 0, 0
28541, 34, 98, 132, 0, 0, 0.81%, 0, 0, 11, 25.57, 1646141, 72, 0, 0
28546, 34, 111, 132, 0, 0, 0.81%, 0, 0, 11, 25.99, 1646273, 72, 0, 0
28551, 34, 111, 132, 0, 0, 0.81%, 0, 0, 11, 28.22, 1646448, 72, 0, 0
28556, 34, 111, 132, 0, 0, 0.81%, 0, 0, 11, 26.71, 1646581, 72, 0, 0
28561, 34, 111, 132, 0, 0, 0.81%, 0, 0, 11, 26.20, 1646714, 72, 0, 0
28566, 34, 111, 132, 0, 0, 0.81%, 0, 0, 11, 26.97, 1646853, 72, 0, 0
28571, 34, 111, 132, 0, 0, 0.81%, 0, 0, 11, 26.55, 1647036, 72, 0, 0
28576, 34, 111, 132, 0, 0, 0.81%, 0, 0, 11, 25.99, 1647166, 72, 0, 0
28582, 34, 111, 132, 0, 0, 0.81%, 0, 0, 11, 27.02, 1647388, 72, 0, 0
28587, 34, 52, 132, 0, 0, 0.81%, 0, 0, 11, 29.23, 1647534, 72, 0, 0
28592, 34, 52, 132, 0, 0, 0.81%, 0, 0, 11, 27.08, 1647671, 72, 0, 0
28597, 34, 52, 132, 0, 0, 0.81%, 0, 0, 11, 26.27, 1647808, 72, 0, 0
28602, 34, 52, 132, 0, 0, 0.81%, 0, 0, 11, 36.74, 1647996, 72, 0, 0
28607, 34, 16, 132, 0, 0, 0.81%, 0, 0, 11, 28.93, 1648136, 72, 0, 0
28612, 34, 16, 132, 0, 0, 0.81%, 0, 0, 11, 27.67, 1648276, 72, 0, 0
28618, 34, 16, 132, 0, 0, 0.81%, 0, 0, 11, 28.92, 1648413, 72, 0, 0
28623, 34, 14, 132, 0, 0, 0.81%, 0, 0, 11, 27.12, 1648555, 72, 0, 0
28628, 34, 14, 132, 0, 0, 0.81%, 0, 0, 11, 27.87, 1648697, 72, 0, 0
28633, 34, 94, 132, 0, 0, 0.81%, 0, 0, 11, 26.51, 1648830, 72, 0, 0
28638, 34, 94, 132, 0, 0, 0.81%, 0, 0, 11, 27.28, 1648974, 72, 0, 0
28643, 34, 94, 132, 0, 0, 0.81%, 0, 0, 11, 29.37, 1649129, 72, 0, 0
28648, 34, 94, 132, 0, 0, 0.81%, 0, 0, 11, 26.57, 1649259, 72, 0, 0
28654, 34, 94, 132, 0, 0, 0.81%, 0, 0, 11, 25.30, 1649385, 72, 0, 0
28659, 34, 94, 132, 0, 0, 0.81%, 0, 0, 11, 27.54, 1649577, 72, 0, 0
28664, 34, 32, 132, 0, 0, 0.81%, 0, 0, 11, 41.62, 1649836, 72, 0, 0
28669, 34, 32, 132, 0, 0, 0.81%, 0, 0, 11, 29.43, 1649965, 72, 0, 0
28674, 34, 51, 132, 0, 0, 0.81%, 0, 0, 11, 28.08, 1650159, 72, 0, 0
28679, 34, 51, 132, 0, 0, 0.81%, 0, 0, 11, 27.48, 1650301, 72, 0, 0
28684, 34, 18, 132, 0, 0, 0.81%, 0, 0, 11, 28.67, 1650445, 72, 0, 0
28689, 34, 18, 132, 0, 0, 0.81%, 0, 0, 11, 26.85, 1650579, 72, 0, 0
28694, 34, 32, 132, 0, 0, 0.81%, 0, 0, 11, 25.95, 1650710, 72, 0, 0
28699, 34, 32, 132, 0, 0, 0.81%, 0, 0, 11, 26.30, 1650842, 72, 0, 0
28704, 34, 37, 132, 0, 0, 0.81%, 0, 0, 11, 26.68, 1651029, 72, 0, 0
28709, 34, 37, 132, 0, 0, 0.81%, 0, 0, 11, 26.50, 1651161, 72, 0, 0
28715, 34, 99, 132, 0, 0, 0.81%, 0, 0, 11, 26.07, 1651294, 72, 0, 0
28720, 34, 99, 132, 0, 0, 0.81%, 0, 0, 11, 26.54, 1651434, 72, 0, 0
28725, 34, 99, 132, 0, 0, 0.81%, 0, 0, 11, 27.15, 1651573, 72, 0, 0
28730, 34, 99, 132, 0, 0, 0.81%, 0, 0, 11, 28.17, 1651723, 72, 0, 0
28735, 34, 63, 132, 0, 0, 0.81%, 0, 0, 11, 26.23, 1651893, 72, 0, 0
28740, 34, 32, 132, 0, 0, 0.81%, 0, 0, 11, 26.31, 1652023, 72, 0, 0
28745, 34, 32, 132, 0, 0, 0.81%, 0, 0, 11, 28.43, 1652186, 72, 0, 0
28750, 34, 36, 132, 0, 0, 0.81%, 0, 0, 11, 26.68, 1652350, 72, 0, 0
28756, 34, 36, 132, 0, 0, 0.81%, 0, 0, 11, 25.11, 1652520, 72, 0, 0
28761, 34, 98, 132, 0, 0, 0.81%, 0, 0, 11, 152.47, 1652684, 72, 0, 0
28766, 34, 13, 132, 0, 0, 0.81%, 0, 0, 11, 26.05, 1652817, 72, 0, 0
28771, 34, 13, 132, 0, 0, 0.81%, 0, 0, 11, 27.30, 1653050, 72, 0, 0
28776, 34, 52, 132, 0, 0, 0.81%, 0, 0, 11, 26.24, 1653181, 72, 0, 0
28781, 34, 52, 132, 0, 0, 0.81%, 0, 0, 11, 24.19, 1653366, 72, 0, 0
28786, 34, 32, 132, 0, 0, 0.81%, 0, 0, 11, 25.58, 1653501, 72, 0, 0
28791, 34, 32, 132, 0, 0, 0.81%, 0, 0, 11, 26.08, 1653636, 72, 0, 0
28797, 34, 11, 132, 0, 0, 0.81%, 0, 0, 11, 26.20, 1653771, 72, 0, 0
28802, 34, 111, 132, 0, 0, 0.81%, 0, 0, 11, 26.38, 1653904, 72, 0, 0
28807, 34, 111, 132, 0, 0, 0.81%, 0, 0, 11, 26.13, 1654036, 72, 0, 0
28812, 34, 111, 132, 0, 0, 0.81%, 0, 0, 11, 26.25, 1654168, 72, 0, 0
28817, 34, 111, 132, 0, 0, 0.81%, 0, 0, 11, 30.69, 1654515, 72, 0, 0
28822, 34, 111, 132, 0, 0, 0.81%, 0, 0, 11, 28.18, 1654652, 72, 0, 0
28827, 34, 111, 132, 0, 0, 0.81%, 0, 0, 11, 365.64, 1654867, 72, 0, 0
28832, 34, 111, 132, 0, 0, 0.81%, 0, 0, 11, 27.14, 1655013, 72, 0, 0
28837, 34, 13, 132, 0, 0, 0.81%, 0, 0, 11, 27.77, 1655155, 72, 0, 0
28842, 34, 13, 132, 0, 0, 0.81%, 0, 0, 11, 26.75, 1655289, 72, 0, 0
28847, 34, 13, 132, 0, 0, 0.81%, 0, 0, 11, 26.61, 1655427, 72, 0, 0
28853, 34, 14, 132, 0, 0, 0.81%, 0, 0, 11, 27.05, 1655569, 72, 0, 0
28858, 35, 47, 132, 0, 0, 0.81%, 0, 0, 11, 26.08, 1655755, 72, 0, 0
28863, 35, 47, 132, 0, 0, 0.81%, 0, 0, 11, 25.81, 1655883, 72, 0, 0
28868, 35, 47, 132, 0, 0, 0.81%, 0, 0, 11, 25.84, 1656015, 72, 0, 0
28873, 35, 47, 132, 0, 0, 0.81%, 0, 0, 11, 27.82, 1656155, 72, 0, 0
28878, 35, 47, 132, 0, 0, 0.81%, 0, 0, 11, 26.32, 1656288, 72, 0, 0
28883, 35, 55, 132, 0, 0, 0.81%, 0, 0, 11, 26.09, 1656420, 72, 0, 0
28888, 35, 14, 132, 0, 0, 0.81%, 0, 0, 11, 27.03, 1656559, 72, 0, 0
28893, 35, 14, 132, 0, 0, 0.81%, 0, 0, 11, 27.41, 1656701, 72, 0, 0
28899, 35, 57, 132, 0, 0, 0.81%, 0, 0, 11, 27.61, 1656891, 72, 0, 0
28904, 35, 57, 132, 0, 0, 0.81%, 0, 0, 11, 27.73, 1657035, 72, 0, 0
28909, 35, 57, 132, 0, 0, 0.81%, 0, 0, 11, 26.61, 1657174, 72, 0, 0
28914, 35, 57, 132, 0, 0, 0.81%, 0, 0, 11, 25.14, 1657301, 72, 0, 0
28919, 35, 87, 132, 0, 0, 0.81%, 0, 0, 11, 74.67, 1657484, 72, 0, 0
28924, 35, 87, 132, 0, 0, 0.81%, 0, 0, 11, 43.87, 1657681, 72, 0, 0
28929, 35, 87, 132, 0, 0, 0.81%, 0, 0, 11, 32.39, 1657825, 72, 0, 0
28935, 35, 87, 132, 0, 0, 0.81%, 0, 0, 11, 31.18, 1657992, 72, 0, 0
28940, 35, 23, 132, 0, 0, 0.81%, 0, 0, 11, 27.93, 1658132, 72, 0, 0
28945, 35, 23, 132, 0, 0, 0.81%, 0, 0, 11, 30.57, 1658331, 72, 0, 0
28950, 35, 61, 132, 0, 0, 0.81%, 0, 0, 11, 27.15, 1658467, 72, 0, 0
28955, 35, 61, 132, 0, 0, 0.81%, 0, 0, 11, 29.23, 1658617, 72, 0, 0
28960, 35, 61, 132, 0, 0, 0.81%, 0, 0, 11, 29.32, 1658760, 72, 0, 0
28965, 35, 61, 132, 0, 0, 0.81%, 0, 0, 11, 26.95, 1658895, 72, 0, 0
28970, 35, 26, 132, 0, 0, 0.81%, 0, 0, 11, 26.12, 1659028, 72, 0, 0
28975, 35, 26, 132, 0, 0, 0.81%, 0, 0, 11, 26.04, 1659159, 72, 0, 0
28981, 35, 102, 132, 0, 0, 0.81%, 0, 0, 11, 34.47, 1659347, 72, 0, 0
28986, 35, 102, 132, 0, 0, 0.81%, 0, 0, 11, 27.80, 1659477, 72, 0, 0
28991, 35, 102, 132, 0, 0, 0.81%, 0, 0, 11, 26.95, 1659615, 72, 0, 0
28996, 35, 102, 132, 0, 0, 0.81%, 0, 0, 11, 25.73, 1659785, 72, 0, 0
29001, 35, 23, 132, 0, 0, 0.81%, 0, 0, 11, 27.61, 1659933, 72, 0, 0
29006, 35, 23, 132, 0, 0, 0.81%, 0, 0, 11, 26.59, 1660069, 72, 0, 0
29011, 35, 26, 132, 0, 0, 0.81%, 0, 0, 11, 24.22, 1660188, 72, 0, 0
29016, 35, 26, 132, 0, 0, 0.81%, 0, 0, 11, 25.81, 1660322, 72, 0, 0
29021, 35, 17, 132, 0, 0, 0.81%, 0, 0, 11, 32.67, 1660495, 72, 0, 0
29027, 35, 17, 132, 0, 0, 0.81%, 0, 0, 11, 29.98, 1660645, 72, 0, 0
29032, 35, 100, 132, 0, 0, 0.81%, 0, 0, 11, 26.74, 1660779, 72, 0, 0
29037, 35, 100, 132, 0, 0, 0.81%, 0, 0, 11, 26.91, 1660915, 72, 0, 0
29042, 35, 100, 132, 0, 0, 0.81%, 0, 0, 11, 26.33, 1661048, 72, 0, 0
29047, 35, 100, 132, 0, 0, 0.81%, 0, 0, 11, 26.98, 1661190, 72, 0, 0
29052, 35, 51, 132, 0, 0, 0.81%, 0, 0, 11, 28.66, 1661334, 72, 0, 0
29057, 35, 51, 132, 0, 0, 0.81%, 0, 0, 11, 27.63, 1661471, 72, 0, 0
29062, 35, 51, 132, 0, 0, 0.81%, 0, 0, 11, 28.47, 1661619, 72, 0, 0
29067, 35, 34, 132, 0, 0, 0.81%, 0, 0, 11, 28.18, 1661760, 72, 0, 0
29072, 35, 23, 132, 0, 0, 0.81%, 0, 0, 11, 25.76, 1661940, 72, 0, 0
29078, 35, 23, 132, 0, 0, 0.81%, 0, 0, 11, 26.47, 1662077, 72, 0, 0
29083, 35, 23, 132, 0, 0, 0.81%, 0, 0, 11, 27.09, 1662218, 72, 0, 0
29088, 35, 18, 132, 0, 0, 0.81%, 0, 0, 11, 28.62, 1662365, 72, 0, 0
29093, 35, 100, 132, 0, 0, 0.81%, 0, 0, 11, 26.60, 1662559, 72, 0, 0
29098, 35, 100, 132, 0, 0, 0.81%, 0, 0, 11, 25.99, 1662694, 72, 0, 0
29103, 35, 100, 132, 0, 0, 0.81%, 0, 0, 11, 25.14, 1662874, 72, 0, 0
29108, 35, 100, 132, 0, 0, 0.81%, 0, 0, 11, 26.04, 1663055, 72, 0, 0
29113, 35, 30, 132, 0, 0, 0.81%, 0, 0, 11, 27.15, 1663191, 72, 0, 0
29119, 35, 30, 132, 0, 0, 0.81%, 0, 0, 11, 26.27, 1663324, 72, 0, 0
29124, 35, 19, 132, 0, 0, 0.81%, 0, 0, 11, 25.70, 1663455, 72, 0, 0
29129, 35, 52, 132, 0, 0, 0.81%, 0, 0, 11, 223.00, 1663768, 72, 0, 0
29134, 35, 99, 132, 0, 0, 0.81%, 0, 0, 11, 170.73, 1664108, 72, 0, 0
29139, 35, 99, 132, 0, 0, 0.81%, 0, 0, 11, 24.90, 1664274, 72, 0, 0
29144, 35, 99, 132, 0, 0, 0.81%, 0, 0, 11, 23.44, 1664603, 72, 0, 0
29149, 35, 111, 132, 0, 0, 0.81%, 0, 0, 11, 25.86, 1664741, 72, 0, 0
29154, 35, 111, 132, 0, 0, 0.81%, 0, 0, 11, 24.26, 1664907, 72, 0, 0
29159, 35, 111, 132, 0, 0, 0.81%, 0, 0, 11, 25.09, 1665035, 72, 0, 0
29165, 35, 111, 132, 0, 0, 0.81%, 0, 0, 11, 26.45, 1665170, 72, 0, 0
29170, 35, 111, 132, 0, 0, 0.81%, 0, 0, 11, 26.90, 1665316, 72, 0, 0
29175, 35, 111, 132, 0, 0, 0.81%, 0, 0, 11, 22.22, 1665715, 72, 0, 0
29180, 35, 111, 132, 0, 0, 0.81%, 0, 0, 11, 25.64, 1665852, 72, 0, 0
29185, 35, 34, 132, 0, 0, 0.81%, 0, 0, 11, 28.15, 1665996, 72, 0, 0
29190, 35, 34, 132, 0, 0, 0.81%, 0, 0, 11, 25.37, 1666122, 72, 0, 0
29195, 35, 34, 132, 0, 0, 0.81%, 0, 0, 11, 25.52, 1666250, 72, 0, 0
29200, 35, 7, 132, 0, 0, 0.81%, 0, 0, 11, 26.67, 1666386, 72, 0, 0
29205, 35, 7, 132, 0, 0, 0.81%, 0, 0, 11, 25.76, 1666518, 72, 0, 0
29210, 35, 47, 132, 0, 0, 0.81%, 0, 0, 11, 26.57, 1666651, 72, 0, 0
29215, 35, 47, 132, 0, 0, 0.81%, 0, 0, 11, 25.52, 1666780, 72, 0, 0
29221, 35, 47, 132, 0, 0, 0.81%, 0, 0, 11, 25.97, 1666912, 72, 0, 0
29226, 35, 47, 132, 0, 0, 0.81%, 0, 0, 11, 25.46, 1667041, 72, 0, 0
29231, 35, 47, 132, 0, 0, 0.81%, 0, 0, 11, 26.29, 1667175, 72, 0, 0
29236, 35, 17, 132, 0, 0, 0.81%, 0, 0, 11, 26.42, 1667313, 72, 0, 0
29241, 35, 17, 132, 0, 0, 0.81%, 0, 0, 11, 26.48, 1667448, 72, 0, 0
29246, 35, 86, 132, 0, 0, 0.81%, 0, 0, 11, 26.58, 1667586, 72, 0, 0
29251, 35, 86, 132, 0, 0, 0.81%, 0, 0, 11, 25.63, 1667718, 72, 0, 0
29256, 35, 86, 132, 0, 0, 0.81%, 0, 0, 11, 25.84, 1667850, 72, 0, 0
29262, 35, 86, 132, 0, 0, 0.81%, 0, 0, 11, 25.53, 1667978, 72, 0, 0
29267, 35, 55, 132, 0, 0, 0.81%, 0, 0, 11, 24.83, 1668104, 72, 0, 0
29272, 35, 94, 132, 0, 0, 0.81%, 0, 0, 11, 26.30, 1668238, 72, 0, 0
29277, 35, 94, 132, 0, 0, 0.81%, 0, 0, 11, 25.99, 1668371, 72, 0, 0
29282, 35, 94, 132, 0, 0, 0.81%, 0, 0, 11, 25.61, 1668502, 72, 0, 0
29287, 35, 94, 132, 0, 0, 0.81%, 0, 0, 11, 26.16, 1668634, 72, 0, 0
29292, 35, 94, 132, 0, 0, 0.81%, 0, 0, 11, 25.65, 1668765, 72, 0, 0
29297, 35, 94, 132, 0, 0, 0.81%, 0, 0, 11, 27.04, 1668911, 72, 0, 0
29302, 35, 94, 132, 0, 0, 0.81%, 0, 0, 11, 25.82, 1669037, 72, 0, 0
29308, 35, 72, 132, 0, 0, 0.81%, 0, 0, 11, 25.37, 1669168, 72, 0, 0
29313, 35, 72, 132, 0, 0, 0.81%, 0, 0, 11, 25.68, 1669302, 72, 0, 0
29318, 35, 61, 132, 0, 0, 0.81%, 0, 0, 11, 25.71, 1669430, 72, 0, 0
29323, 35, 61, 132, 0, 0, 0.81%, 0, 0, 11, 26.09, 1669561, 72, 0, 0
29328, 35, 61, 132, 0, 0, 0.81%, 0, 0, 11, 26.23, 1669694, 72, 0, 0
29333, 35, 61, 132, 0, 0, 0.81%, 0, 0, 11, 26.33, 1669827, 72, 0, 0
29338, 35, 36, 132, 0, 0, 0.81%, 0, 0, 11, 25.96, 1669956, 72, 0, 0
29343, 35, 36, 132, 0, 0, 0.81%, 0, 0, 11, 26.21, 1670092, 72, 0, 0
29348, 35, 36, 132, 0, 0, 0.81%, 0, 0, 11, 26.03, 1670228, 72, 0, 0
29354, 35, 99, 132, 0, 0, 0.81%, 0, 0, 11, 26.47, 1670364, 72, 0, 0
29359, 35, 99, 132, 0, 0, 0.81%, 0, 0, 11, 26.53, 1670500, 72, 0, 0
29364, 35, 99, 132, 0, 0, 0.81%, 0, 0, 11, 26.36, 1670637, 72, 0, 0
29369, 35, 99, 132, 0, 0, 0.81%, 0, 0, 11, 25.63, 1670769, 72, 0, 0
29374, 35, 6, 132, 0, 0, 0.81%, 0, 0, 11, 26.41, 1670905, 72, 0, 0
29379, 35, 94, 132, 0, 0, 0.81%, 0, 0, 11, 26.49, 1671042, 72, 0, 0
29385, 35, 94, 132, 0, 0, 0.81%, 0, 0, 11, 26.76, 1671178, 72, 0, 0
29390, 35, 94, 132, 0, 0, 0.81%, 0, 0, 11, 26.07, 1671312, 72, 0, 0
29395, 35, 94, 132, 0, 0, 0.81%, 0, 0, 11, 25.70, 1671444, 72, 0, 0
29400, 35, 94, 132, 0, 0, 0.81%, 0, 0, 11, 26.00, 1671574, 72, 0, 0
29405, 35, 94, 132, 0, 0, 0.81%, 0, 0, 11, 25.68, 1671706, 72, 0, 0
29410, 35, 94, 132, 0, 0, 0.81%, 0, 0, 11, 26.13, 1671844, 72, 0, 0
29416, 35, 121, 132, 0, 0, 0.81%, 0, 0, 11, 27.46, 1671988, 72, 0, 0
29421, 35, 121, 132, 0, 0, 0.81%, 0, 0, 11, 26.37, 1672121, 72, 0, 0
29426, 35, 121, 132, 0, 0, 0.81%, 0, 0, 11, 25.65, 1672249, 72, 0, 0
29431, 35, 121, 132, 0, 0, 0.81%, 0, 0, 11, 26.04, 1672381, 72, 0, 0
29436, 35, 121, 132, 0, 0, 0.81%, 0, 0, 11, 26.47, 1672519, 72, 0, 0
29441, 35, 121, 132, 0, 0, 0.81%, 0, 0, 11, 26.23, 1672651, 72, 0, 0
29446, 35, 121, 132, 0, 0, 0.81%, 0, 0, 11, 26.01, 1672786, 72, 0, 0
29451, 35, 121, 132, 0, 0, 0.81%, 0, 0, 11, 25.65, 1672917, 72, 0, 0
29457, 35, 121, 132, 0, 0, 0.81%, 0, 0, 11, 25.09, 1673049, 72, 0, 0
29462, 35, 121, 132, 0, 0, 0.81%, 0, 0, 11, 26.23, 1673183, 72, 0, 0
29467, 35, 36, 132, 0, 0, 0.81%, 0, 0, 11, 26.66, 1673319, 72, 0, 0
29472, 35, 36, 132, 0, 0, 0.81%, 0, 0, 11, 25.98, 1673454, 72, 0, 0
29477, 35, 100, 132, 0, 0, 0.81%, 0, 0, 11, 26.41, 1673591, 72, 0, 0
29482, 35, 100, 132, 0, 0, 0.81%, 0, 0, 11, 25.92, 1673720, 72, 0, 0
29487, 35, 100, 132, 0, 0, 0.81%, 0, 0, 11, 25.48, 1673849, 72, 0, 0
29492, 35, 100, 132, 0, 0, 0.81%, 0, 0, 11, 22.59, 1673958, 72, 0, 0
29498, 35, 100, 132, 0, 0, 0.81%, 0, 0, 11, 21.22, 1674063, 72, 0, 0
29503, 35, 100, 132, 0, 0, 0.81%, 0, 0, 11, 21.95, 1674175, 72, 0, 0
29508, 35, 100, 132, 0, 0, 0.81%, 0, 0, 11, 20.20, 1674277, 72, 0, 0
29513, 35, 100, 132, 0, 0, 0.81%, 0, 0, 11, 19.37, 1674373, 72, 0, 0
29518, 35, 100, 132, 0, 0, 0.81%, 0, 0, 11, 18.94, 1674471, 72, 0, 0
29523, 35, 100, 132, 0, 0, 0.81%, 0, 0, 11, 19.46, 1674572, 72, 0, 0
29528, 35, 100, 132, 0, 0, 0.81%, 0, 0, 11, 24.44, 1674702, 72, 0, 0
29534, 35, 52, 132, 0, 0, 0.81%, 0, 0, 11, 25.70, 1674837, 72, 0, 0
29539, 35, 52, 132, 0, 0, 0.81%, 0, 0, 11, 26.14, 1674969, 72, 0, 0
29544, 35, 45, 132, 0, 0, 0.81%, 0, 0, 11, 26.81, 1675110, 72, 0, 0
29549, 35, 45, 132, 0, 0, 0.81%, 0, 0, 11, 25.92, 1675243, 72, 0, 0
29554, 35, 45, 132, 0, 0, 0.81%, 0, 0, 11, 25.17, 1675373, 72, 0, 0
29559, 35, 45, 132, 0, 0, 0.81%, 0, 0, 11, 26.29, 1675512, 72, 0, 0
29565, 35, 55, 132, 0, 0, 0.81%, 0, 0, 11, 26.22, 1675648, 72, 0, 0
29570, 35, 13, 132, 0, 0, 0.81%, 0, 0, 11, 25.97, 1675778, 72, 0, 0
29575, 35, 13, 132, 0, 0, 0.81%, 0, 0, 11, 26.12, 1675910, 72, 0, 0
29580, 35, 13, 132, 0, 0, 0.81%, 0, 0, 11, 25.67, 1676039, 72, 0, 0
29585, 35, 2, 132, 0, 0, 0.81%, 0, 0, 11, 26.32, 1676174, 72, 0, 0
29590, 35, 2, 132, 0, 0, 0.81%, 0, 0, 11, 24.75, 1676301, 72, 0, 0
29595, 35, 17, 132, 0, 0, 0.81%, 0, 0, 11, 24.39, 1676427, 72, 0, 0
29600, 35, 17, 132, 0, 0, 0.81%, 0, 0, 11, 25.46, 1676562, 72, 0, 0
29606, 35, 17, 133, 1, 0, 0.81%, 0, 0, 11, 25.46, 1676695, 72, 0, 0
29611, 35, 17, 133, 1, 0, 0.81%, 0, 0, 11, 25.73, 1676825, 72, 0, 0
29616, 35, 17, 133, 1, 0, 0.81%, 0, 0, 11, 25.36, 1676953, 72, 0, 0
29621, 35, 13, 133, 1, 0, 0.81%, 0, 0, 11, 25.21, 1677083, 72, 0, 0
29626, 35, 13, 133, 1, 0, 0.81%, 0, 0, 11, 26.69, 1677221, 72, 0, 0
29631, 35, 16, 133, 1, 0, 0.81%, 0, 0, 11, 26.23, 1677353, 72, 0, 0
29636, 35, 16, 133, 1, 0, 0.81%, 0, 0, 11, 26.28, 1677485, 72, 0, 0
29641, 35, 132, 133, 1, 0, 0.81%, 0, 0, 11, 26.40, 1677622, 72, 0, 0
29646, 35, 132, 133, 1, 0, 0.81%, 0, 0, 11, 25.21, 1677750, 72, 0, 0
29651, 35, 132, 133, 1, 0, 0.81%, 0, 0, 11, 25.66, 1677878, 72, 0, 0
29656, 35, 132, 133, 1, 0, 0.81%, 0, 0, 11, 25.56, 1678006, 72, 0, 0
29662, 35, 132, 133, 1, 0, 0.81%, 0, 0, 11, 26.81, 1678143, 72, 0, 0
29667, 35, 132, 133, 1, 0, 0.81%, 0, 0, 11, 25.64, 1678275, 72, 0, 0
29672, 35, 132, 133, 1, 0, 0.81%, 0, 0, 11, 25.58, 1678408, 72, 0, 0
29677, 35, 132, 133, 1, 0, 0.81%, 0, 0, 11, 25.87, 1678538, 72, 0, 0
29682, 35, 13, 133, 0, 0, 0.81%, 0, 0, 11, 25.72, 1678666, 72, 0, 0
29687, 35, 13, 133, 0, 0, 0.81%, 0, 0, 11, 26.63, 1678799, 72, 0, 0
29692, 35, 7, 133, 0, 0, 0.81%, 0, 0, 11, 26.73, 1678934, 72, 0, 0
29697, 35, 7, 133, 0, 0, 0.81%, 0, 0, 11, 26.27, 1679069, 72, 0, 0
29702, 35, 7, 133, 0, 0, 0.81%, 0, 0, 11, 25.76, 1679198, 72, 0, 0
29707, 35, 47, 133, 0, 0, 0.81%, 0, 0, 11, 24.76, 1679320, 72, 0, 0
29712, 35, 47, 133, 0, 0, 0.81%, 0, 0, 11, 26.03, 1679456, 72, 0, 0
29718, 35, 47, 133, 0, 0, 0.81%, 0, 0, 11, 26.28, 1679593, 72, 0, 0
29723, 35, 47, 133, 0, 0, 0.81%, 0, 0, 11, 26.25, 1679728, 72, 0, 0
29728, 35, 17, 133, 0, 0, 0.81%, 0, 0, 11, 26.20, 1679865, 72, 0, 0
29733, 35, 17, 133, 0, 0, 0.81%, 0, 0, 11, 25.48, 1679995, 72, 0, 0
29738, 35, 17, 133, 0, 0, 0.81%, 0, 0, 11, 25.41, 1680123, 72, 0, 0
29743, 35, 51, 133, 0, 0, 0.81%, 0, 0, 11, 25.99, 1680255, 72, 0, 0
29748, 35, 51, 133, 0, 0, 0.81%, 0, 0, 11, 25.65, 1680384, 72, 0, 0
29753, 35, 100, 133, 0, 0, 0.81%, 0, 0, 11, 25.52, 1680513, 72, 0, 0
29759, 35, 100, 133, 0, 0, 0.81%, 0, 0, 11, 26.39, 1680651, 72, 0, 0
29764, 35, 100, 133, 0, 0, 0.81%, 0, 0, 11, 25.74, 1680786, 72, 0, 0
29769, 35, 100, 133, 0, 0, 0.81%, 0, 0, 11, 25.98, 1680917, 72, 0, 0
29774, 35, 11, 133, 0, 0, 0.81%, 0, 0, 11, 24.95, 1681044, 72, 0, 0
29779, 35, 14, 133, 0, 0, 0.81%, 0, 0, 11, 24.95, 1681172, 72, 0, 0
29784, 35, 14, 133, 0, 0, 0.81%, 0, 0, 11, 26.02, 1681303, 72, 0, 0
29789, 35, 51, 133, 0, 0, 0.81%, 0, 0, 11, 26.27, 1681435, 72, 0, 0
29794, 35, 51, 133, 0, 0, 0.81%, 0, 0, 11, 26.33, 1681569, 72, 0, 0
29799, 35, 51, 133, 0, 0, 0.81%, 0, 0, 11, 25.98, 1681701, 72, 0, 0
29805, 35, 99, 133, 0, 0, 0.81%, 0, 0, 11, 26.62, 1681836, 72, 0, 0
29810, 35, 99, 133, 0, 0, 0.81%, 0, 0, 11, 26.87, 1681976, 72, 0, 0
29815, 35, 99, 133, 0, 0, 0.81%, 0, 0, 11, 26.53, 1682108, 72, 0, 0
29820, 35, 99, 133, 0, 0, 0.81%, 0, 0, 11, 25.43, 1682239, 72, 0, 0
29825, 35, 21, 133, 0, 0, 0.81%, 0, 0, 11, 26.01, 1682376, 72, 0, 0
29830, 35, 21, 133, 0, 0, 0.81%, 0, 0, 11, 25.37, 1682504, 72, 0, 0
29835, 35, 21, 133, 0, 0, 0.81%, 0, 0, 11, 24.97, 1682633, 72, 0, 0
29840, 35, 36, 133, 0, 0, 0.81%, 0, 0, 11, 24.86, 1682759, 72, 0, 0
29846, 35, 36, 133, 0, 0, 0.81%, 0, 0, 11, 25.26, 1682888, 72, 0, 0
29851, 35, 20, 133, 0, 0, 0.81%, 0, 0, 11, 26.20, 1683024, 72, 0, 0
29856, 35, 37, 133, 0, 0, 0.81%, 0, 0, 11, 25.86, 1683155, 72, 0, 0
29861, 35, 37, 133, 0, 0, 0.81%, 0, 0, 11, 26.35, 1683286, 72, 0, 0
29866, 35, 11, 133, 0, 0, 0.81%, 0, 0, 11, 26.16, 1683416, 72, 0, 0
29871, 35, 68, 133, 0, 0, 0.81%, 0, 0, 11, 25.94, 1683550, 72, 0, 0
29876, 35, 120, 133, 0, 0, 0.81%, 0, 0, 11, 25.95, 1683679, 72, 0, 0
29881, 35, 120, 133, 0, 0, 0.81%, 0, 0, 11, 25.93, 1683816, 72, 0, 0
29886, 35, 120, 133, 0, 0, 0.81%, 0, 0, 11, 27.16, 1683954, 72, 0, 0
29892, 35, 120, 133, 0, 0, 0.81%, 0, 0, 11, 25.45, 1684082, 72, 0, 0
29897, 35, 120, 133, 0, 0, 0.81%, 0, 0, 11, 28.82, 1684225, 72, 0, 0
29902, 35, 120, 133, 0, 0, 0.81%, 0, 0, 11, 28.52, 1684363, 72, 0, 0
29907, 35, 98, 133, 0, 0, 0.81%, 0, 0, 11, 27.73, 1684501, 72, 0, 0
29912, 35, 99, 133, 0, 0, 0.81%, 0, 0, 11, 26.05, 1684635, 72, 0, 0
29917, 35, 99, 133, 0, 0, 0.81%, 0, 0, 11, 26.75, 1684774, 72, 0, 0
29922, 35, 99, 133, 0, 0, 0.81%, 0, 0, 11, 26.31, 1684906, 72, 0, 0
29927, 35, 99, 133, 0, 0, 0.81%, 0, 0, 11, 26.28, 1685039, 72, 0, 0
29932, 35, 99, 133, 0, 0, 0.81%, 0, 0, 11, 26.33, 1685175, 72, 0, 0
29937, 35, 47, 133, 0, 0, 0.81%, 0, 0, 11, 25.51, 1685304, 72, 0, 0
29942, 35, 47, 133, 0, 0, 0.81%, 0, 0, 11, 25.96, 1685436, 72, 0, 0
29947, 35, 47, 133, 0, 0, 0.81%, 0, 0, 11, 26.98, 1685575, 72, 0, 0
29953, 35, 34, 133, 0, 0, 0.81%, 0, 0, 11, 60.00, 1686053, 72, 0, 0
29958, 35, 94, 133, 0, 0, 0.81%, 0, 0, 11, 28.64, 1686305, 72, 0, 0
29963, 35, 94, 133, 0, 0, 0.81%, 0, 0, 11, 28.81, 1686452, 72, 0, 0
29968, 35, 94, 133, 0, 0, 0.81%, 0, 0, 11, 27.69, 1686809, 72, 0, 0
29973, 35, 9, 133, 0, 0, 0.81%, 0, 0, 11, 29.12, 1687043, 72, 0, 0
29978, 35, 9, 133, 0, 0, 0.81%, 0, 0, 11, 29.85, 1687200, 72, 0, 0
29983, 35, 20, 133, 0, 0, 0.81%, 0, 0, 11, 29.42, 1687348, 72, 0, 0
29988, 35, 2, 133, 0, 0, 0.81%, 0, 0, 11, 29.42, 1687495, 72, 0, 0
29993, 35, 2, 133, 0, 0, 0.81%, 0, 0, 11, 29.19, 1687646, 72, 0, 0
29999, 35, 52, 133, 0, 0, 0.81%, 0, 0, 11, 29.19, 1687798, 72, 0, 0
30004, 35, 52, 133, 0, 0, 0.81%, 0, 0, 11, 27.74, 1687934, 72, 0, 0
30009, 35, 26, 133, 0, 0, 0.81%, 0, 0, 11, 27.13, 1688071, 72, 0, 0
30014, 35, 26, 133, 0, 0, 0.81%, 0, 0, 11, 26.08, 1688202, 72, 0, 0
30019, 35, 30, 133, 0, 0, 0.81%, 0, 0, 11, 25.57, 1688333, 72, 0, 0
30024, 35, 30, 133, 0, 0, 0.81%, 0, 0, 11, 25.26, 1688462, 72, 0, 0
30029, 35, 35, 133, 0, 0, 0.81%, 0, 0, 11, 25.41, 1688589, 72, 0, 0
30034, 35, 35, 133, 0, 0, 0.81%, 0, 0, 11, 25.51, 1688721, 72, 0, 0
30039, 35, 35, 133, 0, 0, 0.81%, 0, 0, 11, 26.58, 1688858, 72, 0, 0
30044, 35, 94, 133, 0, 0, 0.81%, 0, 0, 11, 25.66, 1688988, 72, 0, 0
30050, 35, 94, 133, 0, 0, 0.81%, 0, 0, 11, 25.99, 1689121, 72, 0, 0
30055, 35, 94, 133, 0, 0, 0.81%, 0, 0, 11, 25.83, 1689255, 72, 0, 0
30060, 35, 94, 133, 0, 0, 0.81%, 0, 0, 11, 25.67, 1689384, 72, 0, 0
30065, 35, 94, 133, 0, 0, 0.81%, 0, 0, 11, 27.02, 1689523, 72, 0, 0
30070, 35, 94, 133, 0, 0, 0.81%, 0, 0, 11, 26.30, 1689652, 72, 0, 0
30075, 35, 34, 133, 0, 0, 0.81%, 0, 0, 11, 26.22, 1689782, 72, 0, 0
30080, 35, 34, 133, 0, 0, 0.81%, 0, 0, 11, 27.10, 1689920, 72, 0, 0
30085, 35, 34, 133, 0, 0, 0.81%, 0, 0, 11, 26.84, 1690057, 72, 0, 0
30090, 35, 94, 133, 0, 0, 0.81%, 0, 0, 11, 26.25, 1690192, 72, 0, 0
30096, 35, 94, 133, 0, 0, 0.81%, 0, 0, 11, 26.04, 1690328, 72, 0, 0
30101, 35, 94, 133, 0, 0, 0.81%, 0, 0, 11, 26.82, 1690467, 72, 0, 0
30106, 35, 94, 133, 0, 0, 0.81%, 0, 0, 11, 25.68, 1690595, 72, 0, 0
30111, 35, 94, 133, 0, 0, 0.81%, 0, 0, 11, 24.85, 1690722, 72, 0, 0
30116, 35, 94, 133, 0, 0, 0.81%, 0, 0, 11, 25.82, 1690856, 72, 0, 0
30121, 35, 70, 133, 0, 0, 0.81%, 0, 0, 11, 25.78, 1690986, 72, 0, 0
30126, 35, 120, 133, 0, 0, 0.81%, 0, 0, 11, 25.70, 1691121, 72, 0, 0
30132, 35, 120, 133, 0, 0, 0.81%, 0, 0, 11, 25.66, 1691253, 72, 0, 0
30137, 35, 120, 133, 0, 0, 0.81%, 0, 0, 11, 26.72, 1691389, 72, 0, 0
30142, 35, 120, 133, 0, 0, 0.81%, 0, 0, 11, 26.12, 1691519, 72, 0, 0
30147, 35, 120, 133, 0, 0, 0.81%, 0, 0, 11, 25.35, 1691648, 72, 0, 0
30152, 35, 120, 133, 0, 0, 0.81%, 0, 0, 11, 25.85, 1691783, 72, 0, 0
30157, 35, 120, 133, 0, 0, 0.81%, 0, 0, 11, 26.15, 1691918, 72, 0, 0
30162, 35, 34, 133, 0, 0, 0.81%, 0, 0, 11, 26.08, 1692047, 72, 0, 0
30167, 35, 34, 133, 0, 0, 0.81%, 0, 0, 11, 25.88, 1692181, 72, 0, 0
30172, 35, 34, 133, 0, 0, 0.81%, 0, 0, 11, 26.23, 1692315, 72, 0, 0
30177, 35, 9, 133, 0, 0, 0.81%, 0, 0, 11, 27.63, 1692457, 72, 0, 0
30183, 35, 38, 133, 0, 0, 0.81%, 0, 0, 11, 379.91, 1692691, 72, 0, 0
30188, 35, 58, 133, 0, 0, 0.81%, 0, 0, 11, 26.16, 1692822, 72, 0, 0
30193, 35, 58, 133, 0, 0, 0.81%, 0, 0, 11, 26.18, 1692954, 72, 0, 0
30198, 35, 58, 133, 0, 0, 0.81%, 0, 0, 11, 25.49, 1693087, 72, 0, 0
30203, 35, 58, 133, 0, 0, 0.81%, 0, 0, 11, 25.70, 1693218, 72, 0, 0
30208, 35, 58, 133, 0, 0, 0.81%, 0, 0, 11, 26.29, 1693353, 72, 0, 0
30213, 35, 111, 133, 0, 0, 0.81%, 0, 0, 11, 25.92, 1693487, 72, 0, 0
30218, 35, 111, 133, 0, 0, 0.81%, 0, 0, 11, 25.31, 1693617, 72, 0, 0
30223, 35, 111, 133, 0, 0, 0.81%, 0, 0, 11, 25.93, 1693748, 72, 0, 0
30229, 35, 111, 133, 0, 0, 0.81%, 0, 0, 11, 25.97, 1693881, 72, 0, 0
30234, 35, 111, 133, 0, 0, 0.81%, 0, 0, 11, 25.41, 1694009, 72, 0, 0
30239, 35, 111, 133, 0, 0, 0.81%, 0, 0, 11, 26.30, 1694144, 72, 0, 0
30244, 35, 111, 133, 0, 0, 0.81%, 0, 0, 11, 26.22, 1694275, 72, 0, 0
30249, 35, 111, 133, 0, 0, 0.81%, 0, 0, 11, 26.22, 1694412, 72, 0, 0
30254, 35, 111, 133, 0, 0, 0.81%, 0, 0, 11, 26.37, 1694549, 72, 0, 0
30259, 35, 111, 133, 0, 0, 0.81%, 0, 0, 11, 24.95, 1694676, 72, 0, 0
30264, 35, 36, 133, 0, 0, 0.81%, 0, 0, 11, 24.40, 1694846, 72, 0, 0
30269, 35, 36, 133, 0, 0, 0.81%, 0, 0, 11, 26.02, 1694979, 72, 0, 0
30275, 35, 36, 133, 0, 0, 0.81%, 0, 0, 11, 26.77, 1695119, 72, 0, 0
30280, 35, 19, 133, 0, 0, 0.81%, 0, 0, 11, 25.73, 1695250, 72, 0, 0
30285, 35, 19, 133, 0, 0, 0.81%, 0, 0, 11, 26.66, 1695389, 72, 0, 0
30290, 35, 11, 133, 0, 0, 0.81%, 0, 0, 11, 25.65, 1695515, 72, 0, 0
30295, 35, 47, 133, 0, 0, 0.81%, 0, 0, 11, 26.22, 1695650, 72, 0, 0
30300, 35, 47, 133, 0, 0, 0.81%, 0, 0, 11, 26.64, 1695782, 72, 0, 0
30305, 35, 47, 133, 0, 0, 0.81%, 0, 0, 11, 26.14, 1695912, 72, 0, 0
30310, 35, 47, 133, 0, 0, 0.81%, 0, 0, 11, 26.00, 1696047, 72, 0, 0
30315, 35, 23, 133, 0, 0, 0.81%, 0, 0, 11, 26.63, 1696182, 72, 0, 0
30320, 35, 23, 133, 0, 0, 0.81%, 0, 0, 11, 25.61, 1696307, 72, 0, 0
30326, 35, 118, 133, 0, 0, 0.81%, 0, 0, 11, 26.40, 1696443, 72, 0, 0
30331, 35, 118, 133, 0, 0, 0.81%, 0, 0, 11, 26.06, 1696577, 72, 0, 0
30336, 35, 118, 133, 0, 0, 0.81%, 0, 0, 11, 26.22, 1696708, 72, 0, 0
30341, 35, 118, 133, 0, 0, 0.81%, 0, 0, 11, 27.01, 1696844, 72, 0, 0
30346, 35, 118, 133, 0, 0, 0.81%, 0, 0, 11, 26.15, 1696976, 72, 0, 0
30351, 35, 34, 133, 0, 0, 0.81%, 0, 0, 11, 26.90, 1697116, 72, 0, 0
30356, 35, 34, 133, 0, 0, 0.81%, 0, 0, 11, 27.69, 1697259, 72, 0, 0
30361, 35, 111, 133, 0, 0, 0.81%, 0, 0, 11, 28.27, 1697402, 72, 0, 0
30366, 35, 111, 133, 0, 0, 0.81%, 0, 0, 11, 27.90, 1697539, 72, 0, 0
30371, 35, 111, 133, 0, 0, 0.81%, 0, 0, 11, 29.39, 1697697, 72, 0, 0
30377, 35, 111, 133, 0, 0, 0.81%, 0, 0, 11, 26.50, 1697831, 72, 0, 0
30382, 35, 111, 133, 0, 0, 0.81%, 0, 0, 11, 25.73, 1698088, 72, 0, 0
30387, 35, 111, 133, 0, 0, 0.81%, 0, 0, 11, 25.51, 1698297, 72, 0, 0
30392, 35, 111, 133, 0, 0, 0.81%, 0, 0, 11, 27.61, 1698488, 72, 0, 0
30397, 35, 111, 133, 0, 0, 0.81%, 0, 0, 11, 32.07, 1698646, 72, 0, 0
30402, 35, 51, 133, 0, 0, 0.81%, 0, 0, 11, 28.40, 1698789, 72, 0, 0
30407, 35, 51, 133, 0, 0, 0.81%, 0, 0, 11, 26.56, 1698927, 72, 0, 0
30413, 35, 38, 133, 0, 0, 0.81%, 0, 0, 11, 26.17, 1699064, 72, 0, 0
30418, 35, 94, 133, 0, 0, 0.81%, 0, 0, 11, 26.05, 1699195, 72, 0, 0
30423, 35, 94, 133, 0, 0, 0.81%, 0, 0, 11, 25.88, 1699328, 72, 0, 0
30428, 35, 94, 133, 0, 0, 0.81%, 0, 0, 11, 25.75, 1699458, 72, 0, 0
30433, 35, 94, 133, 0, 0, 0.81%, 0, 0, 11, 26.52, 1699595, 72, 0, 0
30438, 35, 94, 133, 0, 0, 0.81%, 0, 0, 11, 26.76, 1699734, 72, 0, 0
30443, 35, 94, 133, 0, 0, 0.81%, 0, 0, 11, 27.80, 1699873, 72, 0, 0
30449, 35, 93, 133, 0, 0, 0.81%, 0, 0, 11, 26.53, 1700010, 72, 0, 0
30454, 35, 93, 133, 0, 0, 0.81%, 0, 0, 11, 25.81, 1700144, 72, 0, 0
30459, 35, 93, 133, 0, 0, 0.81%, 0, 0, 11, 25.67, 1700278, 72, 0, 0
30464, 35, 93, 133, 0, 0, 0.81%, 0, 0, 11, 25.01, 1700408, 72, 0, 0
30469, 35, 93, 133, 0, 0, 0.81%, 0, 0, 11, 25.39, 1700538, 72, 0, 0
30474, 35, 94, 133, 0, 0, 0.81%, 0, 0, 11, 24.93, 1700666, 72, 0, 0
30480, 35, 94, 133, 0, 0, 0.81%, 0, 0, 11, 25.12, 1700796, 72, 0, 0
30485, 35, 94, 133, 0, 0, 0.81%, 0, 0, 11, 25.75, 1700929, 72, 0, 0
30490, 35, 94, 133, 0, 0, 0.81%, 0, 0, 11, 25.54, 1701059, 72, 0, 0
30495, 35, 94, 133, 0, 0, 0.81%, 0, 0, 11, 25.82, 1701188, 72, 0, 0
30500, 35, 94, 133, 0, 0, 0.81%, 0, 0, 11, 25.49, 1701319, 72, 0, 0
30505, 35, 94, 133, 0, 0, 0.81%, 0, 0, 11, 25.98, 1701449, 72, 0, 0
30510, 35, 23, 133, 0, 0, 0.81%, 0, 0, 11, 26.05, 1701584, 72, 0, 0
30515, 35, 23, 133, 0, 0, 0.81%, 0, 0, 11, 25.98, 1701717, 72, 0, 0
30521, 35, 106, 133, 0, 0, 0.81%, 0, 0, 11, 24.57, 1701845, 72, 0, 0
30526, 35, 16, 133, 0, 0, 0.81%, 0, 0, 11, 25.67, 1701977, 72, 0, 0
30531, 35, 16, 133, 0, 0, 0.81%, 0, 0, 11, 28.56, 1702177, 72, 0, 0
30536, 35, 82, 133, 0, 0, 0.81%, 0, 0, 11, 26.02, 1702307, 72, 0, 0
30541, 35, 82, 133, 0, 0, 0.81%, 0, 0, 11, 34.05, 1702475, 72, 0, 0
30546, 35, 128, 133, 0, 0, 0.81%, 0, 0, 11, 22.90, 1702688, 72, 0, 0
30551, 35, 128, 133, 0, 0, 0.81%, 0, 0, 11, 27.07, 1702834, 72, 0, 0
30557, 35, 128, 133, 0, 0, 0.81%, 0, 0, 11, 26.09, 1702969, 72, 0, 0
30562, 35, 128, 133, 0, 0, 0.81%, 0, 0, 11, 26.29, 1703101, 72, 0, 0
30567, 35, 128, 133, 0, 0, 0.81%, 0, 0, 11, 25.92, 1703230, 72, 0, 0
30572, 35, 128, 133, 0, 0, 0.81%, 0, 0, 11, 25.66, 1703361, 72, 0, 0
30577, 35, 128, 133, 0, 0, 0.81%, 0, 0, 11, 25.90, 1703495, 72, 0, 0
30582, 35, 128, 133, 0, 0, 0.81%, 0, 0, 11, 26.26, 1703628, 72, 0, 0
30587, 35, 128, 133, 0, 0, 0.81%, 0, 0, 11, 25.80, 1703760, 72, 0, 0
30592, 35, 128, 133, 0, 0, 0.81%, 0, 0, 11, 26.27, 1703913, 72, 0, 0
30597, 35, 128, 133, 0, 0, 0.81%, 0, 0, 11, 26.68, 1704049, 72, 0, 0
30602, 35, 128, 133, 0, 0, 0.81%, 0, 0, 11, 26.15, 1704179, 72, 0, 0
30608, 35, 128, 133, 0, 0, 0.81%, 0, 0, 11, 25.70, 1704314, 72, 0, 0
30613, 35, 128, 133, 0, 0, 0.81%, 0, 0, 11, 26.24, 1704450, 72, 0, 0
30618, 35, 128, 133, 0, 0, 0.81%, 0, 0, 11, 25.67, 1704579, 72, 0, 0
30623, 35, 128, 133, 0, 0, 0.81%, 0, 0, 11, 35.78, 1704821, 72, 0, 0
30628, 35, 128, 133, 0, 0, 0.81%, 0, 0, 11, 30.63, 1704969, 72, 0, 0
30633, 35, 128, 133, 0, 0, 0.81%, 0, 0, 11, 26.66, 1705103, 72, 0, 0
30638, 35, 26, 133, 0, 0, 0.81%, 0, 0, 11, 425.00, 1705418, 72, 0, 0
30643, 35, 11, 133, 0, 0, 0.81%, 0, 0, 11, 26.91, 1705550, 72, 0, 0
30648, 35, 99, 133, 0, 0, 0.81%, 0, 0, 11, 27.21, 1705691, 72, 0, 0
30654, 35, 99, 133, 0, 0, 0.81%, 0, 0, 11, 28.93, 1705833, 72, 0, 0
30659, 35, 99, 133, 0, 0, 0.81%, 0, 0, 11, 26.31, 1706015, 72, 0, 0
30664, 35, 99, 133, 0, 0, 0.81%, 0, 0, 11, 26.16, 1706146, 72, 0, 0
30669, 35, 5, 133, 0, 0, 0.81%, 0, 0, 11, 25.25, 1706276, 72, 0, 0
30674, 35, 5, 133, 0, 0, 0.81%, 0, 0, 11, 25.82, 1706409, 72, 0, 0
30679, 35, 32, 133, 0, 0, 0.81%, 0, 0, 11, 26.71, 1706546, 72, 0, 0
30684, 35, 32, 133, 0, 0, 0.81%, 0, 0, 11, 25.55, 1706677, 72, 0, 0
30690, 35, 124, 133, 0, 0, 0.81%, 0, 0, 11, 26.17, 1706814, 72, 0, 0
30695, 35, 47, 133, 0, 0, 0.81%, 0, 0, 11, 25.80, 1706943, 72, 0, 0
30700, 35, 47, 133, 0, 0, 0.81%, 0, 0, 11, 25.69, 1707076, 72, 0, 0
30705, 35, 47, 133, 0, 0, 0.81%, 0, 0, 11, 25.31, 1707208, 72, 0, 0
30710, 35, 47, 133, 0, 0, 0.81%, 0, 0, 11, 25.67, 1707337, 72, 0, 0
30715, 35, 47, 133, 0, 0, 0.81%, 0, 0, 11, 25.09, 1707465, 72, 0, 0
30720, 35, 7, 133, 0, 0, 0.81%, 0, 0, 11, 25.12, 1707595, 72, 0, 0
30725, 35, 7, 133, 0, 0, 0.81%, 0, 0, 11, 25.68, 1707728, 72, 0, 0
30731, 35, 100, 133, 0, 0, 0.81%, 0, 0, 11, 27.34, 1707871, 72, 0, 0
30736, 35, 100, 133, 0, 0, 0.81%, 0, 0, 11, 222.77, 1708127, 72, 0, 0
30741, 35, 17, 133, 0, 0, 0.81%, 0, 0, 11, 31.49, 1708413, 72, 0, 0
30746, 35, 17, 133, 0, 0, 0.81%, 0, 0, 11, 26.99, 1708545, 72, 0, 0
30751, 35, 17, 133, 0, 0, 0.81%, 0, 0, 11, 26.61, 1708680, 72, 0, 0
30756, 35, 99, 133, 0, 0, 0.81%, 0, 0, 11, 26.36, 1708815, 72, 0, 0
30761, 35, 99, 133, 0, 0, 0.81%, 0, 0, 11, 25.65, 1708945, 72, 0, 0
30767, 35, 99, 133, 0, 0, 0.81%, 0, 0, 11, 25.81, 1709078, 72, 0, 0
30772, 35, 99, 133, 0, 0, 0.81%, 0, 0, 11, 25.67, 1709208, 72, 0, 0
30777, 35, 7, 133, 0, 0, 0.81%, 0, 0, 11, 25.85, 1709338, 72, 0, 0
30782, 35, 7, 133, 0, 0, 0.81%, 0, 0, 11, 25.28, 1709469, 72, 0, 0
30787, 35, 36, 133, 0, 0, 0.81%, 0, 0, 11, 29.33, 1709618, 72, 0, 0
30792, 35, 36, 133, 0, 0, 0.81%, 0, 0, 11, 26.30, 1709744, 72, 0, 0
30797, 35, 36, 133, 0, 0, 0.81%, 0, 0, 11, 27.39, 1709884, 72, 0, 0
30802, 35, 36, 133, 0, 0, 0.81%, 0, 0, 11, 28.44, 1710063, 72, 0, 0
30807, 35, 35, 133, 0, 0, 0.81%, 0, 0, 11, 26.83, 1710198, 72, 0, 0
30813, 35, 35, 133, 0, 0, 0.81%, 0, 0, 11, 26.21, 1710387, 72, 0, 0
30818, 35, 37, 133, 0, 0, 0.81%, 0, 0, 11, 24.52, 1710651, 72, 0, 0
30823, 36, 6, 133, 0, 0, 0.81%, 0, 0, 11, 174.89, 1710823, 72, 0, 0
30828, 36, 61, 133, 0, 0, 0.81%, 0, 0, 11, 25.94, 1711035, 72, 0, 0
30833, 36, 61, 133, 0, 0, 0.81%, 0, 0, 11, 26.58, 1711178, 72, 0, 0
30838, 36, 61, 133, 0, 0, 0.81%, 0, 0, 11, 26.21, 1711313, 72, 0, 0
30843, 36, 61, 133, 0, 0, 0.81%, 0, 0, 11, 28.79, 1711461, 72, 0, 0
30848, 36, 51, 133, 0, 0, 0.81%, 0, 0, 11, 27.71, 1711646, 72, 0, 0
30854, 36, 48, 133, 0, 0, 0.81%, 0, 0, 11, 27.93, 1711884, 72, 0, 0
30859, 36, 47, 133, 0, 0, 0.81%, 0, 0, 11, 26.30, 1712016, 72, 0, 0
30864, 36, 47, 133, 0, 0, 0.81%, 0, 0, 11, 26.29, 1712152, 72, 0, 0
30869, 36, 47, 133, 0, 0, 0.81%, 0, 0, 11, 25.25, 1712331, 72, 0, 0
30874, 36, 47, 133, 0, 0, 0.81%, 0, 0, 11, 27.35, 1712471, 72, 0, 0
30879, 36, 52, 133, 0, 0, 0.81%, 0, 0, 11, 28.70, 1712663, 72, 0, 0
30884, 36, 7, 133, 0, 0, 0.81%, 0, 0, 11, 22.28, 1712843, 72, 0, 0
30889, 36, 7, 133, 0, 0, 0.81%, 0, 0, 11, 24.15, 1712968, 72, 0, 0
30894, 36, 7, 133, 0, 0, 0.81%, 0, 0, 11, 24.61, 1713094, 72, 0, 0
30900, 36, 17, 133, 0, 0, 0.81%, 0, 0, 11, 24.29, 1713282, 72, 0, 0
30905, 36, 17, 133, 0, 0, 0.81%, 0, 0, 11, 24.94, 1713410, 72, 0, 0
30910, 36, 14, 133, 0, 0, 0.81%, 0, 0, 11, 25.43, 1713538, 72, 0, 0
30915, 36, 14, 133, 0, 0, 0.81%, 0, 0, 11, 26.40, 1713675, 72, 0, 0
30920, 36, 100, 133, 0, 0, 0.81%, 0, 0, 11, 26.14, 1713806, 72, 0, 0
30925, 36, 100, 133, 0, 0, 0.81%, 0, 0, 11, 25.66, 1713937, 72, 0, 0
30930, 36, 100, 133, 0, 0, 0.81%, 0, 0, 11, 25.68, 1714068, 72, 0, 0
30935, 36, 100, 133, 0, 0, 0.81%, 0, 0, 11, 26.60, 1714207, 72, 0, 0
30941, 36, 11, 133, 0, 0, 0.81%, 0, 0, 11, 26.04, 1714341, 72, 0, 0
30946, 36, 34, 133, 0, 0, 0.81%, 0, 0, 11, 25.39, 1714472, 72, 0, 0
30951, 36, 34, 133, 0, 0, 0.81%, 0, 0, 11, 26.01, 1714606, 72, 0, 0
30956, 36, 94, 133, 0, 0, 0.81%, 0, 0, 11, 25.65, 1714738, 72, 0, 0
30961, 36, 94, 133, 0, 0, 0.81%, 0, 0, 11, 26.18, 1714869, 72, 0, 0
30966, 36, 94, 133, 0, 0, 0.81%, 0, 0, 11, 26.33, 1715002, 72, 0, 0
30971, 36, 94, 133, 0, 0, 0.81%, 0, 0, 11, 26.62, 1715137, 72, 0, 0
30976, 36, 94, 133, 0, 0, 0.81%, 0, 0, 11, 25.42, 1715263, 72, 0, 0
30982, 36, 94, 133, 0, 0, 0.81%, 0, 0, 11, 25.44, 1715396, 72, 0, 0
30987, 36, 94, 133, 0, 0, 0.81%, 0, 0, 11, 25.82, 1715531, 72, 0, 0
30992, 36, 45, 133, 0, 0, 0.81%, 0, 0, 11, 25.41, 1715661, 72, 0, 0
30997, 36, 45, 133, 0, 0, 0.81%, 0, 0, 11, 24.19, 1715779, 72, 0, 0
31002, 36, 45, 133, 0, 0, 0.81%, 0, 0, 11, 25.28, 1715914, 72, 0, 0
31007, 36, 45, 133, 0, 0, 0.81%, 0, 0, 11, 25.95, 1716049, 72, 0, 0
31012, 36, 2, 133, 0, 0, 0.81%, 0, 0, 11, 24.88, 1716177, 72, 0, 0
31018, 36, 2, 133, 0, 0, 0.81%, 0, 0, 11, 25.30, 1716308, 72, 0, 0
31023, 36, 2, 133, 0, 0, 0.81%, 0, 0, 11, 25.77, 1716441, 72, 0, 0
31028, 36, 47, 133, 0, 0, 0.81%, 0, 0, 11, 25.57, 1716569, 72, 0, 0
31033, 36, 47, 133, 0, 0, 0.81%, 0, 0, 11, 25.89, 1716703, 72, 0, 0
31038, 36, 47, 133, 0, 0, 0.81%, 0, 0, 11, 26.02, 1716838, 72, 0, 0
31043, 36, 47, 133, 0, 0, 0.81%, 0, 0, 11, 25.70, 1716970, 72, 0, 0
31048, 36, 47, 133, 0, 0, 0.81%, 0, 0, 11, 25.44, 1717098, 72, 0, 0
31053, 36, 55, 133, 0, 0, 0.81%, 0, 0, 11, 25.38, 1717272, 72, 0, 0
31059, 36, 100, 133, 0, 0, 0.81%, 0, 0, 11, 26.07, 1717407, 72, 0, 0
31064, 36, 100, 133, 0, 0, 0.81%, 0, 0, 11, 24.48, 1717601, 72, 0, 0
31069, 36, 100, 133, 0, 0, 0.81%, 0, 0, 11, 25.47, 1717798, 72, 0, 0
31074, 36, 36, 133, 0, 0, 0.81%, 0, 0, 11, 24.25, 1717924, 72, 0, 0
31079, 36, 36, 133, 0, 0, 0.81%, 0, 0, 11, 25.15, 1718053, 72, 0, 0
31084, 36, 51, 133, 0, 0, 0.81%, 0, 0, 11, 34.70, 1718240, 72, 0, 0
31089, 36, 51, 133, 0, 0, 0.81%, 0, 0, 11, 26.97, 1718425, 72, 0, 0
31094, 36, 7, 133, 0, 0, 0.81%, 0, 0, 11, 25.31, 1718551, 72, 0, 0
31099, 36, 7, 133, 0, 0, 0.81%, 0, 0, 11, 26.08, 1718686, 72, 0, 0
31105, 36, 7, 133, 0, 0, 0.81%, 0, 0, 11, 21.47, 1718794, 72, 0, 0
31110, 36, 57, 133, 0, 0, 0.81%, 0, 0, 11, 20.38, 1718892, 72, 0, 0
31115, 36, 57, 133, 0, 0, 0.81%, 0, 0, 11, 22.36, 1719007, 72, 0, 0
31120, 36, 57, 133, 0, 0, 0.81%, 0, 0, 11, 24.41, 1719133, 72, 0, 0
31125, 36, 57, 133, 0, 0, 0.81%, 0, 0, 11, 24.67, 1719262, 72, 0, 0
31130, 36, 57, 133, 0, 0, 0.81%, 0, 0, 11, 22.01, 1719374, 72, 0, 0
31135, 36, 6, 133, 0, 0, 0.81%, 0, 0, 11, 20.57, 1719477, 72, 0, 0
31140, 36, 61, 133, 0, 0, 0.81%, 0, 0, 11, 20.59, 1719581, 72, 0, 0
31145, 36, 61, 133, 0, 0, 0.81%, 0, 0, 11, 19.40, 1719677, 72, 0, 0
31150, 36, 61, 133, 0, 0, 0.81%, 0, 0, 11, 19.20, 1719772, 72, 0, 0
31156, 36, 61, 133, 0, 0, 0.81%, 0, 0, 11, 19.47, 1719875, 72, 0, 0
31161, 36, 61, 133, 0, 0, 0.81%, 0, 0, 11, 19.29, 1719975, 72, 0, 0
31166, 36, 13, 133, 0, 0, 0.81%, 0, 0, 11, 22.54, 1720088, 72, 0, 0
31171, 36, 13, 133, 0, 0, 0.81%, 0, 0, 11, 25.20, 1720219, 72, 0, 0
31176, 36, 13, 133, 0, 0, 0.81%, 0, 0, 11, 25.88, 1720354, 72, 0, 0
31181, 36, 9, 133, 0, 0, 0.81%, 0, 0, 11, 26.64, 1720491, 72, 0, 0
31187, 36, 9, 133, 0, 0, 0.81%, 0, 0, 11, 26.95, 1720633, 72, 0, 0
31192, 36, 45, 133, 0, 0, 0.81%, 0, 0, 11, 26.04, 1720769, 72, 0, 0
31197, 36, 45, 133, 0, 0, 0.81%, 0, 0, 11, 26.41, 1720902, 72, 0, 0
31202, 36, 45, 133, 0, 0, 0.81%, 0, 0, 11, 25.86, 1721038, 72, 0, 0
31207, 36, 45, 133, 0, 0, 0.81%, 0, 0, 11, 26.15, 1721170, 72, 0, 0
31212, 36, 14, 133, 0, 0, 0.81%, 0, 0, 11, 26.21, 1721304, 72, 0, 0
31217, 36, 14, 133, 0, 0, 0.81%, 0, 0, 11, 25.55, 1721433, 72, 0, 0
31222, 36, 14, 133, 0, 0, 0.81%, 0, 0, 11, 26.24, 1721568, 72, 0, 0
31227, 36, 51, 133, 0, 0, 0.81%, 0, 0, 11, 25.55, 1721700, 72, 0, 0
31233, 36, 51, 133, 0, 0, 0.81%, 0, 0, 11, 26.28, 1721833, 72, 0, 0
31238, 36, 9, 133, 0, 0, 0.81%, 0, 0, 11, 26.02, 1721964, 72, 0, 0
31243, 36, 9, 133, 0, 0, 0.81%, 0, 0, 11, 25.41, 1722092, 72, 0, 0
31248, 36, 45, 133, 0, 0, 0.81%, 0, 0, 11, 26.31, 1722226, 72, 0, 0
31253, 36, 45, 133, 0, 0, 0.81%, 0, 0, 11, 25.51, 1722357, 72, 0, 0
31258, 36, 45, 133, 0, 0, 0.81%, 0, 0, 11, 25.86, 1722489, 72, 0, 0
31263, 36, 45, 133, 0, 0, 0.81%, 0, 0, 11, 25.85, 1722621, 72, 0, 0
31268, 36, 45, 133, 0, 0, 0.81%, 0, 0, 11, 25.72, 1722748, 72, 0, 0
31273, 36, 61, 133, 0, 0, 0.81%, 0, 0, 11, 25.47, 1722876, 72, 0, 0
31278, 36, 61, 133, 0, 0, 0.81%, 0, 0, 11, 25.75, 1723006, 72, 0, 0
31284, 36, 61, 133, 0, 0, 0.81%, 0, 0, 11, 26.02, 1723140, 72, 0, 0
31289, 36, 61, 133, 0, 0, 0.81%, 0, 0, 11, 25.39, 1723271, 72, 0, 0
31294, 36, 45, 133, 0, 0, 0.81%, 0, 0, 11, 25.70, 1723405, 72, 0, 0
31299, 36, 45, 133, 0, 0, 0.81%, 0, 0, 11, 25.93, 1723534, 72, 0, 0
31304, 36, 45, 133, 0, 0, 0.81%, 0, 0, 11, 27.07, 1723672, 72, 0, 0
31309, 36, 45, 133, 0, 0, 0.81%, 0, 0, 11, 25.61, 1723799, 72, 0, 0
31314, 36, 45, 133, 0, 0, 0.81%, 0, 0, 11, 27.23, 1723940, 72, 0, 0
31319, 36, 32, 133, 0, 0, 0.81%, 0, 0, 11, 26.92, 1724083, 72, 0, 0
31324, 36, 32, 133, 0, 0, 0.81%, 0, 0, 11, 25.94, 1724211, 72, 0, 0
31330, 36, 45, 133, 0, 0, 0.81%, 0, 0, 11, 26.42, 1724349, 72, 0, 0
31335, 36, 45, 133, 0, 0, 0.81%, 0, 0, 11, 26.36, 1724486, 72, 0, 0
31340, 36, 45, 133, 0, 0, 0.81%, 0, 0, 11, 26.05, 1724617, 72, 0, 0
31345, 36, 45, 133, 0, 0, 0.81%, 0, 0, 11, 25.57, 1724750, 72, 0, 0
31350, 36, 45, 133, 0, 0, 0.81%, 0, 0, 11, 25.67, 1724883, 72, 0, 0
31356, 36, 32, 133, 0, 0, 0.81%, 0, 0, 11, 407.95, 1725450, 72, 0, 0
31361, 36, 27, 133, 0, 0, 0.81%, 0, 0, 11, 28.15, 1725773, 72, 0, 0
31366, 36, 94, 133, 0, 0, 0.81%, 0, 0, 11, 27.59, 1725914, 72, 0, 0
31371, 36, 94, 133, 0, 0, 0.81%, 0, 0, 11, 26.38, 1726047, 72, 0, 0
31376, 36, 94, 133, 0, 0, 0.81%, 0, 0, 11, 27.44, 1726189, 72, 0, 0
31381, 36, 94, 133, 0, 0, 0.81%, 0, 0, 11, 25.72, 1726318, 72, 0, 0
31386, 36, 94, 133, 0, 0, 0.81%, 0, 0, 11, 26.07, 1726446, 72, 0, 0
31392, 36, 94, 133, 0, 0, 0.81%, 0, 0, 11, 27.11, 1726587, 72, 0, 0
31397, 36, 94, 133, 0, 0, 0.81%, 0, 0, 11, 26.46, 1726721, 72, 0, 0
31402, 36, 45, 133, 0, 0, 0.81%, 0, 0, 11, 25.46, 1726850, 72, 0, 0
31407, 36, 45, 133, 0, 0, 0.81%, 0, 0, 11, 25.87, 1726978, 72, 0, 0
31412, 36, 45, 133, 0, 0, 0.81%, 0, 0, 11, 26.66, 1727115, 72, 0, 0
31417, 36, 7, 133, 0, 0, 0.81%, 0, 0, 11, 34.09, 1727521, 72, 0, 0
31422, 36, 7, 133, 0, 0, 0.81%, 0, 0, 11, 28.37, 1727654, 72, 0, 0
31427, 36, 2, 133, 0, 0, 0.81%, 0, 0, 11, 25.70, 1727785, 72, 0, 0
31432, 36, 2, 133, 0, 0, 0.81%, 0, 0, 11, 25.88, 1727919, 72, 0, 0
31438, 36, 100, 133, 0, 0, 0.81%, 0, 0, 11, 25.19, 1728047, 72, 0, 0
31443, 36, 100, 133, 0, 0, 0.81%, 0, 0, 11, 25.60, 1728177, 72, 0, 0
31448, 36, 100, 133, 0, 0, 0.81%, 0, 0, 11, 25.75, 1728310, 72, 0, 0
31453, 36, 100, 133, 0, 0, 0.81%, 0, 0, 11, 26.02, 1728440, 72, 0, 0
31458, 36, 47, 133, 0, 0, 0.81%, 0, 0, 11, 27.21, 1728623, 72, 0, 0
31463, 36, 47, 133, 0, 0, 0.81%, 0, 0, 11, 25.75, 1728756, 72, 0, 0
31468, 36, 47, 133, 0, 0, 0.81%, 0, 0, 11, 31.13, 1728949, 72, 0, 0
31473, 36, 47, 133, 0, 0, 0.81%, 0, 0, 11, 29.42, 1729089, 72, 0, 0
31478, 36, 23, 133, 0, 0, 0.81%, 0, 0, 11, 26.62, 1729220, 72, 0, 0
31483, 36, 23, 133, 0, 0, 0.81%, 0, 0, 11, 25.98, 1729356, 72, 0, 0
31488, 36, 100, 133, 0, 0, 0.81%, 0, 0, 11, 25.82, 1729485, 72, 0, 0
31493, 36, 100, 133, 0, 0, 0.81%, 0, 0, 11, 26.75, 1729618, 72, 0, 0
31498, 36, 100, 133, 0, 0, 0.81%, 0, 0, 11, 25.60, 1729749, 72, 0, 0
31504, 36, 100, 133, 0, 0, 0.81%, 0, 0, 11, 26.35, 1729885, 72, 0, 0
31509, 36, 100, 133, 0, 0, 0.81%, 0, 0, 11, 26.35, 1730022, 72, 0, 0
31514, 36, 36, 133, 0, 0, 0.81%, 0, 0, 11, 25.18, 1730151, 72, 0, 0
31519, 36, 36, 133, 0, 0, 0.81%, 0, 0, 11, 25.85, 1730288, 72, 0, 0
31524, 36, 43, 133, 0, 0, 0.81%, 0, 0, 11, 25.63, 1730419, 72, 0, 0
31530, 36, 20, 133, 0, 0, 0.81%, 0, 0, 11, 25.87, 1730551, 72, 0, 0
31535, 36, 99, 133, 0, 0, 0.81%, 0, 0, 11, 25.95, 1730685, 72, 0, 0
31540, 36, 99, 133, 0, 0, 0.81%, 0, 0, 11, 25.98, 1730817, 72, 0, 0
31545, 36, 99, 133, 0, 0, 0.81%, 0, 0, 11, 27.08, 1730963, 72, 0, 0
31550, 36, 99, 133, 0, 0, 0.81%, 0, 0, 11, 25.89, 1731092, 72, 0, 0
31555, 36, 7, 133, 0, 0, 0.81%, 0, 0, 11, 26.17, 1731226, 72, 0, 0
31560, 36, 7, 133, 0, 0, 0.81%, 0, 0, 11, 26.71, 1731370, 72, 0, 0
31565, 36, 45, 133, 0, 0, 0.81%, 0, 0, 11, 30.97, 1731520, 72, 0, 0
31571, 36, 45, 133, 0, 0, 0.81%, 0, 0, 11, 27.71, 1731662, 72, 0, 0
31576, 36, 45, 133, 0, 0, 0.81%, 0, 0, 11, 25.56, 1731919, 72, 0, 0
31581, 36, 94, 133, 0, 0, 0.81%, 0, 0, 11, 26.73, 1732143, 72, 0, 0
31586, 36, 94, 133, 0, 0, 0.81%, 0, 0, 11, 26.07, 1732278, 72, 0, 0
31591, 36, 94, 133, 0, 0, 0.81%, 0, 0, 11, 25.63, 1732406, 72, 0, 0
31596, 36, 94, 133, 0, 0, 0.81%, 0, 0, 11, 28.37, 1732557, 72, 0, 0
31601, 36, 94, 133, 0, 0, 0.81%, 0, 0, 11, 26.90, 1732694, 72, 0, 0
31607, 36, 94, 133, 0, 0, 0.81%, 0, 0, 11, 26.62, 1732830, 72, 0, 0
31612, 36, 94, 133, 0, 0, 0.81%, 0, 0, 11, 25.19, 1732956, 72, 0, 0
31617, 36, 32, 133, 0, 0, 0.81%, 0, 0, 11, 25.36, 1733085, 72, 0, 0
31622, 36, 32, 133, 0, 0, 0.81%, 0, 0, 11, 25.58, 1733216, 72, 0, 0
31627, 36, 45, 133, 0, 0, 0.81%, 0, 0, 11, 26.47, 1733402, 72, 0, 0
31632, 36, 45, 133, 0, 0, 0.81%, 0, 0, 11, 25.92, 1733532, 72, 0, 0
31637, 36, 45, 133, 0, 0, 0.81%, 0, 0, 11, 24.09, 1733737, 72, 0, 0
31642, 36, 45, 133, 0, 0, 0.81%, 0, 0, 11, 25.63, 1733872, 72, 0, 0
31647, 36, 51, 133, 0, 0, 0.81%, 0, 0, 11, 26.85, 1734103, 72, 0, 0
31652, 36, 45, 133, 0, 0, 0.81%, 0, 0, 11, 25.97, 1734237, 72, 0, 0
31657, 36, 45, 133, 0, 0, 0.81%, 0, 0, 11, 25.27, 1734363, 72, 0, 0
31662, 36, 45, 133, 0, 0, 0.81%, 0, 0, 11, 26.03, 1734494, 72, 0, 0
31668, 36, 45, 133, 0, 0, 0.81%, 0, 0, 11, 25.64, 1734624, 72, 0, 0
31673, 36, 45, 133, 0, 0, 0.81%, 0, 0, 11, 26.41, 1734759, 72, 0, 0
31678, 36, 14, 133, 0, 0, 0.81%, 0, 0, 11, 26.65, 1734899, 72, 0, 0
31683, 36, 14, 133, 0, 0, 0.81%, 0, 0, 11, 26.71, 1735035, 72, 0, 0
31688, 36, 14, 133, 0, 0, 0.81%, 0, 0, 11, 24.04, 1735230, 72, 0, 0
31693, 36, 14, 133, 0, 0, 0.81%, 0, 0, 11, 25.27, 1735364, 72, 0, 0
31698, 36, 51, 133, 0, 0, 0.81%, 0, 0, 11, 27.57, 1735634, 72, 0, 0
31703, 36, 16, 133, 0, 0, 0.81%, 0, 0, 11, 26.98, 1735831, 72, 0, 0
31709, 36, 16, 133, 0, 0, 0.81%, 0, 0, 11, 27.98, 1735987, 72, 0, 0
31714, 36, 34, 133, 0, 0, 0.81%, 0, 0, 11, 26.38, 1736122, 72, 0, 0
31719, 36, 34, 133, 0, 0, 0.81%, 0, 0, 11, 31.46, 1736279, 72, 0, 0
31724, 36, 45, 133, 0, 0, 0.81%, 0, 0, 11, 32.28, 1736480, 72, 0, 0
31729, 36, 45, 133, 0, 0, 0.81%, 0, 0, 11, 27.83, 1736618, 72, 0, 0
31734, 36, 45, 133, 0, 0, 0.81%, 0, 0, 11, 25.61, 1736744, 72, 0, 0
31739, 36, 45, 133, 0, 0, 0.81%, 0, 0, 11, 26.98, 1736891, 72, 0, 0
31745, 36, 99, 133, 0, 0, 0.81%, 0, 0, 11, 29.54, 1737046, 72, 0, 0
31750, 36, 99, 133, 0, 0, 0.81%, 0, 0, 11, 26.99, 1737182, 72, 0, 0
31755, 36, 99, 133, 0, 0, 0.81%, 0, 0, 11, 25.76, 1737310, 72, 0, 0
31760, 36, 99, 133, 0, 0, 0.81%, 0, 0, 11, 26.25, 1737443, 72, 0, 0
31765, 36, 38, 133, 0, 0, 0.81%, 0, 0, 11, 25.87, 1737577, 72, 0, 0
31770, 36, 55, 133, 0, 0, 0.81%, 0, 0, 11, 25.31, 1737708, 72, 0, 0
31775, 36, 14, 133, 0, 0, 0.81%, 0, 0, 11, 26.18, 1737841, 72, 0, 0
31780, 36, 14, 133, 0, 0, 0.81%, 0, 0, 11, 29.46, 1737984, 72, 0, 0
31785, 36, 16, 133, 0, 0, 0.81%, 0, 0, 11, 31.31, 1738230, 72, 0, 0
31791, 36, 107, 133, 0, 0, 0.81%, 0, 0, 11, 27.91, 1738370, 72, 0, 0
31796, 36, 107, 133, 0, 0, 0.81%, 0, 0, 11, 25.49, 1738496, 72, 0, 0
31801, 36, 107, 133, 0, 0, 0.81%, 0, 0, 11, 25.16, 1738623, 72, 0, 0
31806, 36, 107, 133, 0, 0, 0.81%, 0, 0, 11, 25.11, 1738755, 72, 0, 0
31811, 36, 107, 133, 0, 0, 0.81%, 0, 0, 11, 25.32, 1738885, 72, 0, 0
31816, 36, 61, 133, 0, 0, 0.81%, 0, 0, 11, 25.61, 1739018, 72, 0, 0
31821, 36, 61, 133, 0, 0, 0.81%, 0, 0, 11, 24.81, 1739145, 72, 0, 0
31826, 36, 61, 133, 0, 0, 0.81%, 0, 0, 11, 25.62, 1739276, 72, 0, 0
31832, 36, 61, 133, 0, 0, 0.81%, 0, 0, 11, 26.01, 1739407, 72, 0, 0
31837, 36, 61, 133, 0, 0, 0.81%, 0, 0, 11, 25.69, 1739536, 72, 0, 0
31842, 36, 18, 133, 0, 0, 0.81%, 0, 0, 11, 25.88, 1739668, 72, 0, 0
31847, 36, 18, 133, 0, 0, 0.81%, 0, 0, 11, 25.88, 1739801, 72, 0, 0
31852, 36, 16, 133, 0, 0, 0.81%, 0, 0, 11, 26.12, 1739935, 72, 0, 0
31857, 36, 16, 133, 0, 0, 0.81%, 0, 0, 11, 26.33, 1740073, 72, 0, 0
31862, 36, 99, 133, 0, 0, 0.81%, 0, 0, 11, 28.05, 1740222, 72, 0, 0
31868, 36, 99, 133, 0, 0, 0.81%, 0, 0, 11, 27.31, 1740360, 72, 0, 0
31873, 36, 99, 133, 0, 0, 0.81%, 0, 0, 11, 26.77, 1740500, 72, 0, 0
31878, 36, 99, 133, 0, 0, 0.81%, 0, 0, 11, 26.32, 1740632, 72, 0, 0
31883, 36, 45, 133, 0, 0, 0.81%, 0, 0, 11, 25.97, 1740850, 72, 0, 0
31888, 36, 45, 133, 0, 0, 0.81%, 0, 0, 11, 25.64, 1740985, 72, 0, 0
31893, 36, 45, 133, 0, 0, 0.81%, 0, 0, 11, 24.62, 1741144, 72, 0, 0
31898, 36, 45, 133, 0, 0, 0.81%, 0, 0, 11, 24.11, 1741265, 72, 0, 0
31903, 36, 93, 133, 0, 0, 0.81%, 0, 0, 11, 24.78, 1741391, 72, 0, 0
31908, 36, 93, 133, 0, 0, 0.81%, 0, 0, 11, 26.20, 1741527, 72, 0, 0
31914, 36, 93, 133, 0, 0, 0.81%, 0, 0, 11, 26.57, 1741662, 72, 0, 0
31919, 36, 93, 133, 0, 0, 0.81%, 0, 0, 11, 26.34, 1741797, 72, 0, 0
31924, 36, 93, 133, 0, 0, 0.81%, 0, 0, 11, 25.94, 1741933, 72, 0, 0
31929, 36, 61, 133, 0, 0, 0.81%, 0, 0, 11, 25.52, 1742064, 72, 0, 0
31934, 36, 61, 133, 0, 0, 0.81%, 0, 0, 11, 27.30, 1742207, 72, 0, 0
31939, 36, 61, 133, 0, 0, 0.81%, 0, 0, 11, 26.03, 1742340, 72, 0, 0
31944, 36, 61, 133, 0, 0, 0.81%, 0, 0, 11, 33.74, 1742501, 72, 0, 0
31950, 36, 75, 133, 0, 0, 0.81%, 0, 0, 11, 28.27, 1742635, 72, 0, 0
31955, 36, 34, 133, 0, 0, 0.81%, 0, 0, 11, 26.60, 1742768, 72, 0, 0
31960, 36, 34, 133, 0, 0, 0.81%, 0, 0, 11, 27.94, 1742916, 72, 0, 0
31965, 36, 10, 133, 0, 0, 0.81%, 0, 0, 11, 29.03, 1743063, 72, 0, 0
31970, 36, 10, 133, 0, 0, 0.81%, 0, 0, 11, 26.83, 1743198, 72, 0, 0
31975, 36, 10, 133, 0, 0, 0.81%, 0, 0, 11, 26.68, 1743332, 72, 0, 0
31980, 36, 9, 133, 0, 0, 0.81%, 0, 0, 11, 26.18, 1743465, 72, 0, 0
31985, 36, 9, 133, 0, 0, 0.81%, 0, 0, 11, 25.94, 1743597, 72, 0, 0
31991, 36, 9, 133, 0, 0, 0.81%, 0, 0, 11, 26.65, 1743733, 72, 0, 0
31996, 36, 18, 133, 0, 0, 0.81%, 0, 0, 11, 25.74, 1743866, 72, 0, 0
32001, 36, 18, 133, 0, 0, 0.81%, 0, 0, 11, 26.38, 1744003, 72, 0, 0
32006, 36, 7, 133, 0, 0, 0.81%, 0, 0, 11, 29.47, 1744167, 72, 0, 0
32011, 36, 7, 133, 0, 0, 0.81%, 0, 0, 11, 26.21, 1744296, 72, 0, 0
32016, 36, 99, 133, 0, 0, 0.81%, 0, 0, 11, 27.54, 1744437, 72, 0, 0
32021, 36, 99, 133, 0, 0, 0.81%, 0, 0, 11, 25.86, 1744717, 72, 0, 0
32026, 36, 99, 133, 0, 0, 0.81%, 0, 0, 11, 25.37, 1744904, 72, 0, 0
32032, 36, 1, 133, 0, 0, 0.81%, 0, 0, 11, 26.25, 1745035, 72, 0, 0
32037, 36, 45, 133, 0, 0, 0.81%, 0, 0, 11, 25.14, 1745161, 72, 0, 0
32042, 36, 45, 133, 0, 0, 0.81%, 0, 0, 11, 25.70, 1745293, 72, 0, 0
32047, 36, 45, 133, 0, 0, 0.81%, 0, 0, 11, 277.78, 1745477, 72, 0, 0
32052, 36, 45, 133, 0, 0, 0.81%, 0, 0, 11, 25.92, 1745613, 72, 0, 0
32057, 36, 27, 133, 0, 0, 0.81%, 0, 0, 11, 26.65, 1745757, 72, 0, 0
32062, 36, 27, 133, 0, 0, 0.81%, 0, 0, 11, 27.66, 1745901, 72, 0, 0
32067, 36, 52, 133, 0, 0, 0.81%, 0, 0, 11, 32.65, 1746064, 72, 0, 0
32073, 36, 52, 133, 0, 0, 0.81%, 0, 0, 11, 28.30, 1746205, 72, 0, 0
32078, 36, 98, 133, 0, 0, 0.81%, 0, 0, 11, 27.01, 1746338, 72, 0, 0
32083, 36, 52, 133, 0, 0, 0.81%, 0, 0, 11, 26.20, 1746468, 72, 0, 0
32088, 36, 52, 133, 0, 0, 0.81%, 0, 0, 11, 27.89, 1746613, 72, 0, 0
32093, 36, 9, 133, 0, 0, 0.81%, 0, 0, 11, 26.07, 1746843, 72, 0, 0
32098, 36, 9, 133, 0, 0, 0.81%, 0, 0, 11, 25.41, 1747027, 72, 0, 0
32103, 36, 45, 133, 0, 0, 0.81%, 0, 0, 11, 28.25, 1747169, 72, 0, 0
32108, 36, 45, 133, 0, 0, 0.81%, 0, 0, 11, 28.41, 1747312, 72, 0, 0
32113, 36, 45, 133, 0, 0, 0.81%, 0, 0, 11, 26.37, 1747445, 72, 0, 0
32118, 36, 45, 133, 0, 0, 0.81%, 0, 0, 11, 26.65, 1747578, 72, 0, 0
32123, 36, 97, 133, 0, 0, 0.81%, 0, 0, 11, 24.38, 1747758, 72, 0, 0
32129, 36, 97, 133, 0, 0, 0.81%, 0, 0, 11, 24.95, 1747885, 72, 0, 0
32134, 36, 97, 133, 0, 0, 0.81%, 0, 0, 11, 27.09, 1748073, 72, 0, 0
32139, 36, 100, 133, 0, 0, 0.81%, 0, 0, 11, 26.81, 1748293, 72, 0, 0
32144, 36, 100, 133, 0, 0, 0.81%, 0, 0, 11, 26.20, 1748427, 72, 0, 0
32149, 36, 100, 133, 0, 0, 0.81%, 0, 0, 11, 26.21, 1748562, 72, 0, 0
32154, 36, 100, 133, 0, 0, 0.81%, 0, 0, 11, 25.67, 1748695, 72, 0, 0
32159, 36, 100, 133, 0, 0, 0.81%, 0, 0, 11, 25.75, 1748825, 72, 0, 0
32164, 36, 111, 133, 0, 0, 0.81%, 0, 0, 11, 164.53, 1749037, 72, 0, 0
32169, 36, 111, 133, 0, 0, 0.81%, 0, 0, 11, 27.88, 1749236, 72, 0, 0
32174, 36, 111, 133, 0, 0, 0.81%, 0, 0, 11, 24.69, 1749398, 72, 0, 0
32179, 36, 111, 133, 0, 0, 0.81%, 0, 0, 11, 29.10, 1749541, 72, 0, 0
32185, 36, 111, 133, 0, 0, 0.81%, 0, 0, 11, 28.16, 1749741, 72, 0, 0
32190, 36, 111, 133, 0, 0, 0.81%, 0, 0, 11, 27.11, 1749877, 72, 0, 0
32195, 36, 111, 133, 0, 0, 0.81%, 0, 0, 11, 25.58, 1750003, 72, 0, 0
32200, 36, 111, 133, 0, 0, 0.81%, 0, 0, 11, 28.35, 1750146, 72, 0, 0
32205, 36, 13, 133, 0, 0, 0.81%, 0, 0, 11, 26.89, 1750286, 72, 0, 0
32210, 36, 13, 133, 0, 0, 0.81%, 0, 0, 11, 26.66, 1750419, 72, 0, 0
32215, 36, 9, 133, 0, 0, 0.81%, 0, 0, 11, 26.27, 1750553, 72, 0, 0
32220, 36, 9, 133, 0, 0, 0.81%, 0, 0, 11, 26.27, 1750718, 72, 0, 0
32225, 36, 7, 133, 0, 0, 0.81%, 0, 0, 11, 217.39, 1750895, 72, 0, 0
32230, 36, 10, 133, 0, 0, 0.81%, 0, 0, 11, 25.84, 1751105, 72, 0, 0
32235, 36, 10, 133, 0, 0, 0.81%, 0, 0, 11, 25.24, 1751235, 72, 0, 0
32241, 36, 10, 133, 0, 0, 0.81%, 0, 0, 11, 27.39, 1751377, 72, 0, 0
32246, 36, 37, 133, 0, 0, 0.81%, 0, 0, 11, 25.36, 1751504, 72, 0, 0
32251, 36, 57, 133, 0, 0, 0.81%, 0, 0, 11, 36.96, 1751807, 72, 0, 0
32256, 36, 57, 133, 0, 0, 0.81%, 0, 0, 11, 28.97, 1751946, 72, 0, 0
32261, 36, 57, 133, 0, 0, 0.81%, 0, 0, 11, 26.32, 1752078, 72, 0, 0
32266, 36, 57, 133, 0, 0, 0.81%, 0, 0, 11, 25.42, 1752207, 72, 0, 0
32272, 36, 78, 133, 0, 0, 0.81%, 0, 0, 11, 28.03, 1752349, 72, 0, 0
32277, 36, 78, 133, 0, 0, 0.81%, 0, 0, 11, 25.90, 1752476, 72, 0, 0
32282, 36, 32, 133, 0, 0, 0.81%, 0, 0, 11, 26.77, 1752613, 72, 0, 0
32287, 36, 10, 133, 0, 0, 0.81%, 0, 0, 11, 27.01, 1752803, 72, 0, 0
32292, 36, 10, 133, 0, 0, 0.81%, 0, 0, 11, 27.46, 1752974, 72, 0, 0
32297, 36, 13, 133, 0, 0, 0.81%, 0, 0, 11, 25.50, 1753102, 72, 0, 0
32302, 36, 13, 133, 0, 0, 0.81%, 0, 0, 11, 25.41, 1753232, 72, 0, 0
32307, 36, 13, 133, 0, 0, 0.81%, 0, 0, 11, 27.87, 1753381, 72, 0, 0
32312, 36, 14, 133, 0, 0, 0.81%, 0, 0, 11, 26.33, 1753514, 72, 0, 0
32317, 36, 14, 133, 0, 0, 0.81%, 0, 0, 11, 26.29, 1753651, 72, 0, 0
32323, 36, 127, 133, 0, 0, 0.81%, 0, 0, 11, 226.89, 1753897, 72, 0, 0
32328, 36, 127, 133, 0, 0, 0.81%, 0, 0, 11, 28.02, 1754044, 72, 0, 0
32333, 36, 127, 133, 0, 0, 0.81%, 0, 0, 11, 25.93, 1754176, 72, 0, 0
32338, 36, 127, 133, 0, 0, 0.81%, 0, 0, 11, 26.14, 1754307, 72, 0, 0
32343, 36, 34, 133, 0, 0, 0.81%, 0, 0, 11, 26.74, 1754443, 72, 0, 0
32348, 36, 34, 133, 0, 0, 0.81%, 0, 0, 11, 26.46, 1754578, 72, 0, 0
32353, 36, 100, 133, 0, 0, 0.81%, 0, 0, 11, 25.87, 1754708, 72, 0, 0
32358, 36, 100, 133, 0, 0, 0.81%, 0, 0, 11, 25.97, 1754841, 72, 0, 0
32364, 36, 100, 133, 0, 0, 0.81%, 0, 0, 11, 26.78, 1754978, 72, 0, 0
32369, 36, 100, 133, 0, 0, 0.81%, 0, 0, 11, 26.17, 1755109, 72, 0, 0
32374, 36, 100, 133, 0, 0, 0.81%, 0, 0, 11, 25.42, 1755240, 72, 0, 0
32379, 36, 11, 133, 0, 0, 0.81%, 0, 0, 11, 25.76, 1755371, 72, 0, 0
32384, 36, 57, 133, 0, 0, 0.81%, 0, 0, 11, 25.82, 1755501, 72, 0, 0
32389, 36, 57, 133, 0, 0, 0.81%, 0, 0, 11, 25.61, 1755634, 72, 0, 0
32394, 36, 57, 133, 0, 0, 0.81%, 0, 0, 11, 25.49, 1755762, 72, 0, 0
32399, 36, 57, 133, 0, 0, 0.81%, 0, 0, 11, 25.39, 1755890, 72, 0, 0
32404, 36, 57, 133, 0, 0, 0.81%, 0, 0, 11, 24.67, 1756019, 72, 0, 0
32409, 36, 57, 133, 0, 0, 0.81%, 0, 0, 11, 24.35, 1756140, 72, 0, 0
32415, 36, 57, 133, 0, 0, 0.81%, 0, 0, 11, 24.82, 1756268, 72, 0, 0
32420, 36, 57, 133, 0, 0, 0.81%, 0, 0, 11, 25.67, 1756402, 72, 0, 0
32425, 36, 57, 133, 0, 0, 0.81%, 0, 0, 11, 24.95, 1756529, 72, 0, 0
32430, 36, 98, 133, 0, 0, 0.81%, 0, 0, 11, 25.22, 1756655, 72, 0, 0
32435, 36, 51, 133, 0, 0, 0.81%, 0, 0, 11, 24.27, 1756778, 72, 0, 0
32440, 36, 51, 133, 0, 0, 0.81%, 0, 0, 11, 25.13, 1756911, 72, 0, 0
32445, 36, 16, 133, 0, 0, 0.81%, 0, 0, 11, 28.41, 1757064, 72, 0, 0
32451, 36, 16, 133, 0, 0, 0.81%, 0, 0, 11, 26.79, 1757195, 72, 0, 0
32456, 36, 6, 133, 0, 0, 0.81%, 0, 0, 11, 26.47, 1757334, 72, 0, 0
32461, 36, 111, 133, 0, 0, 0.81%, 0, 0, 11, 25.39, 1757465, 72, 0, 0
32466, 36, 111, 133, 0, 0, 0.81%, 0, 0, 11, 25.62, 1757598, 72, 0, 0
32471, 36, 111, 133, 0, 0, 0.81%, 0, 0, 11, 25.19, 1757729, 72, 0, 0
32477, 36, 111, 133, 0, 0, 0.81%, 0, 0, 11, 25.72, 1757861, 72, 0, 0
32482, 36, 111, 133, 0, 0, 0.81%, 0, 0, 11, 26.01, 1757993, 72, 0, 0
32487, 36, 111, 133, 0, 0, 0.81%, 0, 0, 11, 25.75, 1758124, 72, 0, 0
32492, 36, 111, 133, 0, 0, 0.81%, 0, 0, 11, 25.52, 1758253, 72, 0, 0
32497, 36, 111, 133, 0, 0, 0.81%, 0, 0, 11, 25.83, 1758413, 72, 0, 0
32502, 36, 111, 133, 0, 0, 0.81%, 0, 0, 11, 25.21, 1758545, 72, 0, 0
32507, 36, 16, 133, 0, 0, 0.81%, 0, 0, 11, 28.23, 1758846, 72, 0, 0
32512, 36, 16, 133, 0, 0, 0.81%, 0, 0, 11, 26.13, 1758975, 72, 0, 0
32517, 36, 9, 133, 0, 0, 0.81%, 0, 0, 11, 26.02, 1759107, 72, 0, 0
32522, 36, 9, 133, 0, 0, 0.81%, 0, 0, 11, 25.82, 1759238, 72, 0, 0
32527, 36, 52, 133, 0, 0, 0.81%, 0, 0, 11, 24.57, 1759363, 72, 0, 0
32532, 36, 52, 133, 0, 0, 0.81%, 0, 0, 11, 25.73, 1759494, 72, 0, 0
32538, 36, 52, 133, 0, 0, 0.81%, 0, 0, 11, 26.38, 1759629, 72, 0, 0
32543, 36, 44, 133, 0, 0, 0.81%, 0, 0, 11, 25.68, 1759755, 72, 0, 0
32548, 36, 21, 133, 0, 0, 0.81%, 0, 0, 11, 25.74, 1759884, 72, 0, 0
32553, 36, 21, 133, 0, 0, 0.81%, 0, 0, 11, 26.75, 1760018, 72, 0, 0
32558, 36, 96, 133, 0, 0, 0.81%, 0, 0, 11, 25.67, 1760147, 72, 0, 0
32563, 36, 96, 133, 0, 0, 0.81%, 0, 0, 11, 26.01, 1760283, 72, 0, 0
32568, 36, 96, 133, 0, 0, 0.81%, 0, 0, 11, 149.76, 1760434, 72, 0, 0
32573, 36, 96, 133, 0, 0, 0.81%, 0, 0, 11, 25.87, 1760573, 72, 0, 0
32578, 36, 5, 133, 0, 0, 0.81%, 0, 0, 11, 29.98, 1760730, 72, 0, 0
32584, 36, 5, 133, 0, 0, 0.81%, 0, 0, 11, 26.25, 1760860, 72, 0, 0
32589, 36, 58, 133, 0, 0, 0.81%, 0, 0, 11, 26.30, 1760994, 72, 0, 0
32594, 36, 58, 133, 0, 0, 0.81%, 0, 0, 11, 32.91, 1761177, 72, 0, 0
32599, 36, 58, 133, 0, 0, 0.81%, 0, 0, 11, 49.64, 1761446, 72, 0, 0
32604, 37, 13, 133, 0, 0, 0.81%, 0, 0, 11, 30.47, 1761572, 72, 0, 0
32609, 37, 13, 133, 0, 0, 0.81%, 0, 0, 11, 27.13, 1761704, 72, 0, 0
32614, 37, 13, 133, 0, 0, 0.81%, 0, 0, 11, 28.02, 1761848, 72, 0, 0
32619, 37, 13, 133, 0, 0, 0.81%, 0, 0, 11, 34.71, 1762017, 72, 0, 0
32624, 37, 13, 133, 0, 0, 0.81%, 0, 0, 11, 28.17, 1762150, 72, 0, 0
32629, 37, 13, 133, 0, 0, 0.81%, 0, 0, 11, 27.12, 1762336, 72, 0, 0
32634, 37, 17, 133, 0, 0, 0.81%, 0, 0, 11, 26.82, 1762606, 72, 0, 0
32639, 37, 17, 133, 0, 0, 0.81%, 0, 0, 11, 25.50, 1762733, 72, 0, 0
32644, 37, 20, 133, 0, 0, 0.81%, 0, 0, 11, 25.74, 1762865, 72, 0, 0
32650, 37, 95, 133, 0, 0, 0.81%, 0, 0, 11, 25.74, 1763047, 72, 0, 0
32655, 37, 95, 133, 0, 0, 0.81%, 0, 0, 11, 26.53, 1763230, 72, 0, 0
32660, 37, 95, 133, 0, 0, 0.81%, 0, 0, 11, 26.66, 1763368, 72, 0, 0
32665, 37, 58, 133, 0, 0, 0.81%, 0, 0, 11, 151.95, 1763573, 72, 0, 0
32670, 37, 58, 133, 0, 0, 0.81%, 0, 0, 11, 28.29, 1763722, 72, 0, 0
32675, 37, 58, 133, 0, 0, 0.81%, 0, 0, 11, 25.87, 1763848, 72, 0, 0
32680, 37, 58, 133, 0, 0, 0.81%, 0, 0, 11, 27.10, 1763982, 72, 0, 0
32685, 37, 111, 133, 0, 0, 0.81%, 0, 0, 11, 26.90, 1764165, 72, 0, 0
32691, 37, 111, 133, 0, 0, 0.81%, 0, 0, 11, 38.89, 1764594, 72, 0, 0
32696, 37, 111, 133, 0, 0, 0.81%, 0, 0, 11, 29.19, 1764785, 72, 0, 0
32701, 37, 111, 133, 0, 0, 0.81%, 0, 0, 11, 27.15, 1764920, 72, 0, 0
32706, 37, 111, 133, 0, 0, 0.81%, 0, 0, 11, 26.70, 1765051, 72, 0, 0
32711, 37, 111, 133, 0, 0, 0.81%, 0, 0, 11, 26.10, 1765184, 72, 0, 0
32716, 37, 111, 133, 0, 0, 0.81%, 0, 0, 11, 24.62, 1765346, 72, 0, 0
32721, 37, 111, 133, 0, 0, 0.81%, 0, 0, 11, 25.55, 1765476, 72, 0, 0
32726, 37, 51, 133, 0, 0, 0.81%, 0, 0, 11, 25.86, 1765607, 72, 0, 0
32731, 37, 51, 133, 0, 0, 0.81%, 0, 0, 11, 25.58, 1765789, 72, 0, 0
32736, 37, 32, 133, 0, 0, 0.81%, 0, 0, 11, 26.22, 1765923, 72, 0, 0
32742, 37, 32, 133, 0, 0, 0.81%, 0, 0, 11, 26.68, 1766063, 72, 0, 0
32747, 37, 99, 133, 0, 0, 0.81%, 0, 0, 11, 27.87, 1766208, 72, 0, 0
32752, 37, 99, 133, 0, 0, 0.81%, 0, 0, 11, 28.26, 1766348, 72, 0, 0
32757, 37, 99, 133, 0, 0, 0.81%, 0, 0, 11, 24.52, 1766593, 72, 0, 0
32762, 37, 54, 133, 0, 0, 0.81%, 0, 0, 11, 25.59, 1766728, 72, 0, 0
32767, 37, 17, 133, 0, 0, 0.81%, 0, 0, 11, 26.28, 1766861, 72, 0, 0
32772, 37, 17, 133, 0, 0, 0.81%, 0, 0, 11, 26.03, 1766992, 72, 0, 0
32777, 37, 51, 133, 0, 0, 0.81%, 0, 0, 11, 25.78, 1767121, 72, 0, 0
32783, 37, 51, 133, 0, 0, 0.81%, 0, 0, 11, 25.51, 1767250, 72, 0, 0
32788, 37, 16, 133, 0, 0, 0.81%, 0, 0, 11, 25.13, 1767381, 72, 0, 0
32793, 37, 16, 133, 0, 0, 0.81%, 0, 0, 11, 26.20, 1767515, 72, 0, 0
32798, 37, 16, 133, 0, 0, 0.81%, 0, 0, 11, 26.61, 1767649, 72, 0, 0
32803, 37, 129, 133, 0, 0, 0.81%, 0, 0, 11, 25.91, 1767778, 72, 0, 0
32808, 37, 129, 133, 0, 0, 0.81%, 0, 0, 11, 25.54, 1767912, 72, 0, 0
32813, 37, 129, 133, 0, 0, 0.81%, 0, 0, 11, 24.92, 1768038, 72, 0, 0
32818, 37, 34, 133, 0, 0, 0.81%, 0, 0, 11, 25.56, 1768170, 72, 0, 0
32823, 37, 34, 133, 0, 0, 0.81%, 0, 0, 11, 26.34, 1768304, 72, 0, 0
32829, 37, 34, 133, 0, 0, 0.81%, 0, 0, 11, 26.17, 1768438, 72, 0, 0
32834, 37, 89, 133, 0, 0, 0.81%, 0, 0, 11, 26.20, 1768569, 72, 0, 0
32839, 37, 89, 133, 0, 0, 0.81%, 0, 0, 11, 26.36, 1768700, 72, 0, 0
32844, 37, 89, 133, 0, 0, 0.81%, 0, 0, 11, 26.11, 1768833, 72, 0, 0
32849, 37, 89, 133, 0, 0, 0.81%, 0, 0, 11, 26.08, 1768968, 72, 0, 0
32854, 37, 61, 133, 0, 0, 0.81%, 0, 0, 11, 26.13, 1769103, 72, 0, 0
32859, 37, 61, 133, 0, 0, 0.81%, 0, 0, 11, 26.38, 1769236, 72, 0, 0
32864, 37, 61, 133, 0, 0, 0.81%, 0, 0, 11, 26.07, 1769369, 72, 0, 0
32869, 37, 61, 133, 0, 0, 0.81%, 0, 0, 11, 25.50, 1769499, 72, 0, 0
32875, 37, 61, 133, 0, 0, 0.81%, 0, 0, 11, 25.81, 1769634, 72, 0, 0
32880, 37, 127, 133, 0, 0, 0.81%, 0, 0, 11, 26.30, 1769765, 72, 0, 0
32885, 37, 127, 133, 0, 0, 0.81%, 0, 0, 11, 25.88, 1769899, 72, 0, 0
32890, 37, 127, 133, 0, 0, 0.81%, 0, 0, 11, 26.21, 1770033, 72, 0, 0
32895, 37, 127, 133, 0, 0, 0.81%, 0, 0, 11, 25.74, 1770162, 72, 0, 0
32900, 37, 17, 133, 0, 0, 0.81%, 0, 0, 11, 26.05, 1770297, 72, 0, 0
32905, 37, 17, 133, 0, 0, 0.81%, 0, 0, 11, 26.22, 1770459, 72, 0, 0
32910, 37, 99, 133, 0, 0, 0.81%, 0, 0, 11, 26.88, 1770961, 72, 0, 0
32916, 37, 99, 133, 0, 0, 0.81%, 0, 0, 11, 21.94, 1771359, 72, 0, 0
32921, 37, 17, 133, 0, 0, 0.81%, 0, 0, 11, 25.06, 1771518, 72, 0, 0
32926, 37, 17, 133, 0, 0, 0.81%, 0, 0, 11, 28.41, 1771673, 72, 0, 0
32931, 37, 40, 133, 0, 0, 0.81%, 0, 0, 11, 27.50, 1771808, 72, 0, 0
32936, 37, 40, 133, 0, 0, 0.81%, 0, 0, 11, 26.06, 1771985, 72, 0, 0
32941, 37, 40, 133, 0, 0, 0.81%, 0, 0, 11, 25.44, 1772116, 72, 0, 0
32946, 37, 40, 133, 0, 0, 0.81%, 0, 0, 11, 26.25, 1772248, 72, 0, 0
32951, 37, 40, 133, 0, 0, 0.81%, 0, 0, 11, 26.58, 1772384, 72, 0, 0
32956, 37, 2, 133, 0, 0, 0.81%, 0, 0, 11, 25.92, 1772516, 72, 0, 0
32962, 37, 2, 133, 0, 0, 0.81%, 0, 0, 11, 26.45, 1772649, 72, 0, 0
32967, 37, 23, 133, 0, 0, 0.81%, 0, 0, 11, 26.10, 1772779, 72, 0, 0
32972, 37, 23, 133, 0, 0, 0.81%, 0, 0, 11, 25.73, 1772908, 72, 0, 0
32977, 37, 98, 133, 0, 0, 0.81%, 0, 0, 11, 25.88, 1773041, 72, 0, 0
32982, 37, 47, 133, 0, 0, 0.81%, 0, 0, 11, 26.29, 1773176, 72, 0, 0
32987, 37, 47, 133, 0, 0, 0.81%, 0, 0, 11, 25.45, 1773307, 72, 0, 0
32992, 37, 47, 133, 0, 0, 0.81%, 0, 0, 11, 25.80, 1773441, 72, 0, 0
32997, 37, 47, 133, 0, 0, 0.81%, 0, 0, 11, 25.65, 1773573, 72, 0, 0
33002, 37, 47, 133, 0, 0, 0.81%, 0, 0, 11, 25.94, 1773703, 72, 0, 0
33008, 37, 45, 133, 0, 0, 0.81%, 0, 0, 11, 25.26, 1773828, 72, 0, 0
33013, 37, 45, 133, 0, 0, 0.81%, 0, 0, 11, 25.27, 1773959, 72, 0, 0
33018, 37, 45, 133, 0, 0, 0.81%, 0, 0, 11, 25.38, 1774089, 72, 0, 0
33023, 37, 45, 133, 0, 0, 0.81%, 0, 0, 11, 26.60, 1774227, 72, 0, 0
33028, 37, 100, 133, 0, 0, 0.81%, 0, 0, 11, 24.58, 1774442, 72, 0, 0
33033, 37, 100, 133, 0, 0, 0.81%, 0, 0, 11, 25.27, 1774575, 72, 0, 0
33038, 37, 100, 133, 0, 0, 0.81%, 0, 0, 11, 29.50, 1774781, 72, 0, 0
33044, 37, 100, 133, 0, 0, 0.81%, 0, 0, 11, 26.10, 1774910, 72, 0, 0
33049, 37, 20, 133, 0, 0, 0.81%, 0, 0, 11, 26.51, 1775048, 72, 0, 0
33054, 37, 14, 133, 0, 0, 0.81%, 0, 0, 11, 25.41, 1775180, 72, 0, 0
33059, 37, 14, 133, 0, 0, 0.81%, 0, 0, 11, 24.50, 1775307, 72, 0, 0
33064, 37, 93, 133, 0, 0, 0.81%, 0, 0, 11, 26.16, 1775486, 72, 0, 0
33069, 37, 93, 133, 0, 0, 0.81%, 0, 0, 11, 25.51, 1775618, 72, 0, 0
33074, 37, 93, 133, 0, 0, 0.81%, 0, 0, 11, 204.65, 1775822, 72, 0, 0
33080, 37, 9, 133, 0, 0, 0.81%, 0, 0, 11, 28.03, 1776055, 72, 0, 0
33085, 37, 17, 133, 0, 0, 0.81%, 0, 0, 11, 26.07, 1776339, 72, 0, 0
33090, 37, 17, 133, 0, 0, 0.81%, 0, 0, 11, 25.40, 1776470, 72, 0, 0
33095, 37, 61, 133, 0, 0, 0.81%, 0, 0, 11, 26.07, 1776606, 72, 0, 0
33100, 37, 61, 133, 0, 0, 0.81%, 0, 0, 11, 25.61, 1776740, 72, 0, 0
33105, 37, 61, 133, 0, 0, 0.81%, 0, 0, 11, 26.47, 1776877, 72, 0, 0
33111, 37, 61, 133, 0, 0, 0.81%, 0, 0, 11, 26.02, 1777014, 72, 0, 0
33116, 37, 61, 133, 0, 0, 0.81%, 0, 0, 11, 26.24, 1777149, 72, 0, 0
33121, 37, 36, 133, 0, 0, 0.81%, 0, 0, 11, 25.66, 1777333, 72, 0, 0
33126, 37, 51, 133, 0, 0, 0.81%, 0, 0, 11, 25.69, 1777463, 72, 0, 0
33131, 37, 51, 133, 0, 0, 0.81%, 0, 0, 11, 25.44, 1777592, 72, 0, 0
33136, 37, 6, 133, 0, 0, 0.81%, 0, 0, 11, 26.34, 1777829, 72, 0, 0
33141, 37, 58, 133, 0, 0, 0.81%, 0, 0, 11, 26.30, 1778021, 72, 0, 0
33147, 37, 58, 133, 0, 0, 0.81%, 0, 0, 11, 28.50, 1778205, 72, 0, 0
33152, 37, 58, 133, 0, 0, 0.81%, 0, 0, 11, 28.24, 1778350, 72, 0, 0
33157, 37, 58, 133, 0, 0, 0.81%, 0, 0, 11, 27.70, 1778488, 72, 0, 0
33162, 37, 13, 133, 0, 0, 0.81%, 0, 0, 11, 27.41, 1778631, 72, 0, 0
33167, 37, 13, 133, 0, 0, 0.81%, 0, 0, 11, 26.65, 1778769, 72, 0, 0
33172, 37, 34, 133, 0, 0, 0.81%, 0, 0, 11, 26.55, 1778905, 72, 0, 0
33177, 37, 34, 133, 0, 0, 0.81%, 0, 0, 11, 25.31, 1779032, 72, 0, 0
33182, 37, 94, 133, 0, 0, 0.81%, 0, 0, 11, 24.37, 1779153, 72, 0, 0
33188, 37, 94, 133, 0, 0, 0.81%, 0, 0, 11, 25.60, 1779288, 72, 0, 0
33193, 37, 94, 133, 0, 0, 0.81%, 0, 0, 11, 25.94, 1779422, 72, 0, 0
33198, 37, 94, 133, 0, 0, 0.81%, 0, 0, 11, 26.18, 1779556, 72, 0, 0
33203, 37, 94, 133, 0, 0, 0.81%, 0, 0, 11, 25.11, 1779686, 72, 0, 0
33208, 37, 94, 133, 0, 0, 0.81%, 0, 0, 11, 24.11, 1779808, 72, 0, 0
33213, 37, 94, 133, 0, 0, 0.81%, 0, 0, 11, 26.49, 1779944, 72, 0, 0
33218, 37, 21, 133, 0, 0, 0.81%, 0, 0, 11, 26.26, 1780078, 72, 0, 0
33223, 37, 21, 133, 0, 0, 0.81%, 0, 0, 11, 25.75, 1780211, 72, 0, 0
33229, 37, 47, 133, 0, 0, 0.81%, 0, 0, 11, 26.05, 1780346, 72, 0, 0
33234, 37, 47, 133, 0, 0, 0.81%, 0, 0, 11, 25.36, 1780524, 72, 0, 0
33239, 37, 47, 133, 0, 0, 0.81%, 0, 0, 11, 26.09, 1780706, 72, 0, 0
33244, 37, 47, 133, 0, 0, 0.81%, 0, 0, 11, 26.07, 1780841, 72, 0, 0
33249, 37, 50, 133, 0, 0, 0.81%, 0, 0, 11, 26.34, 1781015, 72, 0, 0
33254, 37, 50, 133, 0, 0, 0.81%, 0, 0, 11, 26.16, 1781152, 72, 0, 0
33260, 37, 50, 133, 0, 0, 0.81%, 0, 0, 11, 25.65, 1781284, 72, 0, 0
33265, 37, 50, 133, 0, 0, 0.81%, 0, 0, 11, 25.33, 1781415, 72, 0, 0
33270, 37, 35, 133, 0, 0, 0.81%, 0, 0, 11, 25.93, 1781548, 72, 0, 0
33275, 37, 35, 133, 0, 0, 0.81%, 0, 0, 11, 25.92, 1781679, 72, 0, 0
33280, 37, 35, 133, 0, 0, 0.81%, 0, 0, 11, 25.18, 1781806, 72, 0, 0
33285, 37, 45, 133, 0, 0, 0.81%, 0, 0, 11, 25.72, 1781941, 72, 0, 0
33290, 37, 45, 133, 0, 0, 0.81%, 0, 0, 11, 25.55, 1782069, 72, 0, 0
33295, 37, 45, 133, 0, 0, 0.81%, 0, 0, 11, 25.94, 1782201, 72, 0, 0
33300, 37, 45, 133, 0, 0, 0.81%, 0, 0, 11, 26.27, 1782336, 72, 0, 0
33305, 37, 58, 133, 0, 0, 0.81%, 0, 0, 11, 26.27, 1782473, 72, 0, 0
33311, 37, 58, 133, 0, 0, 0.81%, 0, 0, 11, 26.28, 1782612, 72, 0, 0
33316, 37, 58, 133, 0, 0, 0.81%, 0, 0, 11, 27.00, 1782754, 72, 0, 0
33321, 37, 58, 133, 0, 0, 0.81%, 0, 0, 11, 26.74, 1782888, 72, 0, 0
33326, 37, 58, 133, 0, 0, 0.81%, 0, 0, 11, 28.11, 1783028, 72, 0, 0
33331, 37, 16, 133, 0, 0, 0.81%, 0, 0, 11, 26.57, 1783162, 72, 0, 0
33336, 37, 16, 133, 0, 0, 0.81%, 0, 0, 11, 26.42, 1783294, 72, 0, 0
33341, 37, 99, 133, 0, 0, 0.81%, 0, 0, 11, 26.89, 1783431, 72, 0, 0
33346, 37, 99, 133, 0, 0, 0.81%, 0, 0, 11, 27.63, 1783609, 72, 0, 0
33352, 37, 99, 133, 0, 0, 0.81%, 0, 0, 11, 27.62, 1783776, 72, 0, 0
33357, 37, 99, 133, 0, 0, 0.81%, 0, 0, 11, 26.23, 1783906, 72, 0, 0
33362, 37, 18, 133, 0, 0, 0.81%, 0, 0, 11, 26.73, 1784042, 72, 0, 0
33367, 37, 18, 133, 0, 0, 0.81%, 0, 0, 11, 26.86, 1784179, 72, 0, 0
33372, 37, 98, 133, 0, 0, 0.81%, 0, 0, 11, 25.90, 1784312, 72, 0, 0
33377, 37, 16, 133, 0, 0, 0.81%, 0, 0, 11, 26.09, 1784443, 72, 0, 0
33382, 37, 16, 133, 0, 0, 0.81%, 0, 0, 11, 26.56, 1784581, 72, 0, 0
33387, 37, 23, 133, 0, 0, 0.81%, 0, 0, 11, 26.28, 1784711, 72, 0, 0
33392, 37, 23, 133, 0, 0, 0.81%, 0, 0, 11, 25.37, 1784836, 72, 0, 0
33397, 37, 11, 133, 0, 0, 0.81%, 0, 0, 11, 28.19, 1784985, 72, 0, 0
33403, 37, 32, 133, 0, 0, 0.81%, 0, 0, 11, 26.19, 1785119, 72, 0, 0
33408, 37, 32, 133, 0, 0, 0.81%, 0, 0, 11, 27.47, 1785260, 72, 0, 0
33413, 37, 36, 133, 0, 0, 0.81%, 0, 0, 11, 28.82, 1785403, 72, 0, 0
33418, 37, 36, 133, 0, 0, 0.81%, 0, 0, 11, 251.18, 1785612, 72, 0, 0
33423, 37, 76, 133, 0, 0, 0.81%, 0, 0, 11, 25.11, 1785738, 72, 0, 0
33429, 37, 76, 133, 0, 0, 0.81%, 0, 0, 11, 26.11, 1785876, 72, 0, 0
33434, 37, 76, 133, 0, 0, 0.81%, 0, 0, 11, 25.65, 1786056, 72, 0, 0
33439, 37, 57, 133, 0, 0, 0.81%, 0, 0, 11, 61.58, 1786385, 72, 0, 0
33444, 37, 57, 133, 0, 0, 0.81%, 0, 0, 11, 38.41, 1786558, 72, 0, 0
33449, 37, 57, 133, 0, 0, 0.81%, 0, 0, 11, 28.22, 1786688, 72, 0, 0
33454, 37, 57, 133, 0, 0, 0.81%, 0, 0, 11, 24.91, 1786854, 72, 0, 0
33459, 37, 16, 133, 0, 0, 0.81%, 0, 0, 11, 25.46, 1786986, 72, 0, 0
33464, 37, 16, 133, 0, 0, 0.81%, 0, 0, 11, 25.55, 1787116, 72, 0, 0
33469, 37, 52, 133, 0, 0, 0.81%, 0, 0, 11, 25.16, 1787294, 72, 0, 0
33475, 37, 52, 133, 0, 0, 0.81%, 0, 0, 11, 24.44, 1787479, 72, 0, 0
33480, 37, 45, 133, 0, 0, 0.81%, 0, 0, 11, 25.17, 1787612, 72, 0, 0
33485, 37, 45, 133, 0, 0, 0.81%, 0, 0, 11, 28.77, 1787760, 72, 0, 0
33490, 37, 45, 133, 0, 0, 0.81%, 0, 0, 11, 29.32, 1787919, 72, 0, 0
33495, 37, 45, 133, 0, 0, 0.81%, 0, 0, 11, 27.73, 1788057, 72, 0, 0
33500, 37, 2, 133, 0, 0, 0.81%, 0, 0, 11, 26.42, 1788190, 72, 0, 0
33505, 37, 2, 133, 0, 0, 0.81%, 0, 0, 11, 26.64, 1788327, 72, 0, 0
33511, 37, 2, 133, 0, 0, 0.81%, 0, 0, 11, 25.90, 1788460, 72, 0, 0
33516, 37, 37, 133, 0, 0, 0.81%, 0, 0, 11, 26.03, 1788596, 72, 0, 0
33521, 37, 37, 133, 0, 0, 0.81%, 0, 0, 11, 26.12, 1788731, 72, 0, 0
33526, 37, 30, 133, 0, 0, 0.81%, 0, 0, 11, 27.08, 1788865, 72, 0, 0
33531, 37, 30, 133, 0, 0, 0.81%, 0, 0, 11, 26.32, 1789000, 72, 0, 0
33536, 37, 99, 133, 0, 0, 0.81%, 0, 0, 11, 26.40, 1789135, 72, 0, 0
33541, 37, 99, 133, 0, 0, 0.81%, 0, 0, 11, 26.09, 1789307, 72, 0, 0
33546, 37, 99, 133, 0, 0, 0.81%, 0, 0, 11, 29.29, 1789451, 72, 0, 0
33552, 37, 99, 133, 0, 0, 0.81%, 0, 0, 11, 27.37, 1789591, 72, 0, 0
33557, 37, 45, 133, 0, 0, 0.81%, 0, 0, 11, 25.04, 1789815, 72, 0, 0
33562, 37, 45, 133, 0, 0, 0.81%, 0, 0, 11, 25.57, 1789946, 72, 0, 0
33567, 37, 30, 133, 0, 0, 0.81%, 0, 0, 11, 26.76, 1790358, 72, 0, 0
33572, 37, 30, 133, 0, 0, 0.81%, 0, 0, 11, 26.14, 1790488, 72, 0, 0
33577, 37, 61, 133, 0, 0, 0.81%, 0, 0, 11, 25.38, 1790617, 72, 0, 0
33582, 37, 61, 133, 0, 0, 0.81%, 0, 0, 11, 25.62, 1790747, 72, 0, 0
33587, 37, 61, 133, 0, 0, 0.81%, 0, 0, 11, 25.75, 1790883, 72, 0, 0
33593, 37, 61, 133, 0, 0, 0.81%, 0, 0, 11, 25.36, 1791012, 72, 0, 0
33598, 37, 52, 133, 0, 0, 0.81%, 0, 0, 11, 25.59, 1791201, 72, 0, 0
33603, 37, 52, 133, 0, 0, 0.81%, 0, 0, 11, 26.36, 1791332, 72, 0, 0
33608, 37, 52, 133, 0, 0, 0.81%, 0, 0, 11, 26.60, 1791468, 72, 0, 0
33613, 37, 61, 133, 0, 0, 0.81%, 0, 0, 11, 26.61, 1791607, 72, 0, 0
33618, 37, 61, 133, 0, 0, 0.81%, 0, 0, 11, 43.96, 1791816, 72, 0, 0
33623, 37, 61, 133, 0, 0, 0.81%, 0, 0, 11, 30.40, 1791954, 72, 0, 0
33628, 37, 45, 133, 0, 0, 0.81%, 0, 0, 11, 26.68, 1792085, 72, 0, 0
33633, 37, 45, 133, 0, 0, 0.81%, 0, 0, 11, 26.37, 1792219, 72, 0, 0
33639, 37, 45, 133, 0, 0, 0.81%, 0, 0, 11, 144.34, 1792428, 72, 0, 0
33644, 37, 45, 133, 0, 0, 0.81%, 0, 0, 11, 27.34, 1792635, 72, 0, 0
33649, 37, 2, 133, 0, 0, 0.81%, 0, 0, 11, 26.00, 1792767, 72, 0, 0
33654, 37, 2, 133, 0, 0, 0.81%, 0, 0, 11, 26.08, 1792897, 72, 0, 0
33659, 37, 36, 133, 0, 0, 0.81%, 0, 0, 11, 26.03, 1793031, 72, 0, 0
33664, 37, 36, 133, 0, 0, 0.81%, 0, 0, 11, 29.80, 1793187, 72, 0, 0
33669, 37, 32, 133, 0, 0, 0.81%, 0, 0, 11, 26.46, 1793319, 72, 0, 0
33674, 37, 32, 133, 0, 0, 0.81%, 0, 0, 11, 27.09, 1793457, 72, 0, 0
33680, 37, 111, 133, 0, 0, 0.81%, 0, 0, 11, 27.59, 1793597, 72, 0, 0
33685, 37, 111, 133, 0, 0, 0.81%, 0, 0, 11, 25.19, 1793728, 72, 0, 0
33690, 37, 111, 133, 0, 0, 0.81%, 0, 0, 11, 25.29, 1793860, 72, 0, 0
33695, 37, 111, 133, 0, 0, 0.81%, 0, 0, 11, 31.93, 1794045, 72, 0, 0
33700, 37, 111, 133, 0, 0, 0.81%, 0, 0, 11, 26.77, 1794170, 72, 0, 0
33705, 37, 111, 133, 0, 0, 0.81%, 0, 0, 11, 26.65, 1794308, 72, 0, 0
33710, 37, 111, 133, 0, 0, 0.81%, 0, 0, 11, 26.63, 1794443, 72, 0, 0
33715, 37, 111, 133, 0, 0, 0.81%, 0, 0, 11, 26.11, 1794577, 72, 0, 0
33720, 37, 111, 133, 0, 0, 0.81%, 0, 0, 11, 26.80, 1794715, 72, 0, 0
33725, 37, 111, 133, 0, 0, 0.81%, 0, 0, 11, 29.06, 1794861, 72, 0, 0
33731, 37, 14, 133, 0, 0, 0.81%, 0, 0, 11, 27.15, 1794996, 72, 0, 0
33736, 37, 14, 133, 0, 0, 0.81%, 0, 0, 11, 27.60, 1795135, 72, 0, 0
33741, 37, 118, 133, 0, 0, 0.81%, 0, 0, 11, 28.75, 1795382, 72, 0, 0
33746, 37, 118, 133, 0, 0, 0.81%, 0, 0, 11, 28.45, 1795529, 72, 0, 0
33751, 37, 118, 133, 0, 0, 0.81%, 0, 0, 11, 27.12, 1795667, 72, 0, 0
33756, 37, 118, 133, 0, 0, 0.81%, 0, 0, 11, 27.54, 1795809, 72, 0, 0
33762, 37, 26, 133, 0, 0, 0.81%, 0, 0, 11, 28.45, 1795959, 72, 0, 0
33767, 37, 26, 133, 0, 0, 0.81%, 0, 0, 11, 27.40, 1796097, 72, 0, 0
33772, 37, 58, 133, 0, 0, 0.81%, 0, 0, 11, 26.22, 1796227, 72, 0, 0
33777, 37, 58, 133, 0, 0, 0.81%, 0, 0, 11, 26.94, 1796367, 72, 0, 0
33782, 37, 58, 133, 0, 0, 0.81%, 0, 0, 11, 28.41, 1796508, 72, 0, 0
33787, 37, 58, 133, 0, 0, 0.81%, 0, 0, 11, 27.08, 1796643, 72, 0, 0
33792, 37, 98, 133, 0, 0, 0.81%, 0, 0, 11, 27.92, 1796787, 72, 0, 0
33797, 37, 98, 133, 0, 0, 0.81%, 0, 0, 11, 26.04, 1796921, 72, 0, 0
33802, 37, 94, 133, 0, 0, 0.81%, 0, 0, 11, 26.29, 1797055, 72, 0, 0
33808, 37, 94, 133, 0, 0, 0.81%, 0, 0, 11, 26.68, 1797194, 72, 0, 0
33813, 37, 94, 133, 0, 0, 0.81%, 0, 0, 11, 28.23, 1797339, 72, 0, 0
33818, 37, 94, 133, 0, 0, 0.81%, 0, 0, 11, 27.29, 1797599, 72, 0, 0
33823, 37, 94, 133, 0, 0, 0.81%, 0, 0, 11, 26.54, 1797735, 72, 0, 0
33828, 37, 47, 133, 0, 0, 0.81%, 0, 0, 11, 26.36, 1797937, 72, 0, 0
33833, 37, 47, 133, 0, 0, 0.81%, 0, 0, 11, 26.67, 1798071, 72, 0, 0
33838, 37, 47, 133, 0, 0, 0.81%, 0, 0, 11, 25.57, 1798199, 72, 0, 0
33843, 37, 47, 133, 0, 0, 0.81%, 0, 0, 11, 25.92, 1798334, 72, 0, 0
33849, 37, 16, 133, 0, 0, 0.81%, 0, 0, 11, 61.68, 1798607, 72, 0, 0
33854, 37, 10, 133, 0, 0, 0.81%, 0, 0, 11, 33.87, 1798734, 72, 0, 0
33859, 37, 10, 133, 0, 0, 0.81%, 0, 0, 11, 28.10, 1798867, 72, 0, 0
33864, 37, 23, 133, 0, 0, 0.81%, 0, 0, 11, 27.08, 1799056, 72, 0, 0
33869, 37, 23, 133, 0, 0, 0.81%, 0, 0, 11, 26.12, 1799189, 72, 0, 0
33874, 37, 55, 133, 0, 0, 0.81%, 0, 0, 11, 27.91, 1799339, 72, 0, 0
33879, 37, 50, 133, 0, 0, 0.81%, 0, 0, 11, 26.67, 1799512, 72, 0, 0
33884, 37, 50, 133, 0, 0, 0.81%, 0, 0, 11, 25.72, 1799637, 72, 0, 0
33889, 37, 2, 133, 0, 0, 0.81%, 0, 0, 11, 26.70, 1800413, 72, 0, 0
33894, 37, 2, 133, 0, 0, 0.81%, 0, 0, 11, 26.93, 1800546, 72, 0, 0
33900, 37, 26, 133, 0, 0, 0.81%, 0, 0, 11, 26.59, 1800688, 72, 0, 0
33905, 37, 26, 133, 0, 0, 0.81%, 0, 0, 11, 26.41, 1800823, 72, 0, 0
33910, 37, 26, 133, 0, 0, 0.81%, 0, 0, 11, 29.09, 1800973, 72, 0, 0
33915, 37, 18, 133, 0, 0, 0.81%, 0, 0, 11, 26.62, 1801103, 72, 0, 0
33920, 37, 18, 133, 0, 0, 0.81%, 0, 0, 11, 25.65, 1801234, 72, 0, 0
33925, 37, 35, 133, 0, 0, 0.81%, 0, 0, 11, 25.30, 1801361, 72, 0, 0
33930, 37, 35, 133, 0, 0, 0.81%, 0, 0, 11, 25.82, 1801495, 72, 0, 0
33936, 37, 26, 133, 0, 0, 0.81%, 0, 0, 11, 26.05, 1801631, 72, 0, 0
33941, 37, 26, 133, 0, 0, 0.81%, 0, 0, 11, 30.57, 1801781, 72, 0, 0
33946, 37, 94, 133, 0, 0, 0.81%, 0, 0, 11, 27.41, 1801914, 72, 0, 0
33951, 37, 94, 133, 0, 0, 0.81%, 0, 0, 11, 27.82, 1802122, 72, 0, 0
33956, 37, 94, 133, 0, 0, 0.81%, 0, 0, 11, 28.21, 1802272, 72, 0, 0
33961, 37, 94, 133, 0, 0, 0.81%, 0, 0, 11, 27.00, 1802415, 72, 0, 0
33966, 37, 94, 133, 0, 0, 0.81%, 0, 0, 11, 27.29, 1802553, 72, 0, 0
33971, 37, 94, 133, 0, 0, 0.81%, 0, 0, 11, 26.27, 1802683, 72, 0, 0
33977, 37, 58, 133, 0, 0, 0.81%, 0, 0, 11, 25.36, 1802943, 72, 0, 0
33982, 37, 58, 133, 0, 0, 0.81%, 0, 0, 11, 27.85, 1803085, 72, 0, 0
33987, 37, 58, 133, 0, 0, 0.81%, 0, 0, 11, 27.57, 1803228, 72, 0, 0
33992, 37, 99, 133, 0, 0, 0.81%, 0, 0, 11, 28.87, 1803467, 72, 0, 0
33997, 37, 99, 133, 0, 0, 0.81%, 0, 0, 11, 25.26, 1803593, 72, 0, 0
34002, 37, 99, 133, 0, 0, 0.81%, 0, 0, 11, 23.90, 1803714, 72, 0, 0
34007, 37, 99, 133, 0, 0, 0.81%, 0, 0, 11, 25.51, 1803845, 72, 0, 0
34012, 37, 7, 133, 0, 0, 0.81%, 0, 0, 11, 28.09, 1803993, 72, 0, 0
34018, 37, 7, 133, 0, 0, 0.81%, 0, 0, 11, 25.36, 1804200, 72, 0, 0
34023, 37, 34, 133, 0, 0, 0.81%, 0, 0, 11, 27.25, 1804489, 72, 0, 0
34028, 37, 94, 133, 0, 0, 0.81%, 0, 0, 11, 26.22, 1804617, 72, 0, 0
34033, 37, 94, 133, 0, 0, 0.81%, 0, 0, 11, 25.75, 1804748, 72, 0, 0
34038, 37, 94, 133, 0, 0, 0.81%, 0, 0, 11, 26.08, 1804878, 72, 0, 0
34043, 37, 94, 133, 0, 0, 0.81%, 0, 0, 11, 31.72, 1805116, 72, 0, 0
34048, 37, 94, 133, 0, 0, 0.81%, 0, 0, 11, 26.12, 1805385, 72, 0, 0
34053, 37, 7, 133, 0, 0, 0.81%, 0, 0, 11, 25.95, 1805559, 72, 0, 0
34058, 37, 7, 133, 0, 0, 0.81%, 0, 0, 11, 26.79, 1805765, 72, 0, 0
34063, 37, 2, 133, 0, 0, 0.81%, 0, 0, 11, 27.41, 1805944, 72, 0, 0
34068, 37, 98, 133, 0, 0, 0.81%, 0, 0, 11, 31.37, 1806123, 72, 0, 0
34073, 37, 7, 133, 0, 0, 0.81%, 0, 0, 11, 28.39, 1806259, 72, 0, 0
34079, 37, 7, 133, 0, 0, 0.81%, 0, 0, 11, 26.72, 1806460, 72, 0, 0
34084, 37, 94, 133, 0, 0, 0.81%, 0, 0, 11, 25.74, 1806594, 72, 0, 0
34089, 37, 94, 133, 0, 0, 0.81%, 0, 0, 11, 26.66, 1806727, 72, 0, 0
34094, 37, 94, 133, 0, 0, 0.81%, 0, 0, 11, 26.99, 1806864, 72, 0, 0
34099, 37, 94, 133, 0, 0, 0.81%, 0, 0, 11, 24.54, 1806983, 72, 0, 0
34104, 37, 94, 133, 0, 0, 0.81%, 0, 0, 11, 26.72, 1807174, 72, 0, 0
34109, 37, 94, 133, 0, 0, 0.81%, 0, 0, 11, 25.97, 1807305, 72, 0, 0
34114, 37, 13, 133, 0, 0, 0.81%, 0, 0, 11, 26.60, 1807442, 72, 0, 0
34119, 37, 13, 133, 0, 0, 0.81%, 0, 0, 11, 25.85, 1807573, 72, 0, 0
34125, 37, 57, 133, 0, 0, 0.81%, 0, 0, 11, 28.40, 1807720, 72, 0, 0
34130, 37, 57, 133, 0, 0, 0.81%, 0, 0, 11, 26.45, 1807853, 72, 0, 0
34135, 37, 57, 133, 0, 0, 0.81%, 0, 0, 11, 26.16, 1807984, 72, 0, 0
34140, 37, 94, 133, 0, 0, 0.81%, 0, 0, 11, 22.54, 1808342, 72, 0, 0
34145, 37, 94, 133, 0, 0, 0.81%, 0, 0, 11, 32.97, 1808519, 72, 0, 0
34150, 37, 94, 133, 0, 0, 0.81%, 0, 0, 11, 28.41, 1808661, 72, 0, 0
34155, 37, 94, 133, 0, 0, 0.81%, 0, 0, 11, 27.44, 1808946, 72, 0, 0
34160, 37, 94, 133, 0, 0, 0.81%, 0, 0, 11, 32.53, 1809155, 72, 0, 0
34165, 37, 61, 133, 0, 0, 0.81%, 0, 0, 11, 26.87, 1809287, 72, 0, 0
34170, 37, 61, 133, 0, 0, 0.81%, 0, 0, 11, 33.63, 1809507, 72, 0, 0
34176, 37, 61, 133, 0, 0, 0.81%, 0, 0, 11, 27.85, 1809642, 72, 0, 0
34181, 37, 61, 133, 0, 0, 0.81%, 0, 0, 11, 26.44, 1809779, 72, 0, 0
34186, 37, 94, 133, 0, 0, 0.81%, 0, 0, 11, 29.41, 1810155, 72, 0, 0
34191, 37, 94, 133, 0, 0, 0.81%, 0, 0, 11, 25.95, 1810386, 72, 0, 0
34196, 37, 94, 133, 0, 0, 0.81%, 0, 0, 11, 28.26, 1810573, 72, 0, 0
34201, 37, 94, 133, 0, 0, 0.81%, 0, 0, 11, 30.49, 1810758, 72, 0, 0
34207, 37, 94, 133, 0, 0, 0.81%, 0, 0, 11, 27.59, 1810897, 72, 0, 0
34212, 37, 94, 133, 0, 0, 0.81%, 0, 0, 11, 26.79, 1811033, 72, 0, 0
34217, 37, 94, 133, 0, 0, 0.81%, 0, 0, 11, 25.99, 1811166, 72, 0, 0
34222, 37, 94, 133, 0, 0, 0.81%, 0, 0, 11, 25.75, 1811297, 72, 0, 0
34227, 37, 94, 133, 0, 0, 0.81%, 0, 0, 11, 25.35, 1811424, 72, 0, 0
34232, 37, 94, 133, 0, 0, 0.81%, 0, 0, 11, 25.84, 1811557, 72, 0, 0
34237, 37, 94, 133, 0, 0, 0.81%, 0, 0, 11, 25.38, 1811687, 72, 0, 0
34242, 37, 94, 133, 0, 0, 0.81%, 0, 0, 11, 25.89, 1811818, 72, 0, 0
34248, 37, 48, 133, 0, 0, 0.81%, 0, 0, 11, 25.24, 1811949, 72, 0, 0
34253, 37, 101, 133, 0, 0, 0.81%, 0, 0, 11, 25.53, 1812078, 72, 0, 0
34258, 37, 101, 133, 0, 0, 0.81%, 0, 0, 11, 28.03, 1812220, 72, 0, 0
34263, 37, 101, 133, 0, 0, 0.81%, 0, 0, 11, 26.77, 1812355, 72, 0, 0
34268, 37, 101, 133, 0, 0, 0.81%, 0, 0, 11, 31.67, 1812511, 72, 0, 0
34273, 37, 57, 133, 0, 0, 0.81%, 0, 0, 11, 28.47, 1812693, 72, 0, 0
34278, 37, 57, 133, 0, 0, 0.81%, 0, 0, 11, 25.80, 1812824, 72, 0, 0
34283, 37, 57, 133, 0, 0, 0.81%, 0, 0, 11, 44.05, 1813052, 72, 0, 0
34288, 37, 57, 133, 0, 0, 0.81%, 0, 0, 11, 33.58, 1813202, 72, 0, 0
34293, 37, 61, 133, 0, 0, 0.81%, 0, 0, 11, 29.68, 1813395, 72, 0, 0
34299, 37, 61, 133, 0, 0, 0.81%, 0, 0, 11, 27.12, 1813531, 72, 0, 0
34304, 37, 61, 133, 0, 0, 0.81%, 0, 0, 11, 27.16, 1813719, 72, 0, 0
34309, 37, 87, 133, 0, 0, 0.81%, 0, 0, 11, 28.17, 1813856, 72, 0, 0
34314, 37, 87, 133, 0, 0, 0.81%, 0, 0, 11, 26.48, 1813989, 72, 0, 0
34319, 37, 87, 133, 0, 0, 0.81%, 0, 0, 11, 303.92, 1814219, 72, 0, 0
34324, 37, 87, 133, 0, 0, 0.81%, 0, 0, 11, 26.94, 1814402, 72, 0, 0
34329, 37, 55, 133, 0, 0, 0.81%, 0, 0, 11, 26.53, 1814538, 72, 0, 0
34334, 37, 57, 133, 0, 0, 0.81%, 0, 0, 11, 25.77, 1814723, 72, 0, 0
34339, 37, 57, 133, 0, 0, 0.81%, 0, 0, 11, 25.80, 1814855, 72, 0, 0
34344, 37, 57, 133, 0, 0, 0.81%, 0, 0, 11, 26.43, 1814990, 72, 0, 0
34349, 37, 57, 133, 0, 0, 0.81%, 0, 0, 11, 25.63, 1815119, 72, 0, 0
34355, 37, 23, 133, 0, 0, 0.81%, 0, 0, 11, 26.34, 1815256, 72, 0, 0
34360, 37, 23, 133, 0, 0, 0.81%, 0, 0, 11, 26.25, 1815390, 72, 0, 0
34365, 37, 11, 133, 0, 0, 0.81%, 0, 0, 11, 25.59, 1815521, 72, 0, 0
34370, 37, 52, 133, 0, 0, 0.81%, 0, 0, 11, 26.15, 1815659, 72, 0, 0
34375, 38, 30, 133, 0, 0, 0.81%, 0, 0, 11, 26.47, 1815934, 72, 0, 0
34380, 38, 30, 133, 0, 0, 0.81%, 0, 0, 11, 26.17, 1816069, 72, 0, 0
34385, 38, 37, 133, 0, 0, 0.81%, 0, 0, 11, 25.56, 1816199, 72, 0, 0
34390, 38, 37, 133, 0, 0, 0.81%, 0, 0, 11, 30.52, 1816357, 72, 0, 0
34396, 38, 41, 133, 0, 0, 0.81%, 0, 0, 11, 27.05, 1816494, 72, 0, 0
34401, 38, 41, 133, 0, 0, 0.81%, 0, 0, 11, 27.97, 1816664, 72, 0, 0
34406, 38, 41, 133, 0, 0, 0.81%, 0, 0, 11, 26.55, 1816800, 72, 0, 0
34411, 38, 41, 133, 0, 0, 0.81%, 0, 0, 11, 26.12, 1816932, 72, 0, 0
34416, 38, 41, 133, 0, 0, 0.81%, 0, 0, 11, 26.43, 1817069, 72, 0, 0
34421, 38, 17, 133, 0, 0, 0.81%, 0, 0, 11, 25.25, 1817200, 72, 0, 0
34426, 38, 17, 133, 0, 0, 0.81%, 0, 0, 11, 26.53, 1817334, 72, 0, 0
34432, 38, 14, 133, 0, 0, 0.81%, 0, 0, 11, 26.95, 1817534, 72, 0, 0
34437, 38, 14, 133, 0, 0, 0.81%, 0, 0, 11, 27.39, 1817674, 72, 0, 0
34442, 38, 45, 133, 0, 0, 0.81%, 0, 0, 11, 26.71, 1817807, 72, 0, 0
34447, 38, 45, 133, 0, 0, 0.81%, 0, 0, 11, 26.24, 1817936, 72, 0, 0
34452, 38, 45, 133, 0, 0, 0.81%, 0, 0, 11, 25.38, 1818068, 72, 0, 0
34457, 38, 45, 133, 0, 0, 0.81%, 0, 0, 11, 25.12, 1818194, 72, 0, 0
34462, 38, 99, 133, 0, 0, 0.81%, 0, 0, 11, 26.10, 1818332, 72, 0, 0
34467, 38, 99, 133, 0, 0, 0.81%, 0, 0, 11, 26.26, 1818509, 72, 0, 0
34473, 38, 99, 133, 0, 0, 0.81%, 0, 0, 11, 26.13, 1818643, 72, 0, 0
34478, 38, 99, 133, 0, 0, 0.81%, 0, 0, 11, 26.38, 1818773, 72, 0, 0
34483, 38, 34, 133, 0, 0, 0.81%, 0, 0, 11, 30.28, 1818925, 72, 0, 0
34488, 38, 34, 133, 0, 0, 0.81%, 0, 0, 11, 29.87, 1819153, 72, 0, 0
34493, 38, 14, 133, 0, 0, 0.81%, 0, 0, 11, 27.61, 1819291, 72, 0, 0
34498, 38, 14, 133, 0, 0, 0.81%, 0, 0, 11, 28.19, 1819435, 72, 0, 0
34503, 38, 14, 133, 0, 0, 0.81%, 0, 0, 11, 28.82, 1819587, 72, 0, 0
34509, 38, 14, 133, 0, 0, 0.81%, 0, 0, 11, 28.04, 1819725, 72, 0, 0
34514, 38, 99, 133, 0, 0, 0.81%, 0, 0, 11, 26.01, 1819856, 72, 0, 0
34519, 38, 99, 133, 0, 0, 0.81%, 0, 0, 11, 26.33, 1820042, 72, 0, 0
34524, 38, 99, 133, 0, 0, 0.81%, 0, 0, 11, 26.23, 1820176, 72, 0, 0
34529, 38, 99, 133, 0, 0, 0.81%, 0, 0, 11, 26.26, 1820309, 72, 0, 0
34534, 38, 6, 133, 0, 0, 0.81%, 0, 0, 11, 26.20, 1820448, 72, 0, 0
34539, 38, 61, 133, 0, 0, 0.81%, 0, 0, 11, 26.59, 1820586, 72, 0, 0
34544, 38, 61, 133, 0, 0, 0.81%, 0, 0, 11, 25.69, 1820716, 72, 0, 0
34550, 38, 61, 133, 0, 0, 0.81%, 0, 0, 11, 26.35, 1820936, 72, 0, 0
34555, 38, 89, 133, 0, 0, 0.81%, 0, 0, 11, 26.42, 1821119, 72, 0, 0
34560, 38, 89, 133, 0, 0, 0.81%, 0, 0, 11, 26.04, 1821253, 72, 0, 0
34565, 38, 89, 133, 0, 0, 0.81%, 0, 0, 11, 32.85, 1821435, 72, 0, 0
34570, 38, 89, 133, 0, 0, 0.81%, 0, 0, 11, 32.20, 1821595, 72, 0, 0
34575, 38, 54, 133, 0, 0, 0.81%, 0, 0, 11, 27.54, 1821730, 72, 0, 0
34580, 38, 61, 133, 0, 0, 0.81%, 0, 0, 11, 28.28, 1821960, 72, 0, 0
34585, 38, 61, 133, 0, 0, 0.81%, 0, 0, 11, 27.56, 1822099, 72, 0, 0
34591, 38, 61, 133, 0, 0, 0.81%, 0, 0, 11, 28.45, 1822242, 72, 0, 0
34596, 38, 61, 133, 0, 0, 0.81%, 0, 0, 11, 22.12, 1822429, 72, 0, 0
34601, 38, 45, 133, 0, 0, 0.81%, 0, 0, 11, 24.22, 1822558, 72, 0, 0
34606, 38, 45, 133, 0, 0, 0.81%, 0, 0, 11, 25.22, 1822689, 72, 0, 0
34611, 38, 45, 133, 0, 0, 0.81%, 0, 0, 11, 25.26, 1822820, 72, 0, 0
34617, 38, 45, 133, 0, 0, 0.81%, 0, 0, 11, 27.10, 1823029, 72, 0, 0
34622, 38, 16, 133, 0, 0, 0.81%, 0, 0, 11, 26.47, 1823164, 72, 0, 0
34627, 38, 16, 133, 0, 0, 0.81%, 0, 0, 11, 28.32, 1823304, 72, 0, 0
34632, 38, 127, 133, 0, 0, 0.81%, 0, 0, 11, 26.42, 1823437, 72, 0, 0
34637, 38, 127, 133, 0, 0, 0.81%, 0, 0, 11, 23.84, 1823593, 72, 0, 0
34642, 38, 127, 133, 0, 0, 0.81%, 0, 0, 11, 26.39, 1823726, 72, 0, 0
34647, 38, 127, 133, 0, 0, 0.81%, 0, 0, 11, 26.80, 1823888, 72, 0, 0
34652, 38, 61, 133, 0, 0, 0.81%, 0, 0, 11, 25.14, 1824017, 72, 0, 0
34657, 38, 61, 133, 0, 0, 0.81%, 0, 0, 11, 28.13, 1824183, 72, 0, 0
34662, 38, 61, 133, 0, 0, 0.81%, 0, 0, 11, 26.64, 1824311, 72, 0, 0
34668, 38, 61, 133, 0, 0, 0.81%, 0, 0, 11, 26.56, 1824455, 72, 0, 0
34673, 38, 61, 133, 0, 0, 0.81%, 0, 0, 11, 26.77, 1824591, 72, 0, 0
34678, 38, 111, 133, 0, 0, 0.81%, 0, 0, 11, 34.82, 1824798, 72, 0, 0
34683, 38, 111, 133, 0, 0, 0.81%, 0, 0, 11, 27.79, 1824933, 72, 0, 0
34688, 38, 111, 133, 0, 0, 0.81%, 0, 0, 11, 28.46, 1825076, 72, 0, 0
34693, 38, 111, 133, 0, 0, 0.81%, 0, 0, 11, 27.79, 1825212, 72, 0, 0
34698, 38, 111, 133, 0, 0, 0.81%, 0, 0, 11, 26.02, 1825416, 72, 0, 0
34703, 38, 111, 133, 0, 0, 0.81%, 0, 0, 11, 25.96, 1825687, 72, 0, 0
34709, 38, 111, 133, 0, 0, 0.81%, 0, 0, 11, 26.16, 1825822, 72, 0, 0
34714, 38, 13, 133, 0, 0, 0.81%, 0, 0, 11, 26.77, 1825956, 72, 0, 0
34719, 38, 13, 133, 0, 0, 0.81%, 0, 0, 11, 27.21, 1826125, 72, 0, 0
34724, 38, 14, 133, 0, 0, 0.81%, 0, 0, 11, 30.09, 1826279, 72, 0, 0
34729, 38, 14, 133, 0, 0, 0.81%, 0, 0, 11, 27.13, 1826413, 72, 0, 0
34734, 38, 14, 133, 0, 0, 0.81%, 0, 0, 11, 26.03, 1826547, 72, 0, 0
34739, 38, 47, 133, 0, 0, 0.81%, 0, 0, 11, 26.48, 1826683, 72, 0, 0
34744, 38, 47, 133, 0, 0, 0.81%, 0, 0, 11, 27.75, 1826869, 72, 0, 0
34750, 38, 47, 133, 0, 0, 0.81%, 0, 0, 11, 26.89, 1827081, 72, 0, 0
34755, 38, 59, 133, 0, 0, 0.81%, 0, 0, 11, 26.65, 1827214, 72, 0, 0
34760, 38, 34, 133, 0, 0, 0.81%, 0, 0, 11, 27.22, 1827352, 72, 0, 0
34765, 38, 34, 133, 0, 0, 0.81%, 0, 0, 11, 26.62, 1827487, 72, 0, 0
34770, 38, 57, 133, 0, 0, 0.81%, 0, 0, 11, 29.84, 1827647, 72, 0, 0
34775, 38, 57, 133, 0, 0, 0.81%, 0, 0, 11, 28.09, 1827784, 72, 0, 0
34780, 38, 57, 133, 0, 0, 0.81%, 0, 0, 11, 25.35, 1827908, 72, 0, 0
34785, 38, 57, 133, 0, 0, 0.81%, 0, 0, 11, 25.82, 1828039, 72, 0, 0
34790, 38, 57, 133, 0, 0, 0.81%, 0, 0, 11, 24.62, 1828165, 72, 0, 0
34795, 38, 57, 133, 0, 0, 0.81%, 0, 0, 11, 31.16, 1828342, 72, 0, 0
34800, 38, 57, 133, 0, 0, 0.81%, 0, 0, 11, 26.83, 1828478, 72, 0, 0
34805, 38, 57, 133, 0, 0, 0.81%, 0, 0, 11, 30.15, 1828628, 72, 0, 0
34811, 38, 57, 133, 0, 0, 0.81%, 0, 0, 11, 28.20, 1828768, 72, 0, 0
34816, 38, 94, 133, 0, 0, 0.81%, 0, 0, 11, 25.12, 1828957, 72, 0, 0
34821, 38, 94, 133, 0, 0, 0.81%, 0, 0, 11, 25.53, 1829087, 72, 0, 0
34826, 38, 94, 133, 0, 0, 0.81%, 0, 0, 11, 25.70, 1829219, 72, 0, 0
34831, 38, 94, 133, 0, 0, 0.81%, 0, 0, 11, 25.31, 1829349, 72, 0, 0
34836, 38, 94, 133, 0, 0, 0.81%, 0, 0, 11, 26.18, 1829483, 72, 0, 0
34841, 38, 94, 133, 0, 0, 0.81%, 0, 0, 11, 26.35, 1829621, 72, 0, 0
34846, 38, 26, 133, 0, 0, 0.81%, 0, 0, 11, 26.29, 1829758, 72, 0, 0
34852, 38, 26, 133, 0, 0, 0.81%, 0, 0, 11, 25.55, 1829890, 72, 0, 0
34857, 38, 16, 133, 0, 0, 0.81%, 0, 0, 11, 25.77, 1830019, 72, 0, 0
34862, 38, 16, 133, 0, 0, 0.81%, 0, 0, 11, 28.54, 1830171, 72, 0, 0
34867, 38, 51, 133, 0, 0, 0.81%, 0, 0, 11, 26.73, 1830307, 72, 0, 0
34872, 38, 51, 133, 0, 0, 0.81%, 0, 0, 11, 28.93, 1830452, 72, 0, 0
34877, 38, 47, 133, 0, 0, 0.81%, 0, 0, 11, 175.00, 1830610, 72, 0, 0
34882, 38, 47, 133, 0, 0, 0.81%, 0, 0, 11, 27.27, 1830757, 72, 0, 0
34888, 38, 47, 133, 0, 0, 0.81%, 0, 0, 11, 27.13, 1830900, 72, 0, 0
34893, 38, 47, 133, 0, 0, 0.81%, 0, 0, 11, 25.53, 1831028, 72, 0, 0
34898, 38, 52, 133, 0, 0, 0.81%, 0, 0, 11, 29.82, 1831207, 72, 0, 0
34903, 38, 52, 133, 0, 0, 0.81%, 0, 0, 11, 26.82, 1831391, 72, 0, 0
34908, 38, 16, 133, 0, 0, 0.81%, 0, 0, 11, 26.39, 1831525, 72, 0, 0
34913, 38, 19, 133, 0, 0, 0.81%, 0, 0, 11, 31.67, 1831835, 72, 0, 0
34918, 38, 19, 133, 0, 0, 0.81%, 0, 0, 11, 25.03, 1831996, 72, 0, 0
34923, 38, 61, 133, 0, 0, 0.81%, 0, 0, 11, 25.58, 1832130, 72, 0, 0
34928, 38, 61, 133, 0, 0, 0.81%, 0, 0, 11, 26.09, 1832261, 72, 0, 0
34934, 38, 61, 133, 0, 0, 0.81%, 0, 0, 11, 25.38, 1832392, 72, 0, 0
34939, 38, 61, 133, 0, 0, 0.81%, 0, 0, 11, 23.79, 1832556, 72, 0, 0
34944, 38, 21, 133, 0, 0, 0.81%, 0, 0, 11, 25.80, 1832723, 72, 0, 0
34949, 38, 21, 133, 0, 0, 0.81%, 0, 0, 11, 28.22, 1832942, 72, 0, 0
34954, 38, 19, 133, 0, 0, 0.81%, 0, 0, 11, 26.41, 1833074, 72, 0, 0
34959, 38, 19, 133, 0, 0, 0.81%, 0, 0, 11, 27.42, 1833216, 72, 0, 0
34964, 38, 16, 133, 0, 0, 0.81%, 0, 0, 11, 24.93, 1833403, 72, 0, 0
34969, 38, 16, 133, 0, 0, 0.81%, 0, 0, 11, 25.98, 1833537, 72, 0, 0
34974, 38, 57, 133, 0, 0, 0.81%, 0, 0, 11, 26.88, 1833678, 72, 0, 0
34979, 38, 57, 133, 0, 0, 0.81%, 0, 0, 11, 27.88, 1833827, 72, 0, 0
34985, 38, 57, 133, 0, 0, 0.81%, 0, 0, 11, 28.02, 1833972, 72, 0, 0
34990, 38, 57, 133, 0, 0, 0.81%, 0, 0, 11, 27.69, 1834116, 72, 0, 0
34995, 38, 38, 133, 0, 0, 0.81%, 0, 0, 11, 26.24, 1834248, 72, 0, 0
35000, 38, 34, 133, 0, 0, 0.81%, 0, 0, 11, 25.85, 1834382, 72, 0, 0
35005, 38, 34, 133, 0, 0, 0.81%, 0, 0, 11, 25.67, 1834512, 72, 0, 0
35010, 38, 30, 133, 0, 0, 0.81%, 0, 0, 11, 25.66, 1834644, 72, 0, 0
35016, 38, 30, 133, 0, 0, 0.81%, 0, 0, 11, 25.67, 1834774, 72, 0, 0
35021, 38, 32, 133, 0, 0, 0.81%, 0, 0, 11, 26.59, 1834910, 72, 0, 0
35026, 38, 32, 133, 0, 0, 0.81%, 0, 0, 11, 25.88, 1835039, 72, 0, 0
35031, 38, 32, 133, 0, 0, 0.81%, 0, 0, 11, 25.69, 1835168, 72, 0, 0
35036, 38, 20, 133, 0, 0, 0.81%, 0, 0, 11, 26.01, 1835298, 72, 0, 0
35041, 38, 7, 133, 0, 0, 0.81%, 0, 0, 11, 26.08, 1835430, 72, 0, 0
35046, 38, 7, 133, 0, 0, 0.81%, 0, 0, 11, 26.59, 1835570, 72, 0, 0
35051, 38, 111, 133, 0, 0, 0.81%, 0, 0, 11, 27.53, 1835717, 72, 0, 0
35056, 38, 111, 133, 0, 0, 0.81%, 0, 0, 11, 26.07, 1835849, 72, 0, 0
35062, 38, 111, 133, 0, 0, 0.81%, 0, 0, 11, 27.02, 1836037, 72, 0, 0
35067, 38, 111, 133, 0, 0, 0.81%, 0, 0, 11, 27.88, 1836182, 72, 0, 0
35072, 38, 111, 133, 0, 0, 0.81%, 0, 0, 11, 25.20, 1836311, 72, 0, 0
35077, 38, 111, 133, 0, 0, 0.81%, 0, 0, 11, 24.45, 1836434, 72, 0, 0
35082, 38, 111, 133, 0, 0, 0.81%, 0, 0, 11, 25.67, 1836569, 72, 0, 0
35087, 38, 111, 133, 0, 0, 0.81%, 0, 0, 11, 26.54, 1836706, 72, 0, 0
35092, 38, 111, 133, 0, 0, 0.81%, 0, 0, 11, 26.49, 1836843, 72, 0, 0
35097, 38, 27, 133, 0, 0, 0.81%, 0, 0, 11, 26.65, 1837032, 72, 0, 0
35103, 38, 45, 133, 0, 0, 0.81%, 0, 0, 11, 25.55, 1837266, 72, 0, 0
35108, 38, 45, 133, 0, 0, 0.81%, 0, 0, 11, 213.64, 1837437, 72, 0, 0
35113, 38, 45, 133, 0, 0, 0.81%, 0, 0, 11, 24.62, 1837728, 72, 0, 0
35118, 38, 55, 133, 0, 0, 0.81%, 0, 0, 11, 26.15, 1837918, 72, 0, 0
35123, 38, 13, 133, 0, 0, 0.81%, 0, 0, 11, 30.35, 1838174, 72, 0, 0
35128, 38, 21, 133, 0, 0, 0.81%, 0, 0, 11, 26.86, 1838383, 72, 0, 0
35133, 38, 21, 133, 0, 0, 0.81%, 0, 0, 11, 25.72, 1838513, 72, 0, 0
35138, 38, 34, 133, 0, 0, 0.81%, 0, 0, 11, 25.16, 1838641, 72, 0, 0
35144, 38, 34, 133, 0, 0, 0.81%, 0, 0, 11, 26.48, 1838834, 72, 0, 0
35149, 38, 36, 133, 0, 0, 0.81%, 0, 0, 11, 29.15, 1838990, 72, 0, 0
35154, 38, 36, 133, 0, 0, 0.81%, 0, 0, 11, 27.36, 1839125, 72, 0, 0
35159, 38, 16, 133, 0, 0, 0.81%, 0, 0, 11, 28.09, 1839269, 72, 0, 0
35164, 38, 16, 133, 0, 0, 0.81%, 0, 0, 11, 26.80, 1839405, 72, 0, 0
35169, 38, 32, 133, 0, 0, 0.81%, 0, 0, 11, 26.51, 1839543, 72, 0, 0
35175, 38, 32, 133, 0, 0, 0.81%, 0, 0, 11, 26.30, 1839675, 72, 0, 0
35180, 38, 27, 133, 0, 0, 0.81%, 0, 0, 11, 27.48, 1839815, 72, 0, 0
35185, 38, 27, 133, 0, 0, 0.81%, 0, 0, 11, 26.89, 1839950, 72, 0, 0
35190, 38, 27, 133, 0, 0, 0.81%, 0, 0, 11, 26.14, 1840084, 72, 0, 0
35195, 38, 99, 133, 0, 0, 0.81%, 0, 0, 11, 26.63, 1840324, 72, 0, 0
35200, 38, 99, 133, 0, 0, 0.81%, 0, 0, 11, 29.45, 1840472, 72, 0, 0
35205, 38, 51, 133, 0, 0, 0.81%, 0, 0, 11, 158.88, 1840723, 72, 0, 0
35210, 38, 51, 133, 0, 0, 0.81%, 0, 0, 11, 25.17, 1840865, 72, 0, 0
35215, 38, 131, 133, 0, 0, 0.81%, 0, 0, 11, 24.92, 1841045, 72, 0, 0
35221, 38, 23, 133, 0, 0, 0.81%, 0, 0, 11, 47.55, 1841233, 72, 0, 0
35226, 38, 23, 133, 0, 0, 0.81%, 0, 0, 11, 31.78, 1841376, 72, 0, 0
35231, 38, 23, 133, 0, 0, 0.81%, 0, 0, 11, 30.26, 1841523, 72, 0, 0
35236, 38, 92, 133, 0, 0, 0.81%, 0, 0, 11, 27.47, 1841662, 72, 0, 0
35241, 38, 92, 133, 0, 0, 0.81%, 0, 0, 11, 27.05, 1841800, 72, 0, 0
35246, 38, 92, 133, 0, 0, 0.81%, 0, 0, 11, 25.93, 1841926, 72, 0, 0
35251, 38, 92, 133, 0, 0, 0.81%, 0, 0, 11, 26.35, 1842064, 72, 0, 0
35257, 38, 34, 133, 0, 0, 0.81%, 0, 0, 11, 35.98, 1842307, 72, 0, 0
35262, 38, 100, 133, 0, 0, 0.81%, 0, 0, 11, 26.93, 1842491, 72, 0, 0
35267, 38, 100, 133, 0, 0, 0.81%, 0, 0, 11, 26.01, 1842750, 72, 0, 0
35272, 38, 100, 133, 0, 0, 0.81%, 0, 0, 11, 26.25, 1842940, 72, 0, 0
35277, 38, 100, 133, 0, 0, 0.81%, 0, 0, 11, 24.74, 1843067, 72, 0, 0
35282, 38, 30, 133, 0, 0, 0.81%, 0, 0, 11, 27.99, 1843213, 72, 0, 0
35288, 38, 30, 133, 0, 0, 0.81%, 0, 0, 11, 28.36, 1843356, 72, 0, 0
35293, 38, 34, 133, 0, 0, 0.81%, 0, 0, 11, 34.51, 1843523, 72, 0, 0
35298, 38, 13, 133, 0, 0, 0.81%, 0, 0, 11, 25.88, 1843753, 72, 0, 0
35303, 38, 13, 133, 0, 0, 0.81%, 0, 0, 11, 26.46, 1843890, 72, 0, 0
35308, 38, 52, 133, 0, 0, 0.81%, 0, 0, 11, 26.24, 1844027, 72, 0, 0
35313, 38, 52, 133, 0, 0, 0.81%, 0, 0, 11, 25.19, 1844215, 72, 0, 0
35318, 38, 52, 133, 0, 0, 0.81%, 0, 0, 11, 25.85, 1844349, 72, 0, 0
35324, 38, 52, 133, 0, 0, 0.81%, 0, 0, 11, 26.22, 1844545, 72, 0, 0
35329, 38, 77, 133, 0, 0, 0.81%, 0, 0, 11, 26.63, 1844687, 72, 0, 0
35334, 38, 77, 133, 0, 0, 0.81%, 0, 0, 11, 25.75, 1844818, 72, 0, 0
35339, 38, 77, 133, 0, 0, 0.81%, 0, 0, 11, 26.22, 1844950, 72, 0, 0
35344, 38, 77, 133, 0, 0, 0.81%, 0, 0, 11, 25.92, 1845082, 72, 0, 0
35349, 38, 9, 133, 0, 0, 0.81%, 0, 0, 11, 25.50, 1845214, 72, 0, 0
35354, 38, 9, 133, 0, 0, 0.81%, 0, 0, 11, 26.33, 1845351, 72, 0, 0
35360, 38, 68, 133, 0, 0, 0.81%, 0, 0, 11, 25.54, 1845482, 72, 0, 0
35365, 38, 68, 133, 0, 0, 0.81%, 0, 0, 11, 26.68, 1845618, 72, 0, 0
35370, 38, 26, 133, 0, 0, 0.81%, 0, 0, 11, 26.92, 1845757, 72, 0, 0
35375, 38, 30, 133, 0, 0, 0.81%, 0, 0, 11, 25.16, 1846015, 72, 0, 0
35380, 38, 30, 133, 0, 0, 0.81%, 0, 0, 11, 26.86, 1846149, 72, 0, 0
35385, 38, 30, 133, 0, 0, 0.81%, 0, 0, 11, 26.50, 1846283, 72, 0, 0
35390, 38, 45, 133, 0, 0, 0.81%, 0, 0, 11, 25.93, 1846413, 72, 0, 0
35395, 38, 45, 133, 0, 0, 0.81%, 0, 0, 11, 23.96, 1846593, 72, 0, 0
35400, 38, 45, 133, 0, 0, 0.81%, 0, 0, 11, 31.63, 1846758, 72, 0, 0
35406, 38, 99, 133, 0, 0, 0.81%, 0, 0, 11, 31.51, 1846938, 72, 0, 0
35411, 38, 99, 133, 0, 0, 0.81%, 0, 0, 11, 27.02, 1847070, 72, 0, 0
35416, 38, 99, 133, 0, 0, 0.81%, 0, 0, 11, 27.59, 1847379, 72, 0, 0
35421, 38, 100, 133, 0, 0, 0.81%, 0, 0, 11, 28.24, 1847523, 72, 0, 0
35426, 38, 100, 133, 0, 0, 0.81%, 0, 0, 11, 24.80, 1847786, 72, 0, 0
35431, 38, 100, 133, 0, 0, 0.81%, 0, 0, 11, 25.70, 1847919, 72, 0, 0
35436, 38, 100, 133, 0, 0, 0.81%, 0, 0, 11, 26.91, 1848059, 72, 0, 0
35442, 38, 26, 133, 0, 0, 0.81%, 0, 0, 11, 26.66, 1848195, 72, 0, 0
35447, 38, 26, 133, 0, 0, 0.81%, 0, 0, 11, 31.06, 1848357, 72, 0, 0
35452, 38, 51, 133, 0, 0, 0.81%, 0, 0, 11, 27.89, 1848494, 72, 0, 0
35457, 38, 51, 133, 0, 0, 0.81%, 0, 0, 11, 26.04, 1848625, 72, 0, 0
35462, 38, 111, 133, 0, 0, 0.81%, 0, 0, 11, 26.20, 1848757, 72, 0, 0
35467, 38, 111, 133, 0, 0, 0.81%, 0, 0, 11, 25.74, 1848885, 72, 0, 0
35472, 38, 111, 133, 0, 0, 0.81%, 0, 0, 11, 27.03, 1849023, 72, 0, 0
35477, 38, 111, 133, 0, 0, 0.81%, 0, 0, 11, 27.46, 1849158, 72, 0, 0
35483, 38, 111, 133, 0, 0, 0.81%, 0, 0, 11, 26.19, 1849294, 72, 0, 0
35488, 38, 111, 133, 0, 0, 0.81%, 0, 0, 11, 27.61, 1849462, 72, 0, 0
35493, 38, 111, 133, 0, 0, 0.81%, 0, 0, 11, 28.10, 1849644, 72, 0, 0
35498, 38, 111, 133, 0, 0, 0.81%, 0, 0, 11, 27.69, 1849785, 72, 0, 0
35503, 38, 111, 133, 0, 0, 0.81%, 0, 0, 11, 27.92, 1849925, 72, 0, 0
35508, 38, 111, 133, 0, 0, 0.81%, 0, 0, 11, 26.17, 1850057, 72, 0, 0
35513, 38, 2, 133, 0, 0, 0.81%, 0, 0, 11, 25.39, 1850217, 72, 0, 0
35519, 38, 2, 133, 0, 0, 0.81%, 0, 0, 11, 25.22, 1850346, 72, 0, 0
35524, 38, 16, 133, 0, 0, 0.81%, 0, 0, 11, 25.50, 1850477, 72, 0, 0
35529, 38, 16, 133, 0, 0, 0.81%, 0, 0, 11, 25.65, 1850608, 72, 0, 0
35534, 38, 11, 133, 0, 0, 0.81%, 0, 0, 11, 25.52, 1850743, 72, 0, 0
35539, 38, 112, 133, 0, 0, 0.81%, 0, 0, 11, 26.31, 1850875, 72, 0, 0
35544, 38, 112, 133, 0, 0, 0.81%, 0, 0, 11, 26.58, 1851014, 72, 0, 0
35549, 38, 112, 133, 0, 0, 0.81%, 0, 0, 11, 25.92, 1851148, 72, 0, 0
35554, 38, 112, 133, 0, 0, 0.81%, 0, 0, 11, 26.42, 1851333, 72, 0, 0
35560, 38, 112, 133, 0, 0, 0.81%, 0, 0, 11, 26.65, 1851467, 72, 0, 0
35565, 38, 112, 133, 0, 0, 0.81%, 0, 0, 11, 27.16, 1851602, 72, 0, 0
35570, 38, 9, 133, 0, 0, 0.81%, 0, 0, 11, 25.19, 1851725, 72, 0, 0
35575, 38, 9, 133, 0, 0, 0.81%, 0, 0, 11, 25.97, 1851858, 72, 0, 0
35580, 38, 98, 133, 0, 0, 0.81%, 0, 0, 11, 25.55, 1851987, 72, 0, 0
35585, 38, 34, 133, 0, 0, 0.81%, 0, 0, 11, 26.46, 1852167, 72, 0, 0
35590, 38, 14, 133, 0, 0, 0.81%, 0, 0, 11, 32.88, 1852421, 72, 0, 0
35595, 38, 14, 133, 0, 0, 0.81%, 0, 0, 11, 30.57, 1852571, 72, 0, 0
35600, 38, 100, 133, 0, 0, 0.81%, 0, 0, 11, 27.83, 1852715, 72, 0, 0
35605, 38, 100, 133, 0, 0, 0.81%, 0, 0, 11, 26.71, 1852853, 72, 0, 0
35611, 38, 100, 133, 0, 0, 0.81%, 0, 0, 11, 24.13, 1853083, 72, 0, 0
35616, 38, 100, 133, 0, 0, 0.81%, 0, 0, 11, 27.05, 1853223, 72, 0, 0
35621, 38, 18, 133, 0, 0, 0.81%, 0, 0, 11, 28.23, 1853383, 72, 0, 0
35626, 38, 18, 133, 0, 0, 0.81%, 0, 0, 11, 25.37, 1853503, 72, 0, 0
35631, 38, 61, 133, 0, 0, 0.81%, 0, 0, 11, 30.12, 1853658, 72, 0, 0
35636, 38, 61, 133, 0, 0, 0.81%, 0, 0, 11, 26.62, 1853790, 72, 0, 0
35641, 38, 61, 133, 0, 0, 0.81%, 0, 0, 11, 26.45, 1853924, 72, 0, 0
35646, 38, 61, 133, 0, 0, 0.81%, 0, 0, 11, 24.99, 1854052, 72, 0, 0
35651, 38, 61, 133, 0, 0, 0.81%, 0, 0, 11, 25.33, 1854179, 72, 0, 0
35657, 38, 51, 133, 0, 0, 0.81%, 0, 0, 11, 28.34, 1854363, 72, 0, 0
35662, 38, 51, 133, 0, 0, 0.81%, 0, 0, 11, 28.00, 1854503, 72, 0, 0
35667, 38, 19, 133, 0, 0, 0.81%, 0, 0, 11, 28.71, 1854656, 72, 0, 0
35672, 38, 19, 133, 0, 0, 0.81%, 0, 0, 11, 27.20, 1854793, 72, 0, 0
35677, 38, 10, 133, 0, 0, 0.81%, 0, 0, 11, 25.85, 1854922, 72, 0, 0
35682, 38, 10, 133, 0, 0, 0.81%, 0, 0, 11, 26.83, 1855060, 72, 0, 0
35687, 38, 52, 133, 0, 0, 0.81%, 0, 0, 11, 31.06, 1855214, 72, 0, 0
35692, 38, 52, 133, 0, 0, 0.81%, 0, 0, 11, 27.34, 1855346, 72, 0, 0
35697, 38, 16, 133, 0, 0, 0.81%, 0, 0, 11, 29.18, 1855506, 72, 0, 0
35702, 38, 16, 133, 0, 0, 0.81%, 0, 0, 11, 27.27, 1855643, 72, 0, 0
35708, 38, 45, 133, 0, 0, 0.81%, 0, 0, 11, 26.48, 1855781, 72, 0, 0
35713, 38, 45, 133, 0, 0, 0.81%, 0, 0, 11, 25.96, 1855912, 72, 0, 0
35718, 38, 45, 133, 0, 0, 0.81%, 0, 0, 11, 28.60, 1856071, 72, 0, 0
35723, 38, 45, 133, 0, 0, 0.81%, 0, 0, 11, 25.97, 1856203, 72, 0, 0
35728, 38, 98, 133, 0, 0, 0.81%, 0, 0, 11, 28.44, 1856379, 72, 0, 0
35734, 38, 10, 133, 0, 0, 0.81%, 0, 0, 11, 26.93, 1856518, 72, 0, 0
35739, 38, 10, 133, 0, 0, 0.81%, 0, 0, 11, 26.56, 1856653, 72, 0, 0
35744, 38, 58, 133, 0, 0, 0.81%, 0, 0, 11, 27.52, 1856794, 72, 0, 0
35749, 38, 58, 133, 0, 0, 0.81%, 0, 0, 11, 28.06, 1856935, 72, 0, 0
35754, 38, 58, 133, 0, 0, 0.81%, 0, 0, 11, 26.63, 1857070, 72, 0, 0
35759, 38, 58, 133, 0, 0, 0.81%, 0, 0, 11, 27.42, 1857206, 72, 0, 0
35764, 38, 58, 133, 0, 0, 0.81%, 0, 0, 11, 26.81, 1857341, 72, 0, 0
35769, 38, 18, 133, 0, 0, 0.81%, 0, 0, 11, 29.12, 1857489, 72, 0, 0
35774, 38, 18, 133, 0, 0, 0.81%, 0, 0, 11, 28.02, 1857631, 72, 0, 0
35780, 38, 100, 133, 0, 0, 0.81%, 0, 0, 11, 27.24, 1857772, 72, 0, 0
35785, 38, 100, 133, 0, 0, 0.81%, 0, 0, 11, 25.87, 1857900, 72, 0, 0
35790, 38, 100, 133, 0, 0, 0.81%, 0, 0, 11, 26.09, 1858031, 72, 0, 0
35795, 38, 100, 133, 0, 0, 0.81%, 0, 0, 11, 29.43, 1858176, 72, 0, 0
35800, 38, 74, 133, 0, 0, 0.81%, 0, 0, 11, 27.51, 1858394, 72, 0, 0
35805, 38, 74, 133, 0, 0, 0.81%, 0, 0, 11, 26.47, 1858530, 72, 0, 0
35810, 38, 74, 133, 0, 0, 0.81%, 0, 0, 11, 24.91, 1858654, 72, 0, 0
35815, 38, 36, 133, 0, 0, 0.81%, 0, 0, 11, 26.10, 1858792, 72, 0, 0
35820, 38, 36, 133, 0, 0, 0.81%, 0, 0, 11, 25.44, 1858923, 72, 0, 0
35826, 38, 9, 133, 0, 0, 0.81%, 0, 0, 11, 26.21, 1859058, 72, 0, 0
35831, 38, 9, 133, 0, 0, 0.81%, 0, 0, 11, 29.18, 1859213, 72, 0, 0
35836, 38, 9, 133, 0, 0, 0.81%, 0, 0, 11, 27.30, 1859350, 72, 0, 0
35841, 38, 55, 133, 0, 0, 0.81%, 0, 0, 11, 27.70, 1859495, 72, 0, 0
35846, 38, 17, 133, 0, 0, 0.81%, 0, 0, 11, 26.57, 1859627, 72, 0, 0
35851, 38, 17, 133, 0, 0, 0.81%, 0, 0, 11, 28.58, 1859770, 72, 0, 0
35856, 38, 35, 133, 0, 0, 0.81%, 0, 0, 11, 25.89, 1859960, 72, 0, 0
35861, 38, 35, 133, 0, 0, 0.81%, 0, 0, 11, 25.45, 1860087, 72, 0, 0
35866, 38, 52, 133, 0, 0, 0.81%, 0, 0, 11, 25.32, 1860256, 72, 0, 0
35872, 38, 52, 133, 0, 0, 0.81%, 0, 0, 11, 28.23, 1860404, 72, 0, 0
35877, 38, 31, 133, 0, 0, 0.81%, 0, 0, 11, 30.39, 1860562, 72, 0, 0
35882, 38, 31, 133, 0, 0, 0.81%, 0, 0, 11, 25.29, 1860745, 72, 0, 0
35887, 38, 7, 133, 0, 0, 0.81%, 0, 0, 11, 25.54, 1860876, 72, 0, 0
35892, 38, 7, 133, 0, 0, 0.81%, 0, 0, 11, 26.69, 1861014, 72, 0, 0
35897, 38, 20, 133, 0, 0, 0.81%, 0, 0, 11, 24.44, 1861188, 72, 0, 0
35902, 38, 14, 133, 0, 0, 0.81%, 0, 0, 11, 25.29, 1861321, 72, 0, 0
35908, 38, 14, 133, 0, 0, 0.81%, 0, 0, 11, 26.03, 1861455, 72, 0, 0
35913, 38, 82, 133, 0, 0, 0.81%, 0, 0, 11, 26.94, 1861591, 72, 0, 0
35918, 38, 82, 133, 0, 0, 0.81%, 0, 0, 11, 25.88, 1861721, 72, 0, 0
35923, 38, 94, 133, 0, 0, 0.81%, 0, 0, 11, 27.59, 1861865, 72, 0, 0
35928, 38, 94, 133, 0, 0, 0.81%, 0, 0, 11, 25.88, 1861994, 72, 0, 0
35933, 38, 94, 133, 0, 0, 0.81%, 0, 0, 11, 25.35, 1862120, 72, 0, 0
35938, 38, 94, 133, 0, 0, 0.81%, 0, 0, 11, 26.38, 1862317, 72, 0, 0
35943, 38, 94, 133, 0, 0, 0.81%, 0, 0, 11, 23.41, 1862603, 72, 0, 0
35948, 38, 94, 133, 0, 0, 0.81%, 0, 0, 11, 24.98, 1862732, 72, 0, 0
35954, 38, 18, 133, 0, 0, 0.81%, 0, 0, 11, 26.93, 1862947, 72, 0, 0
35959, 38, 14, 133, 0, 0, 0.81%, 0, 0, 11, 26.35, 1863079, 72, 0, 0
35964, 38, 14, 133, 0, 0, 0.81%, 0, 0, 11, 25.88, 1863211, 72, 0, 0
35969, 39, 98, 133, 0, 0, 0.81%, 0, 0, 11, 26.48, 1863463, 72, 0, 0
35974, 39, 79, 133, 0, 0, 0.81%, 0, 0, 11, 31.65, 1863657, 72, 0, 0
35979, 39, 79, 133, 0, 0, 0.81%, 0, 0, 11, 24.68, 1863942, 72, 0, 0
35984, 39, 34, 133, 0, 0, 0.81%, 0, 0, 11, 28.22, 1864179, 72, 0, 0
35990, 39, 34, 133, 0, 0, 0.81%, 0, 0, 11, 26.48, 1864316, 72, 0, 0
35995, 39, 21, 133, 0, 0, 0.81%, 0, 0, 11, 26.83, 1864456, 72, 0, 0
36000, 39, 21, 133, 0, 0, 0.81%, 0, 0, 11, 29.55, 1864645, 72, 0, 0
36005, 39, 47, 133, 0, 0, 0.81%, 0, 0, 11, 27.64, 1864780, 72, 0, 0
36010, 39, 47, 133, 0, 0, 0.81%, 0, 0, 11, 24.93, 1864969, 72, 0, 0
36015, 39, 47, 133, 0, 0, 0.81%, 0, 0, 11, 25.44, 1865097, 72, 0, 0
36020, 39, 47, 133, 0, 0, 0.81%, 0, 0, 11, 25.09, 1865226, 72, 0, 0
36026, 39, 30, 133, 0, 0, 0.81%, 0, 0, 11, 26.06, 1865359, 72, 0, 0
36031, 39, 30, 133, 0, 0, 0.81%, 0, 0, 11, 26.88, 1865499, 72, 0, 0
36036, 39, 21, 133, 0, 0, 0.81%, 0, 0, 11, 26.89, 1865638, 72, 0, 0
36041, 39, 21, 133, 0, 0, 0.81%, 0, 0, 11, 26.72, 1865773, 72, 0, 0
36046, 39, 111, 133, 0, 0, 0.81%, 0, 0, 11, 25.99, 1865905, 72, 0, 0
36051, 39, 111, 133, 0, 0, 0.81%, 0, 0, 11, 27.50, 1866045, 72, 0, 0
36056, 39, 111, 133, 0, 0, 0.81%, 0, 0, 11, 27.03, 1866217, 72, 0, 0
36061, 39, 111, 133, 0, 0, 0.81%, 0, 0, 11, 26.84, 1866353, 72, 0, 0
36066, 39, 111, 133, 0, 0, 0.81%, 0, 0, 11, 25.87, 1866482, 72, 0, 0
36071, 39, 111, 133, 0, 0, 0.81%, 0, 0, 11, 26.78, 1866618, 72, 0, 0
36076, 39, 111, 133, 0, 0, 0.81%, 0, 0, 11, 26.70, 1866753, 72, 0, 0
36081, 39, 111, 133, 0, 0, 0.81%, 0, 0, 11, 26.25, 1866888, 72, 0, 0
36087, 39, 111, 133, 0, 0, 0.81%, 0, 0, 11, 25.85, 1867021, 72, 0, 0
36092, 39, 111, 133, 0, 0, 0.81%, 0, 0, 11, 24.50, 1867142, 72, 0, 0
36097, 39, 21, 133, 0, 0, 0.81%, 0, 0, 11, 25.80, 1867273, 72, 0, 0
36102, 39, 21, 133, 0, 0, 0.81%, 0, 0, 11, 25.37, 1867405, 72, 0, 0
36107, 39, 21, 133, 0, 0, 0.81%, 0, 0, 11, 26.30, 1867543, 72, 0, 0
36112, 39, 54, 133, 0, 0, 0.81%, 0, 0, 11, 25.22, 1867670, 72, 0, 0
36117, 39, 34, 133, 0, 0, 0.81%, 0, 0, 11, 25.85, 1867800, 72, 0, 0
36122, 39, 34, 133, 0, 0, 0.81%, 0, 0, 11, 25.44, 1867928, 72, 0, 0
36128, 39, 14, 133, 0, 0, 0.81%, 0, 0, 11, 25.90, 1868063, 72, 0, 0
36133, 39, 14, 133, 0, 0, 0.81%, 0, 0, 11, 27.40, 1868201, 72, 0, 0
36138, 39, 14, 133, 0, 0, 0.81%, 0, 0, 11, 27.43, 1868342, 72, 0, 0
36143, 39, 14, 133, 0, 0, 0.81%, 0, 0, 11, 25.91, 1868471, 72, 0, 0
36148, 39, 14, 133, 0, 0, 0.81%, 0, 0, 11, 26.03, 1868601, 72, 0, 0
36153, 39, 16, 133, 0, 0, 0.81%, 0, 0, 11, 26.10, 1868731, 72, 0, 0
36158, 39, 16, 133, 0, 0, 0.81%, 0, 0, 11, 25.72, 1868866, 72, 0, 0
36163, 39, 2, 133, 0, 0, 0.81%, 0, 0, 11, 25.52, 1868995, 72, 0, 0
36168, 39, 2, 133, 0, 0, 0.81%, 0, 0, 11, 25.60, 1869123, 72, 0, 0
36173, 39, 21, 133, 0, 0, 0.81%, 0, 0, 11, 25.94, 1869256, 72, 0, 0
36178, 39, 21, 133, 0, 0, 0.81%, 0, 0, 11, 25.35, 1869387, 72, 0, 0
36184, 39, 32, 133, 0, 0, 0.81%, 0, 0, 11, 24.91, 1869512, 72, 0, 0
36189, 39, 32, 133, 0, 0, 0.81%, 0, 0, 11, 26.12, 1869648, 72, 0, 0
36194, 39, 32, 133, 0, 0, 0.81%, 0, 0, 11, 26.66, 1869787, 72, 0, 0
36199, 39, 123, 133, 0, 0, 0.81%, 0, 0, 11, 26.59, 1869926, 72, 0, 0
36204, 39, 123, 133, 0, 0, 0.81%, 0, 0, 11, 26.38, 1870061, 72, 0, 0
36209, 39, 123, 133, 0, 0, 0.81%, 0, 0, 11, 26.59, 1870194, 72, 0, 0
36214, 39, 99, 133, 0, 0, 0.81%, 0, 0, 11, 25.37, 1870321, 72, 0, 0
36220, 39, 99, 133, 0, 0, 0.81%, 0, 0, 11, 25.24, 1870451, 72, 0, 0
36225, 39, 99, 133, 0, 0, 0.81%, 0, 0, 11, 25.73, 1870583, 72, 0, 0
36230, 39, 99, 133, 0, 0, 0.81%, 0, 0, 11, 25.70, 1870715, 72, 0, 0
36235, 39, 99, 133, 0, 0, 0.81%, 0, 0, 11, 25.55, 1870845, 72, 0, 0
36240, 39, 21, 133, 0, 0, 0.81%, 0, 0, 11, 25.99, 1870980, 72, 0, 0
36245, 39, 21, 133, 0, 0, 0.81%, 0, 0, 11, 26.33, 1871116, 72, 0, 0
36250, 39, 21, 133, 0, 0, 0.81%, 0, 0, 11, 25.44, 1871247, 72, 0, 0
36256, 39, 34, 133, 0, 0, 0.81%, 0, 0, 11, 25.51, 1871376, 72, 0, 0
36261, 39, 34, 133, 0, 0, 0.81%, 0, 0, 11, 26.32, 1871510, 72, 0, 0
36266, 39, 51, 133, 0, 0, 0.81%, 0, 0, 11, 26.73, 1871650, 72, 0, 0
36271, 39, 51, 133, 0, 0, 0.81%, 0, 0, 11, 26.78, 1871790, 72, 0, 0
36276, 39, 58, 133, 0, 0, 0.81%, 0, 0, 11, 25.70, 1871918, 72, 0, 0
36281, 39, 58, 133, 0, 0, 0.81%, 0, 0, 11, 26.02, 1872053, 72, 0, 0
36286, 39, 58, 133, 0, 0, 0.81%, 0, 0, 11, 25.47, 1872185, 72, 0, 0
36291, 39, 58, 133, 0, 0, 0.81%, 0, 0, 11, 26.16, 1872316, 72, 0, 0
36297, 39, 58, 133, 0, 0, 0.81%, 0, 0, 11, 26.16, 1872449, 72, 0, 0
36302, 39, 111, 133, 0, 0, 0.81%, 0, 0, 11, 25.68, 1872579, 72, 0, 0
36307, 39, 111, 133, 0, 0, 0.81%, 0, 0, 11, 25.87, 1872761, 72, 0, 0
36312, 39, 111, 133, 0, 0, 0.81%, 0, 0, 11, 25.33, 1872887, 72, 0, 0
36317, 39, 111, 133, 0, 0, 0.81%, 0, 0, 11, 26.11, 1873064, 72, 0, 0
36322, 39, 111, 133, 0, 0, 0.81%, 0, 0, 11, 25.63, 1873194, 72, 0, 0
36327, 39, 111, 133, 0, 0, 0.81%, 0, 0, 11, 26.34, 1873330, 72, 0, 0
36332, 39, 111, 133, 0, 0, 0.81%, 0, 0, 11, 26.22, 1873543, 72, 0, 0
36337, 39, 111, 133, 0, 0, 0.81%, 0, 0, 11, 173.73, 1873755, 72, 0, 0
36342, 39, 9, 133, 0, 0, 0.81%, 0, 0, 11, 27.22, 1874062, 72, 0, 0
36347, 39, 21, 133, 0, 0, 0.81%, 0, 0, 11, 26.48, 1874196, 72, 0, 0
36353, 39, 21, 133, 0, 0, 0.81%, 0, 0, 11, 28.93, 1874345, 72, 0, 0
36358, 39, 96, 133, 0, 0, 0.81%, 0, 0, 11, 28.58, 1874493, 72, 0, 0
36363, 39, 96, 133, 0, 0, 0.81%, 0, 0, 11, 28.16, 1874668, 72, 0, 0
36368, 39, 96, 133, 0, 0, 0.81%, 0, 0, 11, 26.52, 1874801, 72, 0, 0
36373, 39, 96, 133, 0, 0, 0.81%, 0, 0, 11, 27.79, 1874942, 72, 0, 0
36378, 39, 76, 133, 0, 0, 0.81%, 0, 0, 11, 26.18, 1875075, 72, 0, 0
36384, 39, 76, 133, 0, 0, 0.81%, 0, 0, 11, 26.32, 1875211, 72, 0, 0
36389, 39, 76, 133, 0, 0, 0.81%, 0, 0, 11, 25.01, 1875339, 72, 0, 0
36394, 39, 76, 133, 0, 0, 0.81%, 0, 0, 11, 25.07, 1875467, 72, 0, 0
36399, 39, 76, 133, 0, 0, 0.81%, 0, 0, 11, 25.66, 1875598, 72, 0, 0
36404, 39, 99, 133, 0, 0, 0.81%, 0, 0, 11, 24.35, 1875771, 72, 0, 0
36409, 39, 99, 133, 0, 0, 0.81%, 0, 0, 11, 25.51, 1875904, 72, 0, 0
36414, 39, 99, 133, 0, 0, 0.81%, 0, 0, 11, 25.26, 1876058, 72, 0, 0
36419, 39, 99, 133, 0, 0, 0.81%, 0, 0, 11, 26.01, 1876194, 72, 0, 0
36425, 39, 16, 133, 0, 0, 0.81%, 0, 0, 11, 25.70, 1876380, 72, 0, 0
36430, 39, 44, 133, 0, 0, 0.81%, 0, 0, 11, 24.86, 1876575, 72, 0, 0
36435, 39, 35, 133, 0, 0, 0.81%, 0, 0, 11, 25.95, 1876708, 72, 0, 0
36440, 39, 35, 133, 0, 0, 0.81%, 0, 0, 11, 26.02, 1876839, 72, 0, 0
36445, 39, 13, 133, 0, 0, 0.81%, 0, 0, 11, 25.61, 1876972, 72, 0, 0
36451, 39, 13, 133, 0, 0, 0.81%, 0, 0, 11, 27.20, 1877113, 72, 0, 0
36456, 39, 100, 133, 0, 0, 0.81%, 0, 0, 11, 34.38, 1877362, 72, 0, 0
36461, 39, 100, 133, 0, 0, 0.81%, 0, 0, 11, 27.83, 1877496, 72, 0, 0
36466, 39, 100, 133, 0, 0, 0.81%, 0, 0, 11, 26.14, 1877718, 72, 0, 0
36471, 39, 11, 133, 0, 0, 0.81%, 0, 0, 11, 25.54, 1877847, 72, 0, 0
36476, 39, 49, 133, 0, 0, 0.81%, 0, 0, 11, 25.97, 1877981, 72, 0, 0
36481, 39, 94, 133, 0, 0, 0.81%, 0, 0, 11, 25.64, 1878114, 72, 0, 0
36486, 39, 94, 133, 0, 0, 0.81%, 0, 0, 11, 25.75, 1878246, 72, 0, 0
36492, 39, 94, 133, 0, 0, 0.81%, 0, 0, 11, 25.45, 1878440, 72, 0, 0
36497, 39, 94, 133, 0, 0, 0.81%, 0, 0, 11, 26.29, 1878573, 72, 0, 0
36502, 39, 94, 133, 0, 0, 0.81%, 0, 0, 11, 275.86, 1878784, 72, 0, 0
36507, 39, 16, 133, 0, 0, 0.81%, 0, 0, 11, 30.09, 1879057, 72, 0, 0
36512, 39, 13, 133, 0, 0, 0.81%, 0, 0, 11, 20.74, 1879760, 72, 0, 0
36517, 39, 21, 133, 0, 0, 0.81%, 0, 0, 11, 24.54, 1879889, 72, 0, 0
36522, 39, 23, 133, 0, 0, 0.81%, 0, 0, 11, 19.05, 1880537, 72, 0, 0
36527, 39, 23, 133, 0, 0, 0.81%, 0, 0, 11, 19.35, 1880632, 72, 0, 0
36533, 39, 23, 133, 0, 0, 0.81%, 0, 0, 11, 41.84, 1880823, 72, 0, 0
36538, 39, 47, 133, 0, 0, 0.81%, 0, 0, 11, 109.61, 1881610, 72, 0, 0
36543, 39, 21, 133, 0, 0, 0.81%, 0, 0, 11, 14.74, 1882456, 72, 0, 0
36548, 39, 10, 133, 0, 0, 0.81%, 0, 0, 11, 15.12, 1882533, 72, 0, 0
36553, 39, 10, 133, 0, 0, 0.81%, 0, 0, 11, 15.93, 1882614, 72, 0, 0
36558, 39, 10, 133, 0, 0, 0.81%, 0, 0, 11, 17.54, 1882706, 72, 0, 0
36563, 39, 11, 133, 0, 0, 0.81%, 0, 0, 11, 21.59, 1882816, 72, 0, 0
36568, 39, 45, 133, 0, 0, 0.81%, 0, 0, 11, 24.34, 1882945, 72, 0, 0
36573, 39, 45, 133, 0, 0, 0.81%, 0, 0, 11, 25.16, 1883073, 72, 0, 0
36578, 39, 45, 133, 0, 0, 0.81%, 0, 0, 11, 25.29, 1883202, 72, 0, 0
36583, 39, 45, 133, 0, 0, 0.81%, 0, 0, 11, 25.44, 1883334, 72, 0, 0
36588, 39, 99, 133, 0, 0, 0.81%, 0, 0, 11, 26.59, 1883468, 72, 0, 0
36594, 39, 99, 133, 0, 0, 0.81%, 0, 0, 11, 25.53, 1883597, 72, 0, 0
36599, 39, 99, 133, 0, 0, 0.81%, 0, 0, 11, 37.59, 1883814, 72, 0, 0
36604, 39, 99, 133, 0, 0, 0.81%, 0, 0, 11, 29.88, 1883956, 72, 0, 0
36609, 39, 35, 133, 0, 0, 0.81%, 0, 0, 11, 272.73, 1884137, 72, 0, 0
36614, 39, 35, 133, 0, 0, 0.81%, 0, 0, 11, 26.35, 1884264, 72, 0, 0
36619, 39, 32, 133, 0, 0, 0.81%, 0, 0, 11, 25.46, 1884393, 72, 0, 0
36624, 39, 32, 133, 0, 0, 0.81%, 0, 0, 11, 25.94, 1884524, 72, 0, 0
36629, 39, 94, 133, 0, 0, 0.81%, 0, 0, 11, 106.17, 1884850, 72, 0, 0
36634, 39, 94, 133, 0, 0, 0.81%, 0, 0, 11, 329.63, 1885152, 72, 0, 0
36640, 39, 94, 133, 0, 0, 0.81%, 0, 0, 11, 21.03, 1885493, 72, 0, 0
36645, 39, 94, 133, 0, 0, 0.81%, 0, 0, 11, 25.93, 1885628, 72, 0, 0
36650, 39, 17, 133, 0, 0, 0.81%, 0, 0, 11, 25.94, 1885757, 72, 0, 0
36655, 39, 17, 133, 0, 0, 0.81%, 0, 0, 11, 26.36, 1885897, 72, 0, 0
36660, 39, 47, 133, 0, 0, 0.81%, 0, 0, 11, 26.26, 1886032, 72, 0, 0
36665, 39, 47, 133, 0, 0, 0.81%, 0, 0, 11, 26.22, 1886165, 72, 0, 0
36670, 39, 47, 133, 0, 0, 0.81%, 0, 0, 11, 26.29, 1886300, 72, 0, 0
36675, 39, 47, 133, 0, 0, 0.81%, 0, 0, 11, 26.91, 1886433, 72, 0, 0
36680, 39, 47, 133, 0, 0, 0.81%, 0, 0, 11, 26.21, 1886567, 72, 0, 0
36686, 39, 35, 133, 0, 0, 0.81%, 0, 0, 11, 25.84, 1886699, 72, 0, 0
36691, 39, 35, 133, 0, 0, 0.81%, 0, 0, 11, 25.70, 1886832, 72, 0, 0
36696, 39, 51, 133, 0, 0, 0.81%, 0, 0, 11, 25.33, 1886963, 72, 0, 0
36701, 39, 51, 133, 0, 0, 0.81%, 0, 0, 11, 26.14, 1887095, 72, 0, 0
36706, 39, 23, 133, 0, 0, 0.81%, 0, 0, 11, 26.62, 1887229, 72, 0, 0
36711, 39, 23, 133, 0, 0, 0.81%, 0, 0, 11, 26.06, 1887359, 72, 0, 0
36716, 39, 23, 133, 0, 0, 0.81%, 0, 0, 11, 25.54, 1887492, 72, 0, 0
36721, 39, 23, 133, 0, 0, 0.81%, 0, 0, 11, 25.53, 1887622, 72, 0, 0
36726, 39, 23, 133, 0, 0, 0.81%, 0, 0, 11, 25.77, 1887751, 72, 0, 0
36731, 39, 37, 133, 0, 0, 0.81%, 0, 0, 11, 25.54, 1887880, 72, 0, 0
36737, 39, 37, 133, 0, 0, 0.81%, 0, 0, 11, 25.56, 1888014, 72, 0, 0
36742, 39, 7, 133, 0, 0, 0.81%, 0, 0, 11, 25.89, 1888148, 72, 0, 0
36747, 39, 7, 133, 0, 0, 0.81%, 0, 0, 11, 25.44, 1888280, 72, 0, 0
36752, 39, 16, 133, 0, 0, 0.81%, 0, 0, 11, 25.06, 1888409, 72, 0, 0
36757, 39, 16, 133, 0, 0, 0.81%, 0, 0, 11, 25.54, 1888539, 72, 0, 0
36762, 39, 16, 133, 0, 0, 0.81%, 0, 0, 11, 25.57, 1888671, 72, 0, 0
36767, 39, 34, 133, 0, 0, 0.81%, 0, 0, 11, 26.00, 1888802, 72, 0, 0
36773, 39, 34, 133, 0, 0, 0.81%, 0, 0, 11, 25.77, 1888936, 72, 0, 0
36778, 39, 21, 133, 0, 0, 0.81%, 0, 0, 11, 25.53, 1889063, 72, 0, 0
36783, 39, 21, 133, 0, 0, 0.81%, 0, 0, 11, 25.73, 1889193, 72, 0, 0
36788, 39, 35, 133, 0, 0, 0.81%, 0, 0, 11, 26.24, 1889328, 72, 0, 0
36793, 39, 35, 133, 0, 0, 0.81%, 0, 0, 11, 25.93, 1889457, 72, 0, 0
36798, 39, 10, 133, 0, 0, 0.81%, 0, 0, 11, 25.02, 1889584, 72, 0, 0
36803, 39, 10, 133, 0, 0, 0.81%, 0, 0, 11, 29.90, 1889762, 72, 0, 0
36808, 39, 34, 133, 0, 0, 0.81%, 0, 0, 11, 27.20, 1889905, 72, 0, 0
36814, 39, 34, 133, 0, 0, 0.81%, 0, 0, 11, 26.15, 1890039, 72, 0, 0
36819, 39, 20, 133, 0, 0, 0.81%, 0, 0, 11, 26.98, 1890180, 72, 0, 0
36824, 39, 2, 133, 0, 0, 0.81%, 0, 0, 11, 26.68, 1890317, 72, 0, 0
36829, 39, 2, 133, 0, 0, 0.81%, 0, 0, 11, 25.37, 1890449, 72, 0, 0
36834, 39, 100, 133, 0, 0, 0.81%, 0, 0, 11, 26.14, 1890673, 72, 0, 0
36839, 39, 100, 133, 0, 0, 0.81%, 0, 0, 11, 25.81, 1890852, 72, 0, 0
36844, 39, 37, 133, 0, 0, 0.81%, 0, 0, 11, 32.84, 1891218, 72, 0, 0
36849, 39, 37, 133, 0, 0, 0.81%, 0, 0, 11, 27.97, 1891350, 72, 0, 0
36855, 39, 55, 133, 0, 0, 0.81%, 0, 0, 11, 27.46, 1891487, 72, 0, 0
36860, 39, 94, 133, 0, 0, 0.81%, 0, 0, 11, 28.37, 1891639, 72, 0, 0
36865, 39, 94, 133, 0, 0, 0.81%, 0, 0, 11, 27.45, 1891779, 72, 0, 0
36870, 39, 94, 133, 0, 0, 0.81%, 0, 0, 11, 25.97, 1891910, 72, 0, 0
36875, 39, 94, 133, 0, 0, 0.81%, 0, 0, 11, 24.70, 1892034, 72, 0, 0
36880, 39, 94, 133, 0, 0, 0.81%, 0, 0, 11, 292.68, 1892216, 72, 0, 0
36886, 39, 94, 133, 0, 0, 0.81%, 0, 0, 11, 26.96, 1892360, 72, 0, 0
36891, 39, 94, 133, 0, 0, 0.81%, 0, 0, 11, 26.81, 1892499, 72, 0, 0
36896, 39, 14, 133, 0, 0, 0.81%, 0, 0, 11, 25.71, 1892633, 72, 0, 0
36901, 39, 14, 133, 0, 0, 0.81%, 0, 0, 11, 26.40, 1892768, 72, 0, 0
36906, 39, 112, 133, 0, 0, 0.81%, 0, 0, 11, 26.63, 1892906, 72, 0, 0
36911, 39, 112, 133, 0, 0, 0.81%, 0, 0, 11, 29.68, 1893149, 72, 0, 0
36916, 39, 112, 133, 0, 0, 0.81%, 0, 0, 11, 27.00, 1893279, 72, 0, 0
36922, 39, 112, 133, 0, 0, 0.81%, 0, 0, 11, 27.71, 1893417, 72, 0, 0
36927, 39, 112, 133, 0, 0, 0.81%, 0, 0, 11, 27.32, 1893554, 72, 0, 0
36932, 39, 112, 133, 0, 0, 0.81%, 0, 0, 11, 26.15, 1893687, 72, 0, 0
36937, 39, 98, 133, 0, 0, 0.81%, 0, 0, 11, 26.84, 1893818, 72, 0, 0
36942, 39, 9, 133, 0, 0, 0.81%, 0, 0, 11, 27.01, 1893957, 72, 0, 0
36947, 39, 9, 133, 0, 0, 0.81%, 0, 0, 11, 26.54, 1894092, 72, 0, 0
36952, 39, 23, 133, 0, 0, 0.81%, 0, 0, 11, 35.97, 1894309, 72, 0, 0
36957, 39, 111, 133, 0, 0, 0.81%, 0, 0, 11, 39.60, 1894556, 72, 0, 0
36962, 39, 111, 133, 0, 0, 0.81%, 0, 0, 11, 31.01, 1894708, 72, 0, 0
36967, 39, 111, 133, 0, 0, 0.81%, 0, 0, 11, 27.85, 1894845, 72, 0, 0
36973, 39, 111, 133, 0, 0, 0.81%, 0, 0, 11, 26.25, 1894979, 72, 0, 0
36978, 39, 111, 133, 0, 0, 0.81%, 0, 0, 11, 25.29, 1895104, 72, 0, 0
36983, 39, 111, 133, 0, 0, 0.81%, 0, 0, 11, 25.76, 1895235, 72, 0, 0
36988, 39, 111, 133, 0, 0, 0.81%, 0, 0, 11, 25.09, 1895366, 72, 0, 0
36993, 39, 111, 133, 0, 0, 0.81%, 0, 0, 11, 25.42, 1895529, 72, 0, 0
36998, 39, 111, 133, 0, 0, 0.81%, 0, 0, 11, 24.93, 1895653, 72, 0, 0
37003, 39, 132, 133, 0, 0, 0.81%, 0, 0, 11, 25.58, 1895782, 72, 0, 0
37008, 39, 7, 133, 0, 0, 0.81%, 0, 0, 11, 26.49, 1895921, 72, 0, 0
37014, 39, 7, 133, 0, 0, 0.81%, 0, 0, 11, 26.35, 1896059, 72, 0, 0
37019, 39, 43, 133, 0, 0, 0.81%, 0, 0, 11, 27.14, 1896204, 72, 0, 0
37024, 39, 100, 133, 0, 0, 0.81%, 0, 0, 11, 26.55, 1896340, 72, 0, 0
37029, 39, 100, 133, 0, 0, 0.81%, 0, 0, 11, 27.98, 1896484, 72, 0, 0
37034, 39, 100, 133, 0, 0, 0.81%, 0, 0, 11, 26.80, 1896621, 72, 0, 0
37039, 39, 100, 133, 0, 0, 0.81%, 0, 0, 11, 27.76, 1896762, 72, 0, 0
37044, 39, 35, 133, 0, 0, 0.81%, 0, 0, 11, 25.45, 1896889, 72, 0, 0
37050, 39, 35, 133, 0, 0, 0.81%, 0, 0, 11, 25.58, 1897071, 72, 0, 0
37055, 39, 111, 133, 0, 0, 0.81%, 0, 0, 11, 25.60, 1897206, 72, 0, 0
37060, 39, 111, 133, 0, 0, 0.81%, 0, 0, 11, 25.32, 1897372, 72, 0, 0
37065, 39, 111, 133, 0, 0, 0.81%, 0, 0, 11, 25.93, 1897507, 72, 0, 0
37070, 39, 111, 133, 0, 0, 0.81%, 0, 0, 11, 26.39, 1897638, 72, 0, 0
37075, 39, 111, 133, 0, 0, 0.81%, 0, 0, 11, 26.53, 1897775, 72, 0, 0
37081, 39, 111, 133, 0, 0, 0.81%, 0, 0, 11, 26.37, 1897910, 72, 0, 0
37086, 39, 111, 133, 0, 0, 0.81%, 0, 0, 11, 24.38, 1898036, 72, 0, 0
37091, 39, 111, 133, 0, 0, 0.81%, 0, 0, 11, 26.29, 1898174, 72, 0, 0
37096, 39, 111, 133, 0, 0, 0.81%, 0, 0, 11, 27.13, 1898317, 72, 0, 0
37101, 39, 111, 133, 0, 0, 0.81%, 0, 0, 11, 28.12, 1898458, 72, 0, 0
37106, 39, 32, 133, 0, 0, 0.81%, 0, 0, 11, 26.18, 1898588, 72, 0, 0
37111, 39, 32, 133, 0, 0, 0.81%, 0, 0, 11, 25.57, 1898720, 72, 0, 0
37117, 39, 71, 133, 0, 0, 0.81%, 0, 0, 11, 26.74, 1898857, 72, 0, 0
37122, 39, 71, 133, 0, 0, 0.81%, 0, 0, 11, 26.68, 1898995, 72, 0, 0
37127, 39, 71, 133, 0, 0, 0.81%, 0, 0, 11, 25.30, 1899123, 72, 0, 0
37132, 39, 71, 133, 0, 0, 0.81%, 0, 0, 11, 25.33, 1899249, 72, 0, 0
37137, 39, 72, 133, 0, 0, 0.81%, 0, 0, 11, 219.18, 1899600, 72, 0, 0
37142, 39, 14, 133, 0, 0, 0.81%, 0, 0, 11, 27.38, 1899836, 72, 0, 0
37147, 39, 14, 133, 0, 0, 0.81%, 0, 0, 11, 27.19, 1899975, 72, 0, 0
37152, 39, 82, 133, 0, 0, 0.81%, 0, 0, 11, 26.93, 1900110, 72, 0, 0
37158, 39, 94, 133, 0, 0, 0.81%, 0, 0, 11, 28.03, 1900285, 72, 0, 0
37163, 39, 94, 133, 0, 0, 0.81%, 0, 0, 11, 27.14, 1900427, 72, 0, 0
37168, 39, 94, 133, 0, 0, 0.81%, 0, 0, 11, 28.62, 1900570, 72, 0, 0
37173, 39, 94, 133, 0, 0, 0.81%, 0, 0, 11, 26.78, 1900705, 72, 0, 0
37178, 39, 94, 133, 0, 0, 0.81%, 0, 0, 11, 26.57, 1900840, 72, 0, 0
37183, 39, 94, 133, 0, 0, 0.81%, 0, 0, 11, 25.80, 1900968, 72, 0, 0
37188, 39, 94, 133, 0, 0, 0.81%, 0, 0, 11, 25.64, 1901099, 72, 0, 0
37193, 39, 37, 133, 0, 0, 0.81%, 0, 0, 11, 25.25, 1901227, 72, 0, 0
37198, 39, 37, 133, 0, 0, 0.81%, 0, 0, 11, 27.89, 1901450, 72, 0, 0
37203, 39, 55, 133, 0, 0, 0.81%, 0, 0, 11, 25.14, 1901617, 72, 0, 0
37209, 39, 61, 133, 0, 0, 0.81%, 0, 0, 11, 26.13, 1901756, 72, 0, 0
37214, 39, 61, 133, 0, 0, 0.81%, 0, 0, 11, 26.79, 1901895, 72, 0, 0
37219, 39, 61, 133, 0, 0, 0.81%, 0, 0, 11, 26.00, 1902076, 72, 0, 0
37224, 39, 61, 133, 0, 0, 0.81%, 0, 0, 11, 26.32, 1902208, 72, 0, 0
37229, 39, 34, 133, 0, 0, 0.81%, 0, 0, 11, 22.82, 1902530, 72, 0, 0
37234, 39, 13, 133, 0, 0, 0.81%, 0, 0, 11, 25.01, 1902659, 72, 0, 0
37239, 39, 13, 133, 0, 0, 0.81%, 0, 0, 11, 24.73, 1902784, 72, 0, 0
37244, 39, 111, 133, 0, 0, 0.81%, 0, 0, 11, 25.73, 1902913, 72, 0, 0
37249, 39, 111, 133, 0, 0, 0.81%, 0, 0, 11, 24.86, 1903041, 72, 0, 0
37254, 39, 111, 133, 0, 0, 0.81%, 0, 0, 11, 25.87, 1903176, 72, 0, 0
37260, 39, 111, 133, 0, 0, 0.81%, 0, 0, 11, 29.09, 1903361, 72, 0, 0
37265, 39, 111, 133, 0, 0, 0.81%, 0, 0, 11, 26.96, 1903494, 72, 0, 0
37270, 39, 111, 133, 0, 0, 0.81%, 0, 0, 11, 26.48, 1903630, 72, 0, 0
37275, 39, 111, 133, 0, 0, 0.81%, 0, 0, 11, 25.29, 1903758, 72, 0, 0
37280, 39, 111, 133, 0, 0, 0.81%, 0, 0, 11, 27.31, 1903945, 72, 0, 0
37285, 39, 111, 133, 0, 0, 0.81%, 0, 0, 11, 24.74, 1904132, 72, 0, 0
37290, 39, 2, 133, 0, 0, 0.81%, 0, 0, 11, 25.35, 1904265, 72, 0, 0
37296, 39, 2, 133, 0, 0, 0.81%, 0, 0, 11, 26.08, 1904440, 72, 0, 0
37301, 39, 100, 133, 0, 0, 0.81%, 0, 0, 11, 31.72, 1904600, 72, 0, 0
37306, 39, 100, 133, 0, 0, 0.81%, 0, 0, 11, 27.01, 1904906, 72, 0, 0
37311, 39, 100, 133, 0, 0, 0.81%, 0, 0, 11, 28.22, 1905049, 72, 0, 0
37316, 39, 7, 133, 0, 0, 0.81%, 0, 0, 11, 27.86, 1905197, 72, 0, 0
37321, 39, 7, 133, 0, 0, 0.81%, 0, 0, 11, 21.46, 1905396, 72, 0, 0
37327, 39, 118, 133, 0, 0, 0.81%, 0, 0, 11, 24.50, 1905526, 72, 0, 0
37332, 39, 118, 133, 0, 0, 0.81%, 0, 0, 11, 25.21, 1905656, 72, 0, 0
37337, 39, 118, 133, 0, 0, 0.81%, 0, 0, 11, 25.91, 1905792, 72, 0, 0
37342, 39, 118, 133, 0, 0, 0.81%, 0, 0, 11, 24.97, 1905919, 72, 0, 0
37347, 39, 98, 133, 0, 0, 0.81%, 0, 0, 11, 27.21, 1906059, 72, 0, 0
37352, 39, 36, 133, 0, 0, 0.81%, 0, 0, 11, 26.59, 1906195, 72, 0, 0
37357, 39, 36, 133, 0, 0, 0.81%, 0, 0, 11, 25.90, 1906328, 72, 0, 0
37362, 39, 36, 133, 0, 0, 0.81%, 0, 0, 11, 25.09, 1906504, 72, 0, 0
37368, 39, 36, 133, 0, 0, 0.81%, 0, 0, 11, 25.86, 1906640, 72, 0, 0
37373, 39, 57, 133, 0, 0, 0.81%, 0, 0, 11, 25.91, 1906771, 72, 0, 0
37378, 39, 57, 133, 0, 0, 0.81%, 0, 0, 11, 25.90, 1906904, 72, 0, 0
37383, 39, 57, 133, 0, 0, 0.81%, 0, 0, 11, 25.75, 1907032, 72, 0, 0
37388, 39, 57, 133, 0, 0, 0.81%, 0, 0, 11, 25.72, 1907167, 72, 0, 0
37393, 39, 32, 133, 0, 0, 0.81%, 0, 0, 11, 26.19, 1907506, 72, 0, 0
37398, 39, 16, 133, 0, 0, 0.81%, 0, 0, 11, 26.35, 1907644, 72, 0, 0
37404, 39, 16, 133, 0, 0, 0.81%, 0, 0, 11, 27.69, 1907787, 72, 0, 0
37409, 39, 16, 133, 0, 0, 0.81%, 0, 0, 11, 26.78, 1907922, 72, 0, 0
37414, 39, 100, 133, 0, 0, 0.81%, 0, 0, 11, 32.16, 1908250, 72, 0, 0
37419, 39, 100, 133, 0, 0, 0.81%, 0, 0, 11, 28.28, 1908392, 72, 0, 0
37424, 39, 100, 133, 0, 0, 0.81%, 0, 0, 11, 26.67, 1908528, 72, 0, 0
37429, 39, 34, 133, 0, 0, 0.81%, 0, 0, 11, 25.36, 1908653, 72, 0, 0
37434, 39, 34, 133, 0, 0, 0.81%, 0, 0, 11, 26.59, 1908792, 72, 0, 0
37439, 39, 34, 133, 0, 0, 0.81%, 0, 0, 11, 33.33, 1908980, 72, 0, 0
37445, 39, 35, 133, 0, 0, 0.81%, 0, 0, 11, 26.68, 1909346, 72, 0, 0
37450, 39, 35, 133, 0, 0, 0.81%, 0, 0, 11, 27.78, 1909491, 72, 0, 0
37455, 39, 52, 133, 0, 0, 0.81%, 0, 0, 11, 27.59, 1909627, 72, 0, 0
37460, 39, 52, 133, 0, 0, 0.81%, 0, 0, 11, 26.86, 1909762, 72, 0, 0
37465, 39, 47, 133, 0, 0, 0.81%, 0, 0, 11, 26.39, 1909896, 72, 0, 0
37470, 39, 47, 133, 0, 0, 0.81%, 0, 0, 11, 27.52, 1910037, 72, 0, 0
37475, 39, 47, 133, 0, 0, 0.81%, 0, 0, 11, 25.65, 1910168, 72, 0, 0
37480, 39, 47, 133, 0, 0, 0.81%, 0, 0, 11, 25.11, 1910294, 72, 0, 0
37485, 39, 32, 133, 0, 0, 0.81%, 0, 0, 11, 26.63, 1910463, 72, 0, 0
37490, 39, 32, 133, 0, 0, 0.81%, 0, 0, 11, 25.84, 1910593, 72, 0, 0
37496, 39, 32, 133, 0, 0, 0.81%, 0, 0, 11, 26.09, 1910726, 72, 0, 0
37501, 39, 99, 133, 0, 0, 0.81%, 0, 0, 11, 26.36, 1910863, 72, 0, 0
37506, 39, 99, 133, 0, 0, 0.81%, 0, 0, 11, 27.19, 1910999, 72, 0, 0
37511, 39, 99, 133, 0, 0, 0.81%, 0, 0, 11, 39.27, 1911191, 72, 0, 0
37516, 39, 94, 133, 0, 0, 0.81%, 0, 0, 11, 27.37, 1911388, 72, 0, 0
37521, 39, 94, 133, 0, 0, 0.81%, 0, 0, 11, 25.84, 1911519, 72, 0, 0
37526, 39, 94, 133, 0, 0, 0.81%, 0, 0, 11, 26.67, 1911658, 72, 0, 0
37532, 39, 94, 133, 0, 0, 0.81%, 0, 0, 11, 27.68, 1911802, 72, 0, 0
37537, 39, 94, 133, 0, 0, 0.81%, 0, 0, 11, 24.89, 1911984, 72, 0, 0
37542, 39, 94, 133, 0, 0, 0.81%, 0, 0, 11, 25.59, 1912115, 72, 0, 0
37547, 39, 99, 133, 0, 0, 0.81%, 0, 0, 11, 25.40, 1912279, 72, 0, 0
37552, 39, 99, 133, 0, 0, 0.81%, 0, 0, 11, 28.48, 1912466, 72, 0, 0
37557, 39, 99, 133, 0, 0, 0.81%, 0, 0, 11, 26.03, 1912592, 72, 0, 0
37562, 39, 99, 133, 0, 0, 0.81%, 0, 0, 11, 28.14, 1912808, 72, 0, 0
37567, 39, 131, 134, 1, 0, 0.81%, 0, 0, 11, 26.73, 1912944, 72, 0, 0
37572, 39, 100, 134, 1, 0, 0.81%, 0, 0, 11, 25.87, 1913072, 72, 0, 0
37578, 39, 100, 134, 1, 0, 0.81%, 0, 0, 11, 26.12, 1913206, 72, 0, 0
37583, 39, 100, 134, 1, 0, 0.81%, 0, 0, 11, 25.70, 1913337, 72, 0, 0
37588, 39, 100, 134, 1, 0, 0.81%, 0, 0, 11, 25.76, 1913472, 72, 0, 0
37593, 39, 100, 134, 1, 0, 0.81%, 0, 0, 11, 25.39, 1913602, 72, 0, 0
37598, 39, 109, 134, 1, 0, 0.81%, 0, 0, 11, 24.12, 1913722, 72, 0, 0
37603, 39, 98, 134, 1, 0, 0.81%, 0, 0, 11, 23.02, 1913839, 72, 0, 0
37608, 39, 98, 134, 1, 0, 0.81%, 0, 0, 11, 24.53, 1913967, 72, 0, 0
37613, 39, 18, 134, 1, 0, 0.81%, 0, 0, 11, 25.57, 1914101, 72, 0, 0
37618, 39, 18, 134, 1, 0, 0.81%, 0, 0, 11, 25.93, 1914233, 72, 0, 0
37624, 39, 52, 134, 1, 0, 0.81%, 0, 0, 11, 26.77, 1914373, 72, 0, 0
37629, 39, 52, 134, 1, 0, 0.81%, 0, 0, 11, 26.62, 1914508, 72, 0, 0
37634, 39, 2, 134, 1, 0, 0.81%, 0, 0, 11, 26.26, 1914644, 72, 0, 0
37639, 39, 2, 134, 1, 0, 0.81%, 0, 0, 11, 26.35, 1914782, 72, 0, 0
37644, 40, 19, 134, 1, 0, 0.81%, 0, 0, 11, 26.36, 1914921, 72, 0, 0
37649, 40, 19, 134, 1, 0, 0.81%, 0, 0, 11, 26.26, 1915054, 72, 0, 0
37654, 40, 13, 134, 1, 0, 0.81%, 0, 0, 11, 26.49, 1915188, 72, 0, 0
37660, 40, 13, 134, 1, 0, 0.81%, 0, 0, 11, 26.93, 1915326, 72, 0, 0
37665, 40, 13, 134, 1, 0, 0.81%, 0, 0, 11, 26.08, 1915463, 72, 0, 0
37670, 40, 65, 134, 1, 0, 0.81%, 0, 0, 11, 26.15, 1915598, 72, 0, 0
37675, 40, 65, 134, 1, 0, 0.81%, 0, 0, 11, 27.39, 1915736, 72, 0, 0
37680, 40, 65, 134, 1, 0, 0.81%, 0, 0, 11, 26.77, 1915871, 72, 0, 0
37685, 40, 65, 134, 1, 0, 0.81%, 0, 0, 11, 28.18, 1916013, 72, 0, 0
37690, 40, 27, 134, 1, 0, 0.81%, 0, 0, 11, 26.03, 1916141, 72, 0, 0
37695, 40, 27, 134, 1, 0, 0.81%, 0, 0, 11, 25.46, 1916274, 72, 0, 0
37701, 40, 58, 134, 1, 0, 0.81%, 0, 0, 11, 26.23, 1916413, 72, 0, 0
37706, 40, 58, 134, 1, 0, 0.81%, 0, 0, 11, 27.35, 1916615, 72, 0, 0
37711, 40, 58, 134, 1, 0, 0.81%, 0, 0, 11, 25.93, 1916746, 72, 0, 0
37716, 40, 58, 134, 1, 0, 0.81%, 0, 0, 11, 26.85, 1916934, 72, 0, 0
37721, 40, 16, 134, 1, 0, 0.81%, 0, 0, 11, 27.78, 1917135, 72, 0, 0
37726, 40, 130, 134, 1, 0, 0.81%, 0, 0, 11, 24.01, 1917334, 72, 0, 0
37731, 40, 130, 134, 1, 0, 0.81%, 0, 0, 11, 23.88, 1917455, 72, 0, 0
37736, 40, 125, 134, 1, 0, 0.81%, 0, 0, 11, 26.45, 1917596, 72, 0, 0
37742, 40, 32, 134, 1, 0, 0.81%, 0, 0, 11, 23.52, 1917852, 72, 0, 0
37747, 40, 111, 134, 1, 0, 0.81%, 0, 0, 11, 26.49, 1917989, 72, 0, 0
37752, 40, 111, 134, 1, 0, 0.81%, 0, 0, 11, 26.77, 1918128, 72, 0, 0
37757, 40, 111, 134, 1, 0, 0.81%, 0, 0, 11, 25.69, 1918260, 72, 0, 0
37762, 40, 111, 134, 1, 0, 0.81%, 0, 0, 11, 26.08, 1918390, 72, 0, 0
37767, 40, 111, 134, 1, 0, 0.81%, 0, 0, 11, 25.95, 1918523, 72, 0, 0
37772, 40, 111, 134, 1, 0, 0.81%, 0, 0, 11, 26.37, 1918658, 72, 0, 0
37777, 40, 111, 134, 1, 0, 0.81%, 0, 0, 11, 26.46, 1918795, 72, 0, 0
37782, 40, 111, 134, 1, 0, 0.81%, 0, 0, 11, 25.62, 1918923, 72, 0, 0
37788, 40, 111, 134, 1, 0, 0.81%, 0, 0, 11, 31.99, 1919145, 72, 0, 0
37793, 40, 11, 134, 1, 0, 0.81%, 0, 0, 11, 28.12, 1919283, 72, 0, 0
37798, 40, 47, 134, 1, 0, 0.81%, 0, 0, 11, 26.17, 1919414, 72, 0, 0
37803, 40, 47, 134, 1, 0, 0.81%, 0, 0, 11, 25.69, 1919545, 72, 0, 0
37808, 40, 47, 134, 1, 0, 0.81%, 0, 0, 11, 32.91, 1919750, 72, 0, 0
37813, 40, 47, 134, 1, 0, 0.81%, 0, 0, 11, 27.56, 1919880, 72, 0, 0
37819, 40, 61, 134, 1, 0, 0.81%, 0, 0, 11, 25.79, 1920065, 72, 0, 0
37824, 40, 61, 134, 1, 0, 0.81%, 0, 0, 11, 27.09, 1920239, 72, 0, 0
37829, 40, 61, 134, 1, 0, 0.81%, 0, 0, 11, 25.93, 1920370, 72, 0, 0
37834, 40, 61, 134, 1, 0, 0.81%, 0, 0, 11, 26.02, 1920505, 72, 0, 0
37839, 40, 94, 134, 1, 0, 0.81%, 0, 0, 11, 26.66, 1920644, 72, 0, 0
37844, 40, 94, 134, 1, 0, 0.81%, 0, 0, 11, 28.49, 1920854, 72, 0, 0
37849, 40, 94, 134, 1, 0, 0.81%, 0, 0, 11, 27.09, 1920986, 72, 0, 0
37855, 40, 94, 134, 1, 0, 0.81%, 0, 0, 11, 25.66, 1921118, 72, 0, 0
37860, 40, 94, 134, 1, 0, 0.81%, 0, 0, 11, 26.18, 1921253, 72, 0, 0
37865, 40, 94, 134, 1, 0, 0.81%, 0, 0, 11, 26.36, 1921387, 72, 0, 0
37870, 40, 26, 134, 1, 0, 0.81%, 0, 0, 11, 26.17, 1921521, 72, 0, 0
37875, 40, 26, 134, 1, 0, 0.81%, 0, 0, 11, 25.43, 1921649, 72, 0, 0
37880, 40, 9, 134, 1, 0, 0.81%, 0, 0, 11, 25.55, 1921776, 72, 0, 0
37885, 40, 9, 134, 1, 0, 0.81%, 0, 0, 11, 25.04, 1921905, 72, 0, 0
37890, 40, 9, 134, 1, 0, 0.81%, 0, 0, 11, 26.36, 1922067, 72, 0, 0
37895, 40, 52, 134, 1, 0, 0.81%, 0, 0, 11, 26.42, 1922205, 72, 0, 0
37901, 40, 52, 134, 1, 0, 0.81%, 0, 0, 11, 26.41, 1922342, 72, 0, 0
37906, 40, 46, 134, 1, 0, 0.81%, 0, 0, 11, 24.74, 1922510, 72, 0, 0
37911, 40, 46, 134, 1, 0, 0.81%, 0, 0, 11, 26.90, 1922689, 72, 0, 0
37916, 40, 46, 134, 1, 0, 0.81%, 0, 0, 11, 26.15, 1922821, 72, 0, 0
37921, 40, 46, 134, 1, 0, 0.81%, 0, 0, 11, 25.70, 1922952, 72, 0, 0
37926, 40, 35, 134, 1, 0, 0.81%, 0, 0, 11, 24.94, 1923134, 72, 0, 0
37931, 40, 97, 134, 1, 0, 0.81%, 0, 0, 11, 30.22, 1923282, 72, 0, 0
37937, 40, 97, 134, 1, 0, 0.81%, 0, 0, 11, 27.33, 1923481, 72, 0, 0
37942, 40, 97, 134, 1, 0, 0.81%, 0, 0, 11, 258.71, 1923703, 72, 0, 0
37947, 40, 97, 134, 1, 0, 0.81%, 0, 0, 11, 26.28, 1923836, 72, 0, 0
37952, 40, 18, 134, 1, 0, 0.81%, 0, 0, 11, 25.30, 1923965, 72, 0, 0
37957, 40, 18, 134, 1, 0, 0.81%, 0, 0, 11, 23.41, 1924146, 72, 0, 0
37962, 40, 35, 134, 1, 0, 0.81%, 0, 0, 11, 24.77, 1924273, 72, 0, 0
37967, 40, 35, 134, 1, 0, 0.81%, 0, 0, 11, 25.57, 1924407, 72, 0, 0
37972, 40, 32, 134, 1, 0, 0.81%, 0, 0, 11, 25.70, 1924536, 72, 0, 0
37977, 40, 32, 134, 1, 0, 0.81%, 0, 0, 11, 25.22, 1924663, 72, 0, 0
37982, 40, 32, 134, 1, 0, 0.81%, 0, 0, 11, 25.05, 1924791, 72, 0, 0
37988, 40, 61, 134, 1, 0, 0.81%, 0, 0, 11, 25.09, 1924921, 72, 0, 0
37993, 40, 61, 134, 1, 0, 0.81%, 0, 0, 11, 26.63, 1925055, 72, 0, 0
37998, 40, 61, 134, 1, 0, 0.81%, 0, 0, 11, 27.27, 1925244, 72, 0, 0
38003, 40, 61, 134, 1, 0, 0.81%, 0, 0, 11, 25.85, 1925374, 72, 0, 0
38008, 40, 17, 134, 1, 0, 0.81%, 0, 0, 11, 25.84, 1925504, 72, 0, 0
38013, 40, 17, 134, 1, 0, 0.81%, 0, 0, 11, 25.72, 1925637, 72, 0, 0
38018, 40, 47, 134, 1, 0, 0.81%, 0, 0, 11, 26.33, 1925974, 72, 0, 0
38023, 40, 47, 134, 1, 0, 0.81%, 0, 0, 11, 26.28, 1926207, 72, 0, 0
38028, 40, 47, 134, 1, 0, 0.81%, 0, 0, 11, 27.60, 1926429, 72, 0, 0
38033, 40, 61, 134, 1, 0, 0.81%, 0, 0, 11, 25.07, 1926640, 72, 0, 0
38039, 40, 61, 134, 1, 0, 0.81%, 0, 0, 11, 25.90, 1926772, 72, 0, 0
38044, 40, 61, 134, 1, 0, 0.81%, 0, 0, 11, 25.71, 1926909, 72, 0, 0
38049, 40, 61, 134, 1, 0, 0.81%, 0, 0, 11, 25.93, 1927039, 72, 0, 0
38054, 40, 55, 134, 1, 0, 0.81%, 0, 0, 11, 24.80, 1927198, 72, 0, 0
38059, 40, 69, 134, 1, 0, 0.81%, 0, 0, 11, 24.55, 1927321, 72, 0, 0
38064, 40, 94, 134, 1, 0, 0.81%, 0, 0, 11, 26.96, 1927459, 72, 0, 0
38069, 40, 94, 134, 1, 0, 0.81%, 0, 0, 11, 26.10, 1927592, 72, 0, 0
38074, 40, 94, 134, 1, 0, 0.81%, 0, 0, 11, 27.05, 1927727, 72, 0, 0
38079, 40, 94, 134, 1, 0, 0.81%, 0, 0, 11, 29.45, 1927891, 72, 0, 0
38084, 40, 94, 134, 1, 0, 0.81%, 0, 0, 11, 23.87, 1928059, 72, 0, 0
38089, 40, 94, 134, 1, 0, 0.81%, 0, 0, 11, 25.00, 1928192, 72, 0, 0
38095, 40, 18, 134, 1, 0, 0.81%, 0, 0, 11, 26.23, 1928330, 72, 0, 0
38100, 40, 18, 134, 1, 0, 0.81%, 0, 0, 11, 28.15, 1928485, 72, 0, 0
38105, 40, 14, 134, 1, 0, 0.81%, 0, 0, 11, 26.92, 1928623, 72, 0, 0
38110, 40, 14, 134, 1, 0, 0.81%, 0, 0, 11, 26.38, 1928756, 72, 0, 0
38115, 40, 115, 134, 1, 0, 0.81%, 0, 0, 11, 26.69, 1928894, 72, 0, 0
38120, 40, 115, 134, 1, 0, 0.81%, 0, 0, 11, 26.48, 1929031, 72, 0, 0
38125, 40, 115, 134, 1, 0, 0.81%, 0, 0, 11, 28.51, 1929171, 72, 0, 0
38130, 40, 115, 134, 1, 0, 0.81%, 0, 0, 11, 27.82, 1929312, 72, 0, 0
38135, 40, 115, 134, 1, 0, 0.81%, 0, 0, 11, 26.62, 1929444, 72, 0, 0
38141, 40, 115, 134, 1, 0, 0.81%, 0, 0, 11, 246.82, 1929724, 72, 0, 0
38146, 40, 47, 134, 1, 0, 0.81%, 0, 0, 11, 25.16, 1930019, 72, 0, 0
38151, 40, 47, 134, 1, 0, 0.81%, 0, 0, 11, 26.00, 1930154, 72, 0, 0
38156, 40, 47, 134, 1, 0, 0.81%, 0, 0, 11, 26.83, 1930292, 72, 0, 0
38161, 40, 19, 134, 1, 0, 0.81%, 0, 0, 11, 30.56, 1930441, 72, 0, 0
38166, 40, 19, 134, 1, 0, 0.81%, 0, 0, 11, 27.90, 1930625, 72, 0, 0
38171, 40, 94, 134, 1, 0, 0.81%, 0, 0, 11, 26.14, 1930755, 72, 0, 0
38176, 40, 94, 134, 1, 0, 0.81%, 0, 0, 11, 30.80, 1930910, 72, 0, 0
38182, 40, 94, 134, 1, 0, 0.81%, 0, 0, 11, 29.05, 1931139, 72, 0, 0
38187, 40, 94, 134, 1, 0, 0.81%, 0, 0, 11, 26.73, 1931274, 72, 0, 0
38192, 40, 94, 134, 1, 0, 0.81%, 0, 0, 11, 26.56, 1931411, 72, 0, 0
38197, 40, 14, 134, 1, 0, 0.81%, 0, 0, 11, 1065.00, 1931782, 72, 0, 0
38202, 40, 103, 134, 1, 0, 0.81%, 0, 0, 11, 27.24, 1932171, 72, 0, 0
38207, 40, 103, 134, 1, 0, 0.81%, 0, 0, 11, 292.08, 1932412, 72, 0, 0
38212, 40, 45, 134, 1, 0, 0.81%, 0, 0, 11, 26.70, 1932543, 72, 0, 0
38218, 40, 45, 134, 1, 0, 0.81%, 0, 0, 11, 29.08, 1932685, 72, 0, 0
38223, 40, 45, 134, 1, 0, 0.81%, 0, 0, 11, 33.15, 1932976, 72, 0, 0
38228, 40, 47, 134, 1, 0, 0.81%, 0, 0, 11, 27.45, 1933106, 72, 0, 0
38233, 40, 47, 134, 1, 0, 0.81%, 0, 0, 11, 27.46, 1933239, 72, 0, 0
38238, 40, 47, 134, 1, 0, 0.81%, 0, 0, 11, 28.69, 1933393, 72, 0, 0
38243, 40, 47, 134, 1, 0, 0.81%, 0, 0, 11, 26.37, 1933526, 72, 0, 0
38248, 40, 10, 134, 1, 0, 0.81%, 0, 0, 11, 225.23, 1933816, 72, 0, 0
38253, 40, 100, 134, 1, 0, 0.81%, 0, 0, 11, 26.75, 1933951, 72, 0, 0
38258, 40, 100, 134, 1, 0, 0.81%, 0, 0, 11, 26.87, 1934086, 72, 0, 0
38263, 40, 100, 134, 1, 0, 0.81%, 0, 0, 11, 26.64, 1934219, 72, 0, 0
38269, 40, 100, 134, 1, 0, 0.81%, 0, 0, 11, 26.36, 1934353, 72, 0, 0
38274, 40, 100, 134, 1, 0, 0.81%, 0, 0, 11, 28.55, 1934509, 72, 0, 0
38279, 40, 22, 134, 1, 0, 0.81%, 0, 0, 11, 27.13, 1934698, 72, 0, 0
38284, 40, 13, 134, 1, 0, 0.81%, 0, 0, 11, 25.89, 1934883, 72, 0, 0
38289, 40, 13, 134, 1, 0, 0.81%, 0, 0, 11, 26.72, 1935113, 72, 0, 0
38294, 40, 45, 134, 1, 0, 0.81%, 0, 0, 11, 26.48, 1935244, 72, 0, 0
38299, 40, 45, 134, 1, 0, 0.81%, 0, 0, 11, 25.24, 1935368, 72, 0, 0
38304, 40, 45, 134, 1, 0, 0.81%, 0, 0, 11, 25.86, 1935498, 72, 0, 0
38309, 40, 45, 134, 1, 0, 0.81%, 0, 0, 11, 25.86, 1935630, 72, 0, 0
38314, 40, 133, 134, 1, 0, 0.81%, 0, 0, 11, 27.44, 1935777, 72, 0, 0
38320, 40, 133, 134, 1, 0, 0.81%, 0, 0, 11, 25.93, 1935907, 72, 0, 0
38325, 40, 133, 134, 1, 0, 0.81%, 0, 0, 11, 25.96, 1936082, 72, 0, 0
38330, 40, 99, 134, 0, 0, 0.81%, 0, 0, 11, 26.35, 1936217, 72, 0, 0
38335, 40, 99, 134, 0, 0, 0.81%, 0, 0, 11, 26.52, 1936355, 72, 0, 0
38340, 40, 99, 134, 0, 0, 0.81%, 0, 0, 11, 26.04, 1936487, 72, 0, 0
38345, 40, 99, 134, 0, 0, 0.81%, 0, 0, 11, 25.62, 1936616, 72, 0, 0
38350, 40, 34, 134, 0, 0, 0.81%, 0, 0, 11, 28.32, 1936762, 72, 0, 0
38355, 40, 34, 134, 0, 0, 0.81%, 0, 0, 11, 26.00, 1936893, 72, 0, 0
38361, 40, 19, 134, 0, 0, 0.81%, 0, 0, 11, 24.75, 1937016, 72, 0, 0
38366, 40, 20, 134, 0, 0, 0.81%, 0, 0, 11, 337.66, 1937310, 72, 0, 0
38371, 40, 116, 134, 0, 0, 0.81%, 0, 0, 11, 25.64, 1937438, 72, 0, 0
38376, 40, 116, 134, 0, 0, 0.81%, 0, 0, 11, 25.88, 1937572, 72, 0, 0
38381, 40, 100, 134, 0, 0, 0.81%, 0, 0, 11, 25.58, 1937704, 72, 0, 0
38386, 40, 100, 134, 0, 0, 0.81%, 0, 0, 11, 26.40, 1937839, 72, 0, 0
38391, 40, 100, 134, 0, 0, 0.81%, 0, 0, 11, 26.97, 1937981, 72, 0, 0
38397, 40, 100, 134, 0, 0, 0.81%, 0, 0, 11, 25.89, 1938114, 72, 0, 0
38402, 40, 100, 134, 0, 0, 0.81%, 0, 0, 11, 26.69, 1938251, 72, 0, 0
38407, 40, 66, 134, 0, 0, 0.81%, 0, 0, 11, 25.98, 1938386, 72, 0, 0
38412, 40, 66, 134, 0, 0, 0.81%, 0, 0, 11, 25.52, 1938512, 72, 0, 0
38417, 40, 66, 134, 0, 0, 0.81%, 0, 0, 11, 26.39, 1938647, 72, 0, 0
38422, 40, 66, 134, 0, 0, 0.81%, 0, 0, 11, 133.05, 1938809, 72, 0, 0
38427, 40, 97, 134, 0, 0, 0.81%, 0, 0, 11, 24.54, 1938940, 72, 0, 0
38432, 40, 97, 134, 0, 0, 0.81%, 0, 0, 11, 25.12, 1939071, 72, 0, 0
38437, 40, 97, 134, 0, 0, 0.81%, 0, 0, 11, 26.27, 1939204, 72, 0, 0
38443, 40, 97, 134, 0, 0, 0.81%, 0, 0, 11, 26.51, 1939341, 72, 0, 0
38448, 40, 30, 134, 0, 0, 0.81%, 0, 0, 11, 25.00, 1939527, 72, 0, 0
38453, 40, 30, 134, 0, 0, 0.81%, 0, 0, 11, 26.12, 1939663, 72, 0, 0
38458, 40, 48, 134, 0, 0, 0.81%, 0, 0, 11, 264.57, 1939854, 72, 0, 0
38463, 40, 32, 134, 0, 0, 0.81%, 0, 0, 11, 26.72, 1939987, 72, 0, 0
38468, 40, 57, 134, 0, 0, 0.81%, 0, 0, 11, 30.38, 1940233, 72, 0, 0
38473, 40, 57, 134, 0, 0, 0.81%, 0, 0, 11, 26.57, 1940367, 72, 0, 0
38478, 40, 57, 134, 0, 0, 0.81%, 0, 0, 11, 27.82, 1940506, 72, 0, 0
38483, 40, 57, 134, 0, 0, 0.81%, 0, 0, 11, 26.53, 1940638, 72, 0, 0
38489, 40, 57, 134, 0, 0, 0.81%, 0, 0, 11, 26.52, 1940774, 72, 0, 0
38494, 40, 18, 134, 0, 0, 0.81%, 0, 0, 11, 22.89, 1940960, 72, 0, 0
38499, 40, 57, 134, 0, 0, 0.81%, 0, 0, 11, 26.30, 1941094, 72, 0, 0
38504, 40, 57, 134, 0, 0, 0.81%, 0, 0, 11, 26.08, 1941224, 72, 0, 0
38509, 40, 57, 134, 0, 0, 0.81%, 0, 0, 11, 23.94, 1941400, 72, 0, 0
38514, 40, 57, 134, 0, 0, 0.81%, 0, 0, 11, 25.02, 1941530, 72, 0, 0
38519, 40, 57, 134, 0, 0, 0.81%, 0, 0, 11, 29.05, 1941676, 72, 0, 0
38524, 40, 19, 134, 0, 0, 0.81%, 0, 0, 11, 25.50, 1942002, 72, 0, 0
38529, 40, 55, 134, 0, 0, 0.81%, 0, 0, 11, 26.82, 1942136, 72, 0, 0
38535, 40, 45, 134, 0, 0, 0.81%, 0, 0, 11, 27.16, 1942282, 72, 0, 0
38540, 40, 45, 134, 0, 0, 0.81%, 0, 0, 11, 26.70, 1942416, 72, 0, 0
38545, 40, 45, 134, 0, 0, 0.81%, 0, 0, 11, 26.73, 1942556, 72, 0, 0
38550, 40, 45, 134, 0, 0, 0.81%, 0, 0, 11, 28.91, 1942703, 72, 0, 0
38555, 40, 100, 134, 0, 0, 0.81%, 0, 0, 11, 27.13, 1942837, 72, 0, 0
38560, 40, 100, 134, 0, 0, 0.81%, 0, 0, 11, 39.12, 1943325, 72, 0, 0
38565, 40, 40, 134, 0, 0, 0.81%, 0, 0, 11, 34.48, 1943498, 72, 0, 0
38570, 40, 40, 134, 0, 0, 0.81%, 0, 0, 11, 25.96, 1943673, 72, 0, 0
38576, 40, 40, 134, 0, 0, 0.81%, 0, 0, 11, 27.66, 1943814, 72, 0, 0
38581, 40, 40, 134, 0, 0, 0.81%, 0, 0, 11, 25.98, 1943941, 72, 0, 0
38586, 40, 34, 134, 0, 0, 0.81%, 0, 0, 11, 26.58, 1944082, 72, 0, 0
38591, 40, 34, 134, 0, 0, 0.81%, 0, 0, 11, 25.71, 1944214, 72, 0, 0
38596, 40, 75, 134, 0, 0, 0.81%, 0, 0, 11, 24.87, 1944341, 72, 0, 0
38601, 40, 75, 134, 0, 0, 0.81%, 0, 0, 11, 24.81, 1944466, 72, 0, 0
38606, 40, 19, 134, 0, 0, 0.81%, 0, 0, 11, 25.93, 1944596, 72, 0, 0
38611, 40, 19, 134, 0, 0, 0.81%, 0, 0, 11, 26.60, 1944730, 72, 0, 0
38616, 40, 122, 134, 0, 0, 0.81%, 0, 0, 11, 25.68, 1944860, 72, 0, 0
38621, 40, 122, 134, 0, 0, 0.81%, 0, 0, 11, 25.87, 1944991, 72, 0, 0
38626, 40, 122, 134, 0, 0, 0.81%, 0, 0, 11, 26.10, 1945128, 72, 0, 0
38632, 40, 122, 134, 0, 0, 0.81%, 0, 0, 11, 26.96, 1945263, 72, 0, 0
38637, 40, 122, 134, 0, 0, 0.81%, 0, 0, 11, 25.37, 1945392, 72, 0, 0
38642, 40, 122, 134, 0, 0, 0.81%, 0, 0, 11, 25.92, 1945525, 72, 0, 0
38647, 40, 122, 134, 0, 0, 0.81%, 0, 0, 11, 25.53, 1945657, 72, 0, 0
38652, 40, 122, 134, 0, 0, 0.81%, 0, 0, 11, 25.95, 1945789, 72, 0, 0
38657, 40, 122, 134, 0, 0, 0.81%, 0, 0, 11, 26.06, 1945922, 72, 0, 0
38662, 40, 122, 134, 0, 0, 0.81%, 0, 0, 11, 25.70, 1946055, 72, 0, 0
38667, 40, 23, 134, 0, 0, 0.81%, 0, 0, 11, 26.03, 1946189, 72, 0, 0
38673, 40, 23, 134, 0, 0, 0.81%, 0, 0, 11, 25.63, 1946321, 72, 0, 0
38678, 40, 32, 134, 0, 0, 0.81%, 0, 0, 11, 26.25, 1946453, 72, 0, 0
38683, 40, 32, 134, 0, 0, 0.81%, 0, 0, 11, 26.36, 1946588, 72, 0, 0
38688, 40, 32, 134, 0, 0, 0.81%, 0, 0, 11, 25.01, 1946716, 72, 0, 0
38693, 40, 30, 134, 0, 0, 0.81%, 0, 0, 11, 25.15, 1946844, 72, 0, 0
38698, 40, 30, 134, 0, 0, 0.81%, 0, 0, 11, 24.84, 1946973, 72, 0, 0
38703, 40, 30, 134, 0, 0, 0.81%, 0, 0, 11, 27.19, 1947109, 72, 0, 0
38709, 40, 30, 134, 0, 0, 0.81%, 0, 0, 11, 27.98, 1947248, 72, 0, 0
38714, 40, 98, 134, 0, 0, 0.81%, 0, 0, 11, 26.60, 1947380, 72, 0, 0
38719, 40, 52, 134, 0, 0, 0.81%, 0, 0, 11, 25.17, 1947507, 72, 0, 0
38724, 40, 52, 134, 0, 0, 0.81%, 0, 0, 11, 25.84, 1947643, 72, 0, 0
38729, 40, 52, 134, 0, 0, 0.81%, 0, 0, 11, 26.23, 1947778, 72, 0, 0
38734, 40, 16, 134, 0, 0, 0.81%, 0, 0, 11, 28.82, 1947923, 72, 0, 0
38739, 40, 16, 134, 0, 0, 0.81%, 0, 0, 11, 27.42, 1948060, 72, 0, 0
38744, 40, 16, 134, 0, 0, 0.81%, 0, 0, 11, 26.41, 1948190, 72, 0, 0
38749, 40, 100, 134, 0, 0, 0.81%, 0, 0, 11, 26.01, 1948323, 72, 0, 0
38754, 40, 100, 134, 0, 0, 0.81%, 0, 0, 11, 25.14, 1948492, 72, 0, 0
38760, 40, 100, 134, 0, 0, 0.81%, 0, 0, 11, 28.94, 1948639, 72, 0, 0
38765, 40, 61, 134, 0, 0, 0.81%, 0, 0, 11, 27.25, 1948814, 72, 0, 0
38770, 40, 61, 134, 0, 0, 0.81%, 0, 0, 11, 26.00, 1948947, 72, 0, 0
38775, 40, 61, 134, 0, 0, 0.81%, 0, 0, 11, 27.23, 1949091, 72, 0, 0
38780, 40, 61, 134, 0, 0, 0.81%, 0, 0, 11, 27.85, 1949237, 72, 0, 0
38785, 40, 61, 134, 0, 0, 0.81%, 0, 0, 11, 26.70, 1949369, 72, 0, 0
38790, 40, 16, 134, 0, 0, 0.81%, 0, 0, 11, 26.50, 1949503, 72, 0, 0
38795, 40, 16, 134, 0, 0, 0.81%, 0, 0, 11, 26.16, 1949633, 72, 0, 0
38801, 40, 23, 134, 0, 0, 0.81%, 0, 0, 11, 25.23, 1949759, 72, 0, 0
38806, 40, 23, 134, 0, 0, 0.81%, 0, 0, 11, 25.59, 1949891, 72, 0, 0
38811, 40, 100, 134, 0, 0, 0.81%, 0, 0, 11, 25.46, 1950021, 72, 0, 0
38816, 40, 100, 134, 0, 0, 0.81%, 0, 0, 11, 26.03, 1950151, 72, 0, 0
38821, 40, 100, 134, 0, 0, 0.81%, 0, 0, 11, 26.47, 1950290, 72, 0, 0
38826, 40, 100, 134, 0, 0, 0.81%, 0, 0, 11, 490.57, 1950548, 72, 0, 0
38831, 40, 99, 134, 0, 0, 0.81%, 0, 0, 11, 24.81, 1950676, 72, 0, 0
38837, 40, 99, 134, 0, 0, 0.81%, 0, 0, 11, 25.02, 1950803, 72, 0, 0
38842, 40, 99, 134, 0, 0, 0.81%, 0, 0, 11, 26.20, 1950940, 72, 0, 0
38847, 40, 99, 134, 0, 0, 0.81%, 0, 0, 11, 26.34, 1951076, 72, 0, 0
38852, 40, 10, 134, 0, 0, 0.81%, 0, 0, 11, 26.73, 1951212, 72, 0, 0
38857, 40, 10, 134, 0, 0, 0.81%, 0, 0, 11, 27.20, 1951357, 72, 0, 0
38862, 40, 10, 134, 0, 0, 0.81%, 0, 0, 11, 24.99, 1951476, 72, 0, 0
38867, 40, 98, 134, 0, 0, 0.81%, 0, 0, 11, 25.20, 1951605, 72, 0, 0
38872, 40, 13, 134, 0, 0, 0.81%, 0, 0, 11, 25.43, 1951731, 72, 0, 0
38877, 40, 13, 134, 0, 0, 0.81%, 0, 0, 11, 27.42, 1951872, 72, 0, 0
38882, 40, 57, 134, 0, 0, 0.81%, 0, 0, 11, 26.92, 1952004, 72, 0, 0
38887, 40, 57, 134, 0, 0, 0.81%, 0, 0, 11, 25.11, 1952163, 72, 0, 0
38893, 40, 57, 134, 0, 0, 0.81%, 0, 0, 11, 25.90, 1952298, 72, 0, 0
38898, 40, 57, 134, 0, 0, 0.81%, 0, 0, 11, 25.81, 1952430, 72, 0, 0
38903, 40, 16, 134, 0, 0, 0.81%, 0, 0, 11, 25.67, 1952559, 72, 0, 0
38908, 40, 16, 134, 0, 0, 0.81%, 0, 0, 11, 25.81, 1952687, 72, 0, 0
38913, 40, 32, 134, 0, 0, 0.81%, 0, 0, 11, 25.63, 1952923, 72, 0, 0
38918, 40, 32, 134, 0, 0, 0.81%, 0, 0, 11, 25.76, 1953053, 72, 0, 0
38923, 40, 14, 134, 0, 0, 0.81%, 0, 0, 11, 28.43, 1953303, 72, 0, 0
38928, 40, 14, 134, 0, 0, 0.81%, 0, 0, 11, 28.29, 1953445, 72, 0, 0
38934, 40, 47, 134, 0, 0, 0.81%, 0, 0, 11, 26.40, 1953576, 72, 0, 0
38939, 40, 47, 134, 0, 0, 0.81%, 0, 0, 11, 25.43, 1953748, 72, 0, 0
38944, 40, 47, 134, 0, 0, 0.81%, 0, 0, 11, 26.96, 1953978, 72, 0, 0
38949, 40, 100, 134, 0, 0, 0.81%, 0, 0, 11, 26.86, 1954173, 72, 0, 0
38954, 40, 100, 134, 0, 0, 0.81%, 0, 0, 11, 26.56, 1954306, 72, 0, 0
38959, 40, 100, 134, 0, 0, 0.81%, 0, 0, 11, 27.21, 1954492, 72, 0, 0
38964, 40, 100, 134, 0, 0, 0.81%, 0, 0, 11, 25.15, 1954616, 72, 0, 0
38969, 40, 94, 134, 0, 0, 0.81%, 0, 0, 11, 25.89, 1954748, 72, 0, 0
38975, 40, 94, 134, 0, 0, 0.81%, 0, 0, 11, 26.34, 1954884, 72, 0, 0
38980, 40, 94, 134, 0, 0, 0.81%, 0, 0, 11, 25.53, 1955015, 72, 0, 0
38985, 40, 94, 134, 0, 0, 0.81%, 0, 0, 11, 24.98, 1955139, 72, 0, 0
38990, 40, 94, 134, 0, 0, 0.81%, 0, 0, 11, 25.65, 1955270, 72, 0, 0
38995, 40, 94, 134, 0, 0, 0.81%, 0, 0, 11, 25.41, 1955402, 72, 0, 0
39000, 40, 94, 134, 0, 0, 0.81%, 0, 0, 11, 25.14, 1955534, 72, 0, 0
39005, 40, 45, 134, 0, 0, 0.81%, 0, 0, 11, 25.03, 1955666, 72, 0, 0
39011, 40, 45, 134, 0, 0, 0.81%, 0, 0, 11, 29.97, 1955816, 72, 0, 0
39016, 40, 45, 134, 0, 0, 0.81%, 0, 0, 11, 25.96, 1955942, 72, 0, 0
39021, 40, 45, 134, 0, 0, 0.81%, 0, 0, 11, 27.62, 1956145, 72, 0, 0
39026, 40, 57, 134, 0, 0, 0.81%, 0, 0, 11, 119.27, 1956304, 72, 0, 0
39031, 40, 57, 134, 0, 0, 0.81%, 0, 0, 11, 48.51, 1956439, 72, 0, 0
39036, 40, 57, 134, 0, 0, 0.81%, 0, 0, 11, 31.63, 1956572, 72, 0, 0
39041, 40, 57, 134, 0, 0, 0.81%, 0, 0, 11, 28.60, 1956718, 72, 0, 0
39046, 40, 19, 134, 0, 0, 0.81%, 0, 0, 11, 27.63, 1956855, 72, 0, 0
39052, 40, 19, 134, 0, 0, 0.81%, 0, 0, 11, 25.75, 1956985, 72, 0, 0
39057, 40, 36, 134, 0, 0, 0.81%, 0, 0, 11, 25.61, 1957179, 72, 0, 0
39062, 40, 36, 134, 0, 0, 0.81%, 0, 0, 11, 26.11, 1957369, 72, 0, 0
39067, 40, 34, 134, 0, 0, 0.81%, 0, 0, 11, 26.61, 1957508, 72, 0, 0
39072, 40, 99, 134, 0, 0, 0.81%, 0, 0, 11, 24.73, 1957762, 72, 0, 0
39077, 40, 99, 134, 0, 0, 0.81%, 0, 0, 11, 23.90, 1957935, 72, 0, 0
39083, 40, 99, 134, 0, 0, 0.81%, 0, 0, 11, 40.93, 1958244, 72, 0, 0
39088, 40, 30, 134, 0, 0, 0.81%, 0, 0, 11, 25.38, 1958536, 72, 0, 0
39093, 40, 17, 134, 0, 0, 0.81%, 0, 0, 11, 25.62, 1958761, 72, 0, 0
39098, 40, 18, 134, 0, 0, 0.81%, 0, 0, 11, 26.13, 1958895, 72, 0, 0
39103, 40, 18, 134, 0, 0, 0.81%, 0, 0, 11, 27.31, 1959035, 72, 0, 0
39108, 40, 18, 134, 0, 0, 0.81%, 0, 0, 11, 26.75, 1959167, 72, 0, 0
39113, 40, 13, 134, 0, 0, 0.81%, 0, 0, 11, 300.00, 1959419, 72, 0, 0
39118, 40, 21, 134, 0, 0, 0.81%, 0, 0, 11, 33.21, 1959626, 72, 0, 0
39123, 40, 21, 134, 0, 0, 0.81%, 0, 0, 11, 26.94, 1959755, 72, 0, 0
39128, 40, 86, 134, 0, 0, 0.81%, 0, 0, 11, 27.94, 1959896, 72, 0, 0
39133, 40, 86, 134, 0, 0, 0.81%, 0, 0, 11, 30.80, 1960060, 72, 0, 0
39139, 40, 86, 134, 0, 0, 0.81%, 0, 0, 11, 29.24, 1960222, 72, 0, 0
39144, 40, 86, 134, 0, 0, 0.81%, 0, 0, 11, 28.27, 1960361, 72, 0, 0
39149, 40, 17, 134, 0, 0, 0.81%, 0, 0, 11, 27.09, 1960494, 72, 0, 0
39154, 40, 17, 134, 0, 0, 0.81%, 0, 0, 11, 25.89, 1960628, 72, 0, 0
39159, 40, 13, 134, 0, 0, 0.81%, 0, 0, 11, 26.21, 1960848, 72, 0, 0
39164, 40, 13, 134, 0, 0, 0.81%, 0, 0, 11, 26.85, 1961017, 72, 0, 0
39169, 40, 106, 134, 0, 0, 0.81%, 0, 0, 11, 20.59, 1961173, 72, 0, 0
39174, 40, 35, 134, 0, 0, 0.81%, 0, 0, 11, 28.59, 1961481, 72, 0, 0
39179, 40, 7, 134, 0, 0, 0.81%, 0, 0, 11, 26.24, 1961651, 72, 0, 0
39184, 40, 7, 134, 0, 0, 0.81%, 0, 0, 11, 26.21, 1961785, 72, 0, 0
39189, 40, 16, 134, 0, 0, 0.81%, 0, 0, 11, 160.19, 1962001, 72, 0, 0
39195, 40, 21, 134, 0, 0, 0.81%, 0, 0, 11, 25.66, 1962525, 72, 0, 0
39200, 40, 21, 134, 0, 0, 0.81%, 0, 0, 11, 26.31, 1962660, 72, 0, 0
39205, 40, 21, 134, 0, 0, 0.81%, 0, 0, 11, 24.66, 1962785, 72, 0, 0
39210, 40, 23, 134, 0, 0, 0.81%, 0, 0, 11, 23.99, 1962911, 72, 0, 0
39215, 40, 23, 134, 0, 0, 0.81%, 0, 0, 11, 25.38, 1963041, 72, 0, 0
39220, 40, 19, 134, 0, 0, 0.81%, 0, 0, 11, 25.49, 1963236, 72, 0, 0
39226, 40, 52, 134, 0, 0, 0.81%, 0, 0, 11, 25.21, 1963479, 72, 0, 0
39231, 40, 111, 134, 0, 0, 0.81%, 0, 0, 11, 29.39, 1963745, 72, 0, 0
39236, 40, 111, 134, 0, 0, 0.81%, 0, 0, 11, 26.29, 1963872, 72, 0, 0
39241, 40, 111, 134, 0, 0, 0.81%, 0, 0, 11, 127.19, 1964036, 72, 0, 0
39246, 40, 111, 134, 0, 0, 0.81%, 0, 0, 11, 22.77, 1964165, 72, 0, 0
39251, 40, 111, 134, 0, 0, 0.81%, 0, 0, 11, 30.52, 1964355, 72, 0, 0
39256, 40, 111, 134, 0, 0, 0.81%, 0, 0, 11, 26.33, 1964559, 72, 0, 0
39262, 40, 111, 134, 0, 0, 0.81%, 0, 0, 11, 39.70, 1964747, 72, 0, 0
39267, 40, 111, 134, 0, 0, 0.81%, 0, 0, 11, 28.75, 1964882, 72, 0, 0
39272, 40, 111, 134, 0, 0, 0.81%, 0, 0, 11, 26.14, 1965087, 72, 0, 0
39277, 40, 13, 134, 0, 0, 0.81%, 0, 0, 11, 27.24, 1965231, 72, 0, 0
39282, 40, 27, 134, 0, 0, 0.81%, 0, 0, 11, 37.42, 1965575, 72, 0, 0
39287, 40, 45, 134, 0, 0, 0.81%, 0, 0, 11, 28.70, 1965708, 72, 0, 0
39292, 40, 45, 134, 0, 0, 0.81%, 0, 0, 11, 35.68, 1965871, 72, 0, 0
39298, 40, 45, 134, 0, 0, 0.81%, 0, 0, 11, 31.23, 1966044, 72, 0, 0
39303, 40, 45, 134, 0, 0, 0.81%, 0, 0, 11, 28.36, 1966252, 72, 0, 0
39308, 40, 99, 134, 0, 0, 0.81%, 0, 0, 11, 29.03, 1966399, 72, 0, 0
39313, 40, 99, 134, 0, 0, 0.81%, 0, 0, 11, 26.35, 1966529, 72, 0, 0
39318, 40, 99, 134, 0, 0, 0.81%, 0, 0, 11, 25.34, 1966703, 72, 0, 0
39323, 40, 99, 134, 0, 0, 0.81%, 0, 0, 11, 26.24, 1966838, 72, 0, 0
39328, 40, 51, 134, 0, 0, 0.81%, 0, 0, 11, 25.54, 1966971, 72, 0, 0
39334, 40, 51, 134, 0, 0, 0.81%, 0, 0, 11, 24.69, 1967155, 72, 0, 0
39339, 40, 29, 134, 0, 0, 0.81%, 0, 0, 11, 25.66, 1967323, 72, 0, 0
39344, 40, 29, 134, 0, 0, 0.81%, 0, 0, 11, 26.04, 1967458, 72, 0, 0
39349, 40, 94, 134, 0, 0, 0.81%, 0, 0, 11, 26.99, 1967598, 72, 0, 0
39354, 40, 94, 134, 0, 0, 0.81%, 0, 0, 11, 26.37, 1967734, 72, 0, 0
39359, 40, 94, 134, 0, 0, 0.81%, 0, 0, 11, 26.26, 1967913, 72, 0, 0
39364, 40, 94, 134, 0, 0, 0.81%, 0, 0, 11, 25.49, 1968043, 72, 0, 0
39370, 40, 94, 134, 0, 0, 0.81%, 0, 0, 11, 26.83, 1968183, 72, 0, 0
39375, 40, 51, 134, 0, 0, 0.81%, 0, 0, 11, 107.94, 1968652, 72, 0, 0
39380, 41, 45, 134, 0, 0, 0.81%, 0, 0, 11, 18.12, 1969229, 72, 0, 0
39385, 41, 45, 134, 0, 0, 0.81%, 0, 0, 11, 18.62, 1969327, 72, 0, 0
39390, 41, 45, 134, 0, 0, 0.81%, 0, 0, 11, 25.65, 1969473, 72, 0, 0
39395, 41, 45, 134, 0, 0, 0.81%, 0, 0, 11, 27.36, 1969611, 72, 0, 0
39400, 41, 111, 134, 0, 0, 0.81%, 0, 0, 11, 40.46, 1969833, 72, 0, 0
39406, 41, 111, 134, 0, 0, 0.81%, 0, 0, 11, 29.50, 1969970, 72, 0, 0
39411, 41, 111, 134, 0, 0, 0.81%, 0, 0, 11, 26.56, 1970098, 72, 0, 0
39416, 41, 111, 134, 0, 0, 0.81%, 0, 0, 11, 25.87, 1970228, 72, 0, 0
39421, 41, 111, 134, 0, 0, 0.81%, 0, 0, 11, 26.30, 1970363, 72, 0, 0
39426, 41, 111, 134, 0, 0, 0.81%, 0, 0, 11, 26.80, 1970503, 72, 0, 0
39431, 41, 111, 134, 0, 0, 0.81%, 0, 0, 11, 26.51, 1970635, 72, 0, 0
39436, 41, 111, 134, 0, 0, 0.81%, 0, 0, 11, 25.66, 1970767, 72, 0, 0
39441, 41, 111, 134, 0, 0, 0.81%, 0, 0, 11, 26.01, 1970899, 72, 0, 0
39446, 41, 111, 134, 0, 0, 0.81%, 0, 0, 11, 25.89, 1971030, 72, 0, 0
39451, 41, 7, 134, 0, 0, 0.81%, 0, 0, 11, 25.68, 1971161, 72, 0, 0
39457, 41, 57, 134, 0, 0, 0.81%, 0, 0, 11, 27.27, 1971354, 72, 0, 0
39462, 41, 57, 134, 0, 0, 0.81%, 0, 0, 11, 25.74, 1971482, 72, 0, 0
39467, 41, 57, 134, 0, 0, 0.81%, 0, 0, 11, 26.93, 1971619, 72, 0, 0
39472, 41, 57, 134, 0, 0, 0.81%, 0, 0, 11, 30.70, 1971816, 72, 0, 0
39477, 41, 37, 134, 0, 0, 0.81%, 0, 0, 11, 25.90, 1972006, 72, 0, 0
39483, 41, 37, 134, 0, 0, 0.81%, 0, 0, 11, 37.82, 1972193, 72, 0, 0
39488, 41, 47, 134, 0, 0, 0.81%, 0, 0, 11, 29.12, 1972328, 72, 0, 0
39493, 41, 47, 134, 0, 0, 0.81%, 0, 0, 11, 26.77, 1972464, 72, 0, 0
39498, 41, 47, 134, 0, 0, 0.81%, 0, 0, 11, 25.82, 1972596, 72, 0, 0
39503, 41, 47, 134, 0, 0, 0.81%, 0, 0, 11, 26.32, 1972729, 72, 0, 0
39508, 41, 37, 134, 0, 0, 0.81%, 0, 0, 11, 25.98, 1972861, 72, 0, 0
39513, 41, 37, 134, 0, 0, 0.81%, 0, 0, 11, 26.48, 1972997, 72, 0, 0
39518, 41, 37, 134, 0, 0, 0.81%, 0, 0, 11, 25.41, 1973122, 72, 0, 0
39524, 41, 55, 134, 0, 0, 0.81%, 0, 0, 11, 25.75, 1973254, 72, 0, 0
39529, 41, 98, 134, 0, 0, 0.81%, 0, 0, 11, 27.76, 1973418, 72, 0, 0
39534, 41, 27, 134, 0, 0, 0.81%, 0, 0, 11, 27.97, 1973562, 72, 0, 0
39539, 41, 27, 134, 0, 0, 0.81%, 0, 0, 11, 26.80, 1973700, 72, 0, 0
39544, 41, 97, 134, 0, 0, 0.81%, 0, 0, 11, 27.14, 1973838, 72, 0, 0
39550, 41, 97, 134, 0, 0, 0.81%, 0, 0, 11, 26.55, 1973976, 72, 0, 0
39555, 41, 97, 134, 0, 0, 0.81%, 0, 0, 11, 28.17, 1974196, 72, 0, 0
39560, 41, 97, 134, 0, 0, 0.81%, 0, 0, 11, 26.61, 1974329, 72, 0, 0
39565, 41, 94, 134, 0, 0, 0.81%, 0, 0, 11, 25.78, 1974461, 72, 0, 0
39570, 41, 94, 134, 0, 0, 0.81%, 0, 0, 11, 26.25, 1974593, 72, 0, 0
39575, 41, 94, 134, 0, 0, 0.81%, 0, 0, 11, 25.59, 1974725, 72, 0, 0
39580, 41, 94, 134, 0, 0, 0.81%, 0, 0, 11, 25.42, 1974855, 72, 0, 0
39585, 41, 94, 134, 0, 0, 0.81%, 0, 0, 11, 25.69, 1974983, 72, 0, 0
39590, 41, 94, 134, 0, 0, 0.81%, 0, 0, 11, 26.45, 1975119, 72, 0, 0
39596, 41, 57, 134, 0, 0, 0.81%, 0, 0, 11, 26.44, 1975257, 72, 0, 0
39601, 41, 57, 134, 0, 0, 0.81%, 0, 0, 11, 25.92, 1975391, 72, 0, 0
39606, 41, 57, 134, 0, 0, 0.81%, 0, 0, 11, 27.03, 1975527, 72, 0, 0
39611, 41, 57, 134, 0, 0, 0.81%, 0, 0, 11, 26.75, 1975664, 72, 0, 0
39616, 41, 57, 134, 0, 0, 0.81%, 0, 0, 11, 26.32, 1975798, 72, 0, 0
39621, 41, 57, 134, 0, 0, 0.81%, 0, 0, 11, 26.09, 1975930, 72, 0, 0
39627, 41, 57, 134, 0, 0, 0.81%, 0, 0, 11, 25.72, 1976064, 72, 0, 0
39632, 41, 57, 134, 0, 0, 0.81%, 0, 0, 11, 79.65, 1976322, 72, 0, 0
39637, 41, 10, 134, 0, 0, 0.81%, 0, 0, 11, 46.36, 1976645, 72, 0, 0
39642, 41, 10, 134, 0, 0, 0.81%, 0, 0, 11, 29.32, 1976773, 72, 0, 0
39647, 41, 4, 134, 0, 0, 0.81%, 0, 0, 11, 25.74, 1976954, 72, 0, 0
39652, 41, 9, 134, 0, 0, 0.81%, 0, 0, 11, 26.67, 1977100, 72, 0, 0
39657, 41, 17, 134, 0, 0, 0.81%, 0, 0, 11, 25.20, 1977325, 72, 0, 0
39662, 41, 17, 134, 0, 0, 0.81%, 0, 0, 11, 25.96, 1977456, 72, 0, 0
39667, 41, 3, 134, 0, 0, 0.81%, 0, 0, 11, 26.44, 1977590, 72, 0, 0
39672, 41, 3, 134, 0, 0, 0.81%, 0, 0, 11, 25.63, 1977759, 72, 0, 0
39678, 41, 58, 134, 0, 0, 0.81%, 0, 0, 11, 25.81, 1977890, 72, 0, 0
39683, 41, 58, 134, 0, 0, 0.81%, 0, 0, 11, 25.31, 1978020, 72, 0, 0
39688, 41, 58, 134, 0, 0, 0.81%, 0, 0, 11, 25.17, 1978152, 72, 0, 0
39693, 41, 58, 134, 0, 0, 0.81%, 0, 0, 11, 25.88, 1978287, 72, 0, 0
39698, 41, 58, 134, 0, 0, 0.81%, 0, 0, 11, 25.08, 1978411, 72, 0, 0
39703, 41, 30, 134, 0, 0, 0.81%, 0, 0, 11, 25.63, 1978547, 72, 0, 0
39708, 41, 30, 134, 0, 0, 0.81%, 0, 0, 11, 25.74, 1978677, 72, 0, 0
39714, 41, 100, 134, 0, 0, 0.81%, 0, 0, 11, 25.53, 1978810, 72, 0, 0
39719, 41, 100, 134, 0, 0, 0.81%, 0, 0, 11, 25.49, 1978941, 72, 0, 0
39724, 41, 100, 134, 0, 0, 0.81%, 0, 0, 11, 25.27, 1979068, 72, 0, 0
39729, 41, 100, 134, 0, 0, 0.81%, 0, 0, 11, 25.63, 1979202, 72, 0, 0
39734, 41, 100, 134, 0, 0, 0.81%, 0, 0, 11, 24.82, 1979327, 72, 0, 0
39739, 41, 14, 134, 0, 0, 0.81%, 0, 0, 11, 25.24, 1979455, 72, 0, 0
39744, 41, 14, 134, 0, 0, 0.81%, 0, 0, 11, 26.17, 1979590, 72, 0, 0
39750, 41, 113, 134, 0, 0, 0.81%, 0, 0, 11, 25.67, 1979722, 72, 0, 0
39755, 41, 113, 134, 0, 0, 0.81%, 0, 0, 11, 26.50, 1979954, 72, 0, 0
39760, 41, 113, 134, 0, 0, 0.81%, 0, 0, 11, 25.33, 1980084, 72, 0, 0
39765, 41, 113, 134, 0, 0, 0.81%, 0, 0, 11, 25.17, 1980211, 72, 0, 0
39770, 41, 113, 134, 0, 0, 0.81%, 0, 0, 11, 25.12, 1980342, 72, 0, 0
39775, 41, 113, 134, 0, 0, 0.81%, 0, 0, 11, 25.27, 1980473, 72, 0, 0
39781, 41, 57, 134, 0, 0, 0.81%, 0, 0, 11, 25.27, 1980603, 72, 0, 0
39786, 41, 57, 134, 0, 0, 0.81%, 0, 0, 11, 26.54, 1980781, 72, 0, 0
39791, 41, 57, 134, 0, 0, 0.81%, 0, 0, 11, 26.60, 1980966, 72, 0, 0
39796, 41, 57, 134, 0, 0, 0.81%, 0, 0, 11, 26.13, 1981103, 72, 0, 0
39801, 41, 61, 134, 0, 0, 0.81%, 0, 0, 11, 24.66, 1981319, 72, 0, 0
39806, 41, 61, 134, 0, 0, 0.81%, 0, 0, 11, 27.45, 1981547, 72, 0, 0
39812, 41, 61, 134, 0, 0, 0.81%, 0, 0, 11, 26.27, 1981679, 72, 0, 0
39817, 41, 21, 134, 0, 0, 0.81%, 0, 0, 11, 26.18, 1981859, 72, 0, 0
39822, 41, 21, 134, 0, 0, 0.81%, 0, 0, 11, 25.17, 1981984, 72, 0, 0
39827, 41, 55, 134, 0, 0, 0.81%, 0, 0, 11, 29.15, 1982140, 72, 0, 0
39832, 41, 10, 134, 0, 0, 0.81%, 0, 0, 11, 289.59, 1982335, 72, 0, 0
39837, 41, 10, 134, 0, 0, 0.81%, 0, 0, 11, 24.28, 1982463, 72, 0, 0
39842, 41, 61, 134, 0, 0, 0.81%, 0, 0, 11, 26.33, 1982602, 72, 0, 0
39847, 41, 61, 134, 0, 0, 0.81%, 0, 0, 11, 26.08, 1982732, 72, 0, 0
39853, 41, 61, 134, 0, 0, 0.81%, 0, 0, 11, 24.52, 1982913, 72, 0, 0
39858, 41, 61, 134, 0, 0, 0.81%, 0, 0, 11, 184.34, 1983156, 72, 0, 0
39863, 41, 61, 134, 0, 0, 0.81%, 0, 0, 11, 42.85, 1983461, 72, 0, 0
39868, 41, 61, 134, 0, 0, 0.81%, 0, 0, 11, 28.97, 1983589, 72, 0, 0
39873, 41, 112, 134, 0, 0, 0.81%, 0, 0, 11, 26.93, 1983722, 72, 0, 0
39878, 41, 112, 134, 0, 0, 0.81%, 0, 0, 11, 25.49, 1983851, 72, 0, 0
39883, 41, 112, 134, 0, 0, 0.81%, 0, 0, 11, 26.04, 1983984, 72, 0, 0
39888, 41, 112, 134, 0, 0, 0.81%, 0, 0, 11, 26.81, 1984124, 72, 0, 0
39894, 41, 112, 134, 0, 0, 0.81%, 0, 0, 11, 25.48, 1984255, 72, 0, 0
39899, 41, 112, 134, 0, 0, 0.81%, 0, 0, 11, 25.79, 1984386, 72, 0, 0
39904, 41, 112, 134, 0, 0, 0.81%, 0, 0, 11, 26.43, 1984526, 72, 0, 0
39909, 41, 94, 134, 0, 0, 0.81%, 0, 0, 11, 26.69, 1984664, 72, 0, 0
39914, 41, 94, 134, 0, 0, 0.81%, 0, 0, 11, 27.94, 1984912, 72, 0, 0
39919, 41, 94, 134, 0, 0, 0.81%, 0, 0, 11, 26.31, 1985042, 72, 0, 0
39924, 41, 94, 134, 0, 0, 0.81%, 0, 0, 11, 25.63, 1985174, 72, 0, 0
39929, 41, 94, 134, 0, 0, 0.81%, 0, 0, 11, 25.70, 1985302, 72, 0, 0
39934, 41, 94, 134, 0, 0, 0.81%, 0, 0, 11, 26.56, 1985441, 72, 0, 0
39940, 41, 34, 134, 0, 0, 0.81%, 0, 0, 11, 26.25, 1985577, 72, 0, 0
39945, 41, 34, 134, 0, 0, 0.81%, 0, 0, 11, 28.44, 1985738, 72, 0, 0
39950, 41, 30, 134, 0, 0, 0.81%, 0, 0, 11, 26.65, 1985873, 72, 0, 0
39955, 41, 30, 134, 0, 0, 0.81%, 0, 0, 11, 25.55, 1986004, 72, 0, 0
39960, 41, 30, 134, 0, 0, 0.81%, 0, 0, 11, 27.34, 1986142, 72, 0, 0
39965, 41, 30, 134, 0, 0, 0.81%, 0, 0, 11, 26.50, 1986274, 72, 0, 0
39970, 41, 30, 134, 0, 0, 0.81%, 0, 0, 11, 26.04, 1986406, 72, 0, 0
39976, 41, 47, 134, 0, 0, 0.81%, 0, 0, 11, 27.30, 1986547, 72, 0, 0
39981, 41, 47, 134, 0, 0, 0.81%, 0, 0, 11, 26.15, 1986681, 72, 0, 0
39986, 41, 47, 134, 0, 0, 0.81%, 0, 0, 11, 25.76, 1986813, 72, 0, 0
39991, 41, 47, 134, 0, 0, 0.81%, 0, 0, 11, 26.08, 1986948, 72, 0, 0
39996, 41, 14, 134, 0, 0, 0.81%, 0, 0, 11, 25.23, 1987076, 72, 0, 0
40001, 41, 14, 134, 0, 0, 0.81%, 0, 0, 11, 24.75, 1987204, 72, 0, 0
40007, 41, 55, 134, 0, 0, 0.81%, 0, 0, 11, 25.95, 1987342, 72, 0, 0
40012, 41, 61, 134, 0, 0, 0.81%, 0, 0, 11, 26.20, 1987473, 72, 0, 0
40017, 41, 61, 134, 0, 0, 0.81%, 0, 0, 11, 26.29, 1987607, 72, 0, 0
40022, 41, 61, 134, 0, 0, 0.81%, 0, 0, 11, 25.77, 1987739, 72, 0, 0
40027, 41, 61, 134, 0, 0, 0.81%, 0, 0, 11, 25.44, 1987870, 72, 0, 0
40032, 41, 61, 134, 0, 0, 0.81%, 0, 0, 11, 25.35, 1987999, 72, 0, 0
40037, 41, 14, 134, 0, 0, 0.81%, 0, 0, 11, 25.44, 1988129, 72, 0, 0
40042, 41, 14, 134, 0, 0, 0.81%, 0, 0, 11, 25.40, 1988263, 72, 0, 0
40047, 41, 7, 134, 0, 0, 0.81%, 0, 0, 11, 25.66, 1988390, 72, 0, 0
40053, 41, 7, 134, 0, 0, 0.81%, 0, 0, 11, 25.66, 1988522, 72, 0, 0
40058, 41, 7, 134, 0, 0, 0.81%, 0, 0, 11, 26.77, 1988659, 72, 0, 0
40063, 41, 14, 134, 0, 0, 0.81%, 0, 0, 11, 27.29, 1988798, 72, 0, 0
40068, 41, 14, 134, 0, 0, 0.81%, 0, 0, 11, 26.55, 1988936, 72, 0, 0
40073, 41, 47, 134, 0, 0, 0.81%, 0, 0, 11, 185.04, 1989106, 72, 0, 0
40078, 41, 47, 134, 0, 0, 0.81%, 0, 0, 11, 25.66, 1989236, 72, 0, 0
40083, 41, 47, 134, 0, 0, 0.81%, 0, 0, 11, 26.86, 1989372, 72, 0, 0
40088, 41, 47, 134, 0, 0, 0.81%, 0, 0, 11, 26.33, 1989507, 72, 0, 0
40093, 41, 100, 134, 0, 0, 0.81%, 0, 0, 11, 27.43, 1989646, 72, 0, 0
40098, 41, 100, 134, 0, 0, 0.81%, 0, 0, 11, 26.98, 1989974, 72, 0, 0
40104, 41, 100, 134, 0, 0, 0.81%, 0, 0, 11, 27.12, 1990116, 72, 0, 0
40109, 41, 14, 134, 0, 0, 0.81%, 0, 0, 11, 26.10, 1990347, 72, 0, 0
40114, 41, 14, 134, 0, 0, 0.81%, 0, 0, 11, 24.52, 1990527, 72, 0, 0
40119, 41, 14, 134, 0, 0, 0.81%, 0, 0, 11, 25.00, 1990658, 72, 0, 0
40124, 41, 45, 134, 0, 0, 0.81%, 0, 0, 11, 26.05, 1990860, 72, 0, 0
40129, 41, 45, 134, 0, 0, 0.81%, 0, 0, 11, 25.90, 1990995, 72, 0, 0
40135, 41, 45, 134, 0, 0, 0.81%, 0, 0, 11, 26.09, 1991225, 72, 0, 0
40140, 41, 45, 134, 0, 0, 0.81%, 0, 0, 11, 25.52, 1991354, 72, 0, 0
40145, 41, 7, 134, 0, 0, 0.81%, 0, 0, 11, 25.06, 1991480, 72, 0, 0
40150, 41, 7, 134, 0, 0, 0.81%, 0, 0, 11, 24.60, 1991607, 72, 0, 0
40155, 41, 14, 134, 0, 0, 0.81%, 0, 0, 11, 25.64, 1991744, 72, 0, 0
40160, 41, 14, 134, 0, 0, 0.81%, 0, 0, 11, 29.02, 1991923, 72, 0, 0
40165, 41, 103, 134, 0, 0, 0.81%, 0, 0, 11, 27.21, 1992060, 72, 0, 0
40171, 41, 103, 134, 0, 0, 0.81%, 0, 0, 11, 25.92, 1992194, 72, 0, 0
40176, 41, 103, 134, 0, 0, 0.81%, 0, 0, 11, 25.53, 1992323, 72, 0, 0
40181, 41, 103, 134, 0, 0, 0.81%, 0, 0, 11, 26.39, 1992457, 72, 0, 0
40186, 41, 23, 134, 0, 0, 0.81%, 0, 0, 11, 26.04, 1992588, 72, 0, 0
40191, 41, 23, 134, 0, 0, 0.81%, 0, 0, 11, 26.17, 1992722, 72, 0, 0
40196, 41, 23, 134, 0, 0, 0.81%, 0, 0, 11, 27.08, 1992866, 72, 0, 0
40201, 41, 36, 134, 0, 0, 0.81%, 0, 0, 11, 27.31, 1993010, 72, 0, 0
40207, 41, 36, 134, 0, 0, 0.81%, 0, 0, 11, 26.51, 1993145, 72, 0, 0
40212, 41, 7, 134, 0, 0, 0.81%, 0, 0, 11, 26.20, 1993277, 72, 0, 0
40217, 41, 7, 134, 0, 0, 0.81%, 0, 0, 11, 26.60, 1993411, 72, 0, 0
40222, 41, 16, 134, 0, 0, 0.81%, 0, 0, 11, 33.21, 1993604, 72, 0, 0
40227, 41, 16, 134, 0, 0, 0.81%, 0, 0, 11, 27.79, 1993734, 72, 0, 0
40232, 41, 32, 134, 0, 0, 0.81%, 0, 0, 11, 26.26, 1993870, 72, 0, 0
40237, 41, 32, 134, 0, 0, 0.81%, 0, 0, 11, 25.83, 1994002, 72, 0, 0
40242, 41, 32, 134, 0, 0, 0.81%, 0, 0, 11, 28.06, 1994236, 72, 0, 0
40247, 41, 32, 134, 0, 0, 0.81%, 0, 0, 11, 26.62, 1994370, 72, 0, 0
40252, 41, 32, 134, 0, 0, 0.81%, 0, 0, 11, 217.94, 1994553, 72, 0, 0
40257, 41, 111, 134, 0, 0, 0.81%, 0, 0, 11, 26.61, 1994730, 72, 0, 0
40263, 41, 111, 134, 0, 0, 0.81%, 0, 0, 11, 26.21, 1994862, 72, 0, 0
40268, 41, 111, 134, 0, 0, 0.81%, 0, 0, 11, 26.55, 1994999, 72, 0, 0
40273, 41, 111, 134, 0, 0, 0.81%, 0, 0, 11, 25.10, 1995123, 72, 0, 0
40278, 41, 111, 134, 0, 0, 0.81%, 0, 0, 11, 25.73, 1995258, 72, 0, 0
40283, 41, 111, 134, 0, 0, 0.81%, 0, 0, 11, 26.20, 1995392, 72, 0, 0
40288, 41, 111, 134, 0, 0, 0.81%, 0, 0, 11, 26.31, 1995530, 72, 0, 0
40293, 41, 111, 134, 0, 0, 0.81%, 0, 0, 11, 30.09, 1995725, 72, 0, 0
40299, 41, 111, 134, 0, 0, 0.81%, 0, 0, 11, 29.86, 1995891, 72, 0, 0
40304, 41, 45, 134, 0, 0, 0.81%, 0, 0, 11, 29.44, 1996081, 72, 0, 0
40309, 41, 45, 134, 0, 0, 0.81%, 0, 0, 11, 26.46, 1996210, 72, 0, 0
40314, 41, 45, 134, 0, 0, 0.81%, 0, 0, 11, 26.30, 1996341, 72, 0, 0
40319, 41, 45, 134, 0, 0, 0.81%, 0, 0, 11, 27.72, 1996488, 72, 0, 0
40324, 41, 45, 134, 0, 0, 0.81%, 0, 0, 11, 26.90, 1996623, 72, 0, 0
40329, 41, 52, 134, 0, 0, 0.81%, 0, 0, 11, 25.70, 1996832, 72, 0, 0
40334, 41, 52, 134, 0, 0, 0.81%, 0, 0, 11, 29.43, 1996995, 72, 0, 0
40339, 41, 52, 134, 0, 0, 0.81%, 0, 0, 11, 25.70, 1997183, 72, 0, 0
40344, 41, 52, 134, 0, 0, 0.81%, 0, 0, 11, 25.81, 1997315, 72, 0, 0
40350, 41, 52, 134, 0, 0, 0.81%, 0, 0, 11, 28.69, 1997503, 72, 0, 0
40355, 41, 23, 134, 0, 0, 0.81%, 0, 0, 11, 27.06, 1997687, 72, 0, 0
40360, 41, 23, 134, 0, 0, 0.81%, 0, 0, 11, 26.85, 1997825, 72, 0, 0
40365, 41, 99, 134, 0, 0, 0.81%, 0, 0, 11, 26.16, 1997954, 72, 0, 0
40370, 41, 99, 134, 0, 0, 0.81%, 0, 0, 11, 25.79, 1998083, 72, 0, 0
40375, 41, 99, 134, 0, 0, 0.81%, 0, 0, 11, 25.98, 1998349, 72, 0, 0
40380, 41, 111, 134, 0, 0, 0.81%, 0, 0, 11, 25.50, 1998478, 72, 0, 0
40385, 41, 111, 134, 0, 0, 0.81%, 0, 0, 11, 28.88, 1998636, 72, 0, 0
40390, 41, 111, 134, 0, 0, 0.81%, 0, 0, 11, 26.41, 1998762, 72, 0, 0
40395, 41, 111, 134, 0, 0, 0.81%, 0, 0, 11, 26.32, 1998894, 72, 0, 0
40400, 41, 111, 134, 0, 0, 0.81%, 0, 0, 11, 26.36, 1999028, 72, 0, 0
40406, 41, 111, 134, 0, 0, 0.81%, 0, 0, 11, 25.46, 1999158, 72, 0, 0
40411, 41, 111, 134, 0, 0, 0.81%, 0, 0, 11, 25.49, 1999286, 72, 0, 0
40416, 41, 111, 134, 0, 0, 0.81%, 0, 0, 11, 26.00, 1999421, 72, 0, 0
40421, 41, 111, 134, 0, 0, 0.81%, 0, 0, 11, 25.86, 1999553, 72, 0, 0
40426, 41, 111, 134, 0, 0, 0.81%, 0, 0, 11, 25.70, 1999684, 72, 0, 0
40431, 41, 111, 134, 0, 0, 0.81%, 0, 0, 11, 25.49, 1999812, 72, 0, 0
40436, 41, 45, 134, 0, 0, 0.81%, 0, 0, 11, 25.03, 1999941, 72, 0, 0
40441, 41, 45, 134, 0, 0, 0.81%, 0, 0, 11, 25.19, 2000067, 72, 0, 0
40447, 41, 45, 134, 0, 0, 0.81%, 0, 0, 11, 26.58, 2000207, 72, 0, 0
40452, 41, 45, 134, 0, 0, 0.81%, 0, 0, 11, 25.90, 2000337, 72, 0, 0
40457, 41, 54, 134, 0, 0, 0.81%, 0, 0, 11, 25.39, 2000465, 72, 0, 0
40462, 41, 18, 134, 0, 0, 0.81%, 0, 0, 11, 25.56, 2000593, 72, 0, 0
40467, 41, 18, 134, 0, 0, 0.81%, 0, 0, 11, 25.93, 2000726, 72, 0, 0
40472, 41, 14, 134, 0, 0, 0.81%, 0, 0, 11, 25.83, 2000855, 72, 0, 0
40477, 41, 14, 134, 0, 0, 0.81%, 0, 0, 11, 25.42, 2000984, 72, 0, 0
40482, 41, 61, 134, 0, 0, 0.81%, 0, 0, 11, 25.24, 2001112, 72, 0, 0
40487, 41, 61, 134, 0, 0, 0.81%, 0, 0, 11, 25.14, 2001243, 72, 0, 0
40492, 41, 61, 134, 0, 0, 0.81%, 0, 0, 11, 26.08, 2001379, 72, 0, 0
40497, 41, 61, 134, 0, 0, 0.81%, 0, 0, 11, 26.19, 2001511, 72, 0, 0
40503, 41, 61, 134, 0, 0, 0.81%, 0, 0, 11, 26.57, 2001650, 72, 0, 0
40508, 41, 47, 134, 0, 0, 0.81%, 0, 0, 11, 26.16, 2001786, 72, 0, 0
40513, 41, 47, 134, 0, 0, 0.81%, 0, 0, 11, 26.50, 2001925, 72, 0, 0
40518, 41, 47, 134, 0, 0, 0.81%, 0, 0, 11, 25.52, 2002053, 72, 0, 0
40523, 41, 47, 134, 0, 0, 0.81%, 0, 0, 11, 28.01, 2002241, 72, 0, 0
40528, 41, 16, 134, 0, 0, 0.81%, 0, 0, 11, 26.16, 2002373, 72, 0, 0
40533, 41, 16, 134, 0, 0, 0.81%, 0, 0, 11, 26.64, 2002556, 72, 0, 0
40539, 41, 51, 134, 0, 0, 0.81%, 0, 0, 11, 30.06, 2002729, 72, 0, 0
40544, 41, 51, 134, 0, 0, 0.81%, 0, 0, 11, 26.52, 2002863, 72, 0, 0
40549, 41, 26, 134, 0, 0, 0.81%, 0, 0, 11, 25.52, 2003050, 72, 0, 0
40554, 41, 57, 134, 0, 0, 0.81%, 0, 0, 11, 25.75, 2003181, 72, 0, 0
40559, 41, 57, 134, 0, 0, 0.81%, 0, 0, 11, 27.02, 2003345, 72, 0, 0
40564, 41, 57, 134, 0, 0, 0.81%, 0, 0, 11, 26.83, 2003483, 72, 0, 0
40569, 41, 57, 134, 0, 0, 0.81%, 0, 0, 11, 26.25, 2003614, 72, 0, 0
40574, 41, 57, 134, 0, 0, 0.81%, 0, 0, 11, 26.00, 2003747, 72, 0, 0
40580, 41, 57, 134, 0, 0, 0.81%, 0, 0, 11, 27.61, 2003947, 72, 0, 0
40585, 41, 57, 134, 0, 0, 0.81%, 0, 0, 11, 25.66, 2004071, 72, 0, 0
40590, 41, 57, 134, 0, 0, 0.81%, 0, 0, 11, 26.84, 2004212, 72, 0, 0
40595, 41, 57, 134, 0, 0, 0.81%, 0, 0, 11, 26.86, 2004351, 72, 0, 0
40600, 41, 28, 134, 0, 0, 0.81%, 0, 0, 11, 25.27, 2004478, 72, 0, 0
40605, 41, 32, 134, 0, 0, 0.81%, 0, 0, 11, 25.81, 2004611, 72, 0, 0
40610, 41, 32, 134, 0, 0, 0.81%, 0, 0, 11, 25.61, 2004740, 72, 0, 0
40615, 41, 36, 134, 0, 0, 0.81%, 0, 0, 11, 26.58, 2004874, 72, 0, 0
40620, 41, 36, 134, 0, 0, 0.81%, 0, 0, 11, 26.08, 2005005, 72, 0, 0
40625, 41, 100, 134, 0, 0, 0.81%, 0, 0, 11, 25.30, 2005130, 72, 0, 0
40631, 41, 100, 134, 0, 0, 0.81%, 0, 0, 11, 26.13, 2005265, 72, 0, 0
40636, 41, 100, 134, 0, 0, 0.81%, 0, 0, 11, 26.22, 2005401, 72, 0, 0
40641, 41, 100, 134, 0, 0, 0.81%, 0, 0, 11, 25.38, 2005533, 72, 0, 0
40646, 41, 100, 134, 0, 0, 0.81%, 0, 0, 11, 24.84, 2005663, 72, 0, 0
40651, 41, 7, 134, 0, 0, 0.81%, 0, 0, 11, 25.59, 2005796, 72, 0, 0
40656, 41, 7, 134, 0, 0, 0.81%, 0, 0, 11, 26.21, 2005932, 72, 0, 0
40662, 41, 9, 134, 0, 0, 0.81%, 0, 0, 11, 25.73, 2006064, 72, 0, 0
40667, 41, 9, 134, 0, 0, 0.81%, 0, 0, 11, 25.83, 2006193, 72, 0, 0
40672, 41, 57, 134, 0, 0, 0.81%, 0, 0, 11, 26.27, 2006329, 72, 0, 0
40677, 41, 57, 134, 0, 0, 0.81%, 0, 0, 11, 27.17, 2006468, 72, 0, 0
40682, 41, 57, 134, 0, 0, 0.81%, 0, 0, 11, 26.77, 2006604, 72, 0, 0
40687, 41, 57, 134, 0, 0, 0.81%, 0, 0, 11, 25.95, 2006735, 72, 0, 0
40692, 41, 57, 134, 0, 0, 0.81%, 0, 0, 11, 24.53, 2006903, 72, 0, 0
40697, 41, 21, 134, 0, 0, 0.81%, 0, 0, 11, 26.29, 2007096, 72, 0, 0
40703, 41, 98, 134, 0, 0, 0.81%, 0, 0, 11, 27.09, 2007231, 72, 0, 0
40708, 41, 98, 134, 0, 0, 0.81%, 0, 0, 11, 26.32, 2007366, 72, 0, 0
40713, 41, 14, 134, 0, 0, 0.81%, 0, 0, 11, 26.26, 2007499, 72, 0, 0
40718, 41, 14, 134, 0, 0, 0.81%, 0, 0, 11, 27.47, 2007683, 72, 0, 0
40723, 41, 10, 134, 0, 0, 0.81%, 0, 0, 11, 26.44, 2007812, 72, 0, 0
40728, 41, 10, 134, 0, 0, 0.81%, 0, 0, 11, 28.66, 2008002, 72, 0, 0
40733, 41, 14, 134, 0, 0, 0.81%, 0, 0, 11, 26.35, 2008134, 72, 0, 0
40738, 41, 14, 134, 0, 0, 0.81%, 0, 0, 11, 26.33, 2008270, 72, 0, 0
40743, 41, 94, 134, 0, 0, 0.81%, 0, 0, 11, 26.52, 2008404, 72, 0, 0
40749, 41, 94, 134, 0, 0, 0.81%, 0, 0, 11, 25.59, 2008535, 72, 0, 0
40754, 41, 94, 134, 0, 0, 0.81%, 0, 0, 11, 25.70, 2008667, 72, 0, 0
40759, 41, 94, 134, 0, 0, 0.81%, 0, 0, 11, 27.43, 2008808, 72, 0, 0
40764, 41, 94, 134, 0, 0, 0.81%, 0, 0, 11, 27.25, 2008940, 72, 0, 0
40769, 41, 94, 134, 0, 0, 0.81%, 0, 0, 11, 28.28, 2009084, 72, 0, 0
40774, 41, 94, 134, 0, 0, 0.81%, 0, 0, 11, 26.44, 2009215, 72, 0, 0
40779, 41, 19, 134, 0, 0, 0.81%, 0, 0, 11, 34.39, 2009478, 72, 0, 0
40784, 41, 23, 134, 0, 0, 0.81%, 0, 0, 11, 32.65, 2009640, 72, 0, 0
40789, 41, 23, 134, 0, 0, 0.81%, 0, 0, 11, 27.91, 2009779, 72, 0, 0
40794, 41, 51, 134, 0, 0, 0.81%, 0, 0, 11, 29.73, 2009962, 72, 0, 0
40800, 41, 51, 134, 0, 0, 0.81%, 0, 0, 11, 28.88, 2010105, 72, 0, 0
40805, 41, 61, 134, 0, 0, 0.81%, 0, 0, 11, 25.46, 2010276, 72, 0, 0
40810, 41, 61, 134, 0, 0, 0.81%, 0, 0, 11, 26.53, 2010411, 72, 0, 0
40815, 41, 61, 134, 0, 0, 0.81%, 0, 0, 11, 26.21, 2010545, 72, 0, 0
40820, 41, 61, 134, 0, 0, 0.81%, 0, 0, 11, 26.31, 2010677, 72, 0, 0
40825, 41, 122, 134, 0, 0, 0.81%, 0, 0, 11, 28.23, 2010822, 72, 0, 0
40830, 41, 122, 134, 0, 0, 0.81%, 0, 0, 11, 25.79, 2010948, 72, 0, 0
40836, 41, 122, 134, 0, 0, 0.81%, 0, 0, 11, 24.85, 2011135, 72, 0, 0
40841, 41, 122, 134, 0, 0, 0.81%, 0, 0, 11, 22.79, 2011280, 72, 0, 0
40846, 41, 122, 134, 0, 0, 0.81%, 0, 0, 11, 26.39, 2011422, 72, 0, 0
40851, 41, 122, 134, 0, 0, 0.81%, 0, 0, 11, 26.31, 2011558, 72, 0, 0
40856, 41, 122, 134, 0, 0, 0.81%, 0, 0, 11, 24.63, 2011714, 72, 0, 0
40861, 41, 122, 134, 0, 0, 0.81%, 0, 0, 11, 31.78, 2011895, 72, 0, 0
40866, 41, 122, 134, 0, 0, 0.81%, 0, 0, 11, 29.21, 2012043, 72, 0, 0
40871, 41, 14, 134, 0, 0, 0.81%, 0, 0, 11, 26.15, 2012214, 72, 0, 0
40876, 41, 14, 134, 0, 0, 0.81%, 0, 0, 11, 25.39, 2012341, 72, 0, 0
40882, 41, 14, 134, 0, 0, 0.81%, 0, 0, 11, 26.75, 2012486, 72, 0, 0
40887, 41, 32, 134, 0, 0, 0.81%, 0, 0, 11, 27.46, 2012629, 72, 0, 0
40892, 41, 32, 134, 0, 0, 0.81%, 0, 0, 11, 26.69, 2012769, 72, 0, 0
40897, 41, 61, 134, 0, 0, 0.81%, 0, 0, 11, 26.96, 2012905, 72, 0, 0
40902, 41, 61, 134, 0, 0, 0.81%, 0, 0, 11, 28.17, 2013052, 72, 0, 0
40907, 41, 61, 134, 0, 0, 0.81%, 0, 0, 11, 27.65, 2013194, 72, 0, 0
40912, 41, 61, 134, 0, 0, 0.81%, 0, 0, 11, 27.43, 2013365, 72, 0, 0
40918, 41, 37, 134, 0, 0, 0.81%, 0, 0, 11, 25.81, 2013494, 72, 0, 0
40923, 41, 37, 134, 0, 0, 0.81%, 0, 0, 11, 26.66, 2013632, 72, 0, 0
40928, 41, 32, 134, 0, 0, 0.81%, 0, 0, 11, 220.72, 2013807, 72, 0, 0
40933, 41, 32, 134, 0, 0, 0.81%, 0, 0, 11, 27.05, 2013946, 72, 0, 0
40938, 41, 57, 134, 0, 0, 0.81%, 0, 0, 11, 29.29, 2014091, 72, 0, 0
40943, 41, 57, 134, 0, 0, 0.81%, 0, 0, 11, 28.62, 2014234, 72, 0, 0
40948, 41, 57, 134, 0, 0, 0.81%, 0, 0, 11, 26.41, 2014367, 72, 0, 0
40953, 41, 14, 134, 0, 0, 0.81%, 0, 0, 11, 72.80, 2014737, 72, 0, 0
40958, 41, 14, 134, 0, 0, 0.81%, 0, 0, 11, 36.48, 2014866, 72, 0, 0
40964, 41, 34, 134, 0, 0, 0.81%, 0, 0, 11, 26.33, 2015035, 72, 0, 0
40969, 41, 34, 134, 0, 0, 0.81%, 0, 0, 11, 25.71, 2015170, 72, 0, 0
40974, 41, 45, 134, 0, 0, 0.81%, 0, 0, 11, 26.19, 2015306, 72, 0, 0
40979, 41, 45, 134, 0, 0, 0.81%, 0, 0, 11, 25.87, 2015437, 72, 0, 0
40984, 41, 45, 134, 0, 0, 0.81%, 0, 0, 11, 25.40, 2015564, 72, 0, 0
40989, 41, 45, 134, 0, 0, 0.81%, 0, 0, 11, 27.98, 2015705, 72, 0, 0
40994, 41, 13, 134, 0, 0, 0.81%, 0, 0, 11, 28.55, 2015902, 72, 0, 0
40999, 41, 13, 134, 0, 0, 0.81%, 0, 0, 11, 26.93, 2016038, 72, 0, 0
41005, 41, 94, 134, 0, 0, 0.81%, 0, 0, 11, 28.05, 2016295, 72, 0, 0
41010, 41, 94, 134, 0, 0, 0.81%, 0, 0, 11, 25.87, 2016518, 72, 0, 0
41015, 41, 94, 134, 0, 0, 0.81%, 0, 0, 11, 25.64, 2016651, 72, 0, 0
41020, 41, 94, 134, 0, 0, 0.81%, 0, 0, 11, 26.24, 2016783, 72, 0, 0
41025, 41, 94, 134, 0, 0, 0.81%, 0, 0, 11, 25.39, 2017024, 72, 0, 0
41030, 41, 26, 134, 0, 0, 0.81%, 0, 0, 11, 26.35, 2017231, 72, 0, 0
41035, 41, 16, 134, 0, 0, 0.81%, 0, 0, 11, 29.13, 2017464, 72, 0, 0
41040, 41, 16, 134, 0, 0, 0.81%, 0, 0, 11, 27.17, 2017596, 72, 0, 0
41045, 41, 71, 134, 0, 0, 0.81%, 0, 0, 11, 27.93, 2017735, 72, 0, 0
41051, 41, 71, 134, 0, 0, 0.81%, 0, 0, 11, 25.40, 2017908, 72, 0, 0
41056, 41, 71, 134, 0, 0, 0.81%, 0, 0, 11, 26.28, 2018043, 72, 0, 0
41061, 41, 71, 134, 0, 0, 0.81%, 0, 0, 11, 27.73, 2018189, 72, 0, 0
41066, 41, 7, 134, 0, 0, 0.81%, 0, 0, 11, 24.46, 2018350, 72, 0, 0
41071, 41, 7, 134, 0, 0, 0.81%, 0, 0, 11, 25.80, 2018485, 72, 0, 0
41076, 41, 16, 134, 0, 0, 0.81%, 0, 0, 11, 25.64, 2018617, 72, 0, 0
41081, 41, 16, 134, 0, 0, 0.81%, 0, 0, 11, 25.84, 2018750, 72, 0, 0
41087, 41, 10, 134, 0, 0, 0.81%, 0, 0, 11, 26.25, 2018935, 72, 0, 0
41092, 41, 10, 134, 0, 0, 0.81%, 0, 0, 11, 27.22, 2019079, 72, 0, 0
41097, 41, 52, 134, 0, 0, 0.81%, 0, 0, 11, 26.38, 2019216, 72, 0, 0
41102, 41, 52, 134, 0, 0, 0.81%, 0, 0, 11, 25.29, 2019345, 72, 0, 0
41107, 41, 52, 134, 0, 0, 0.81%, 0, 0, 11, 25.71, 2019476, 72, 0, 0
41112, 41, 124, 134, 0, 0, 0.81%, 0, 0, 11, 186.29, 2019809, 72, 0, 0
41117, 41, 100, 134, 0, 0, 0.81%, 0, 0, 11, 27.61, 2020045, 72, 0, 0
41122, 41, 100, 134, 0, 0, 0.81%, 0, 0, 11, 26.97, 2020180, 72, 0, 0
41128, 41, 100, 134, 0, 0, 0.81%, 0, 0, 11, 26.73, 2020316, 72, 0, 0
41133, 41, 100, 134, 0, 0, 0.81%, 0, 0, 11, 26.53, 2020451, 72, 0, 0
41138, 41, 58, 134, 0, 0, 0.81%, 0, 0, 11, 25.21, 2020579, 72, 0, 0
41143, 41, 58, 134, 0, 0, 0.81%, 0, 0, 11, 25.89, 2020712, 72, 0, 0
41148, 41, 58, 134, 0, 0, 0.81%, 0, 0, 11, 25.01, 2020836, 72, 0, 0
41153, 41, 58, 134, 0, 0, 0.81%, 0, 0, 11, 27.48, 2020979, 72, 0, 0
41158, 41, 65, 134, 0, 0, 0.81%, 0, 0, 11, 27.40, 2021160, 72, 0, 0
41164, 41, 65, 134, 0, 0, 0.81%, 0, 0, 11, 25.99, 2021293, 72, 0, 0
41169, 41, 65, 134, 0, 0, 0.81%, 0, 0, 11, 26.08, 2021429, 72, 0, 0
41174, 41, 65, 134, 0, 0, 0.81%, 0, 0, 11, 26.56, 2021566, 72, 0, 0
41179, 41, 65, 134, 0, 0, 0.81%, 0, 0, 11, 26.06, 2021697, 72, 0, 0
41184, 41, 100, 134, 0, 0, 0.81%, 0, 0, 11, 26.40, 2021834, 72, 0, 0
41189, 41, 100, 134, 0, 0, 0.81%, 0, 0, 11, 31.79, 2022033, 72, 0, 0
41194, 41, 100, 134, 0, 0, 0.81%, 0, 0, 11, 27.11, 2022162, 72, 0, 0
41199, 41, 100, 134, 0, 0, 0.81%, 0, 0, 11, 26.91, 2022293, 72, 0, 0
41205, 41, 111, 134, 0, 0, 0.81%, 0, 0, 11, 29.94, 2022444, 72, 0, 0
41210, 41, 111, 134, 0, 0, 0.81%, 0, 0, 11, 25.73, 2022656, 72, 0, 0
41215, 41, 111, 134, 0, 0, 0.81%, 0, 0, 11, 25.50, 2022788, 72, 0, 0
41220, 41, 111, 134, 0, 0, 0.81%, 0, 0, 11, 27.93, 2022930, 72, 0, 0
41225, 41, 111, 134, 0, 0, 0.81%, 0, 0, 11, 27.63, 2023068, 72, 0, 0
41230, 41, 111, 134, 0, 0, 0.81%, 0, 0, 11, 26.38, 2023201, 72, 0, 0
41235, 41, 111, 134, 0, 0, 0.81%, 0, 0, 11, 25.68, 2023329, 72, 0, 0
41240, 41, 111, 134, 0, 0, 0.81%, 0, 0, 11, 24.75, 2023454, 72, 0, 0
41245, 41, 111, 134, 0, 0, 0.81%, 0, 0, 11, 26.79, 2023616, 72, 0, 0
41251, 41, 57, 134, 0, 0, 0.81%, 0, 0, 11, 26.54, 2023757, 72, 0, 0
41256, 41, 57, 134, 0, 0, 0.81%, 0, 0, 11, 26.75, 2023939, 72, 0, 0
41261, 41, 57, 134, 0, 0, 0.81%, 0, 0, 11, 26.18, 2024076, 72, 0, 0
41266, 41, 57, 134, 0, 0, 0.81%, 0, 0, 11, 26.70, 2024210, 72, 0, 0
41271, 41, 30, 134, 0, 0, 0.81%, 0, 0, 11, 25.67, 2024338, 72, 0, 0
41276, 41, 30, 134, 0, 0, 0.81%, 0, 0, 11, 25.90, 2024470, 72, 0, 0
41281, 41, 30, 134, 0, 0, 0.81%, 0, 0, 11, 25.41, 2024601, 72, 0, 0
41286, 41, 30, 134, 0, 0, 0.81%, 0, 0, 11, 26.12, 2024734, 72, 0, 0
41291, 41, 30, 134, 0, 0, 0.81%, 0, 0, 11, 24.90, 2024860, 72, 0, 0
41297, 41, 111, 134, 0, 0, 0.81%, 0, 0, 11, 25.32, 2024991, 72, 0, 0
41302, 41, 111, 134, 0, 0, 0.81%, 0, 0, 11, 26.66, 2025128, 72, 0, 0
41307, 41, 111, 134, 0, 0, 0.81%, 0, 0, 11, 26.41, 2025261, 72, 0, 0
41312, 41, 111, 134, 0, 0, 0.81%, 0, 0, 11, 26.32, 2025394, 72, 0, 0
41317, 41, 111, 134, 0, 0, 0.81%, 0, 0, 11, 25.04, 2025523, 72, 0, 0
41322, 41, 111, 134, 0, 0, 0.81%, 0, 0, 11, 25.58, 2025654, 72, 0, 0
41327, 41, 111, 134, 0, 0, 0.81%, 0, 0, 11, 25.89, 2025785, 72, 0, 0
41332, 41, 111, 134, 0, 0, 0.81%, 0, 0, 11, 24.93, 2025914, 72, 0, 0
41337, 41, 111, 134, 0, 0, 0.81%, 0, 0, 11, 25.06, 2026041, 72, 0, 0
41342, 41, 111, 134, 0, 0, 0.81%, 0, 0, 11, 25.18, 2026169, 72, 0, 0
41348, 41, 17, 134, 0, 0, 0.81%, 0, 0, 11, 25.40, 2026301, 72, 0, 0
41353, 41, 17, 134, 0, 0, 0.81%, 0, 0, 11, 25.20, 2026429, 72, 0, 0
41358, 41, 17, 134, 0, 0, 0.81%, 0, 0, 11, 25.53, 2026561, 72, 0, 0
41363, 41, 23, 134, 0, 0, 0.81%, 0, 0, 11, 25.74, 2026692, 72, 0, 0
41368, 41, 23, 134, 0, 0, 0.81%, 0, 0, 11, 25.55, 2026821, 72, 0, 0
41373, 42, 57, 134, 0, 0, 0.81%, 0, 0, 11, 25.81, 2026950, 72, 0, 0
41378, 42, 57, 134, 0, 0, 0.81%, 0, 0, 11, 26.31, 2027085, 72, 0, 0
41383, 42, 57, 134, 0, 0, 0.81%, 0, 0, 11, 27.02, 2027224, 72, 0, 0
41388, 42, 57, 134, 0, 0, 0.81%, 0, 0, 11, 26.21, 2027359, 72, 0, 0
41393, 42, 34, 134, 0, 0, 0.81%, 0, 0, 11, 26.20, 2027491, 72, 0, 0
41399, 42, 34, 134, 0, 0, 0.81%, 0, 0, 11, 26.11, 2027627, 72, 0, 0
41404, 42, 34, 134, 0, 0, 0.81%, 0, 0, 11, 25.30, 2027755, 72, 0, 0
41409, 42, 18, 134, 0, 0, 0.81%, 0, 0, 11, 25.12, 2027883, 72, 0, 0
41414, 42, 18, 134, 0, 0, 0.81%, 0, 0, 11, 25.38, 2028016, 72, 0, 0
41419, 42, 59, 134, 0, 0, 0.81%, 0, 0, 11, 25.68, 2028146, 72, 0, 0
41424, 42, 98, 134, 0, 0, 0.81%, 0, 0, 11, 26.28, 2028280, 72, 0, 0
41429, 42, 74, 134, 0, 0, 0.81%, 0, 0, 11, 25.26, 2028408, 72, 0, 0
41434, 42, 74, 134, 0, 0, 0.81%, 0, 0, 11, 24.28, 2028530, 72, 0, 0
41439, 42, 74, 134, 0, 0, 0.81%, 0, 0, 11, 26.29, 2028665, 72, 0, 0
41444, 42, 74, 134, 0, 0, 0.81%, 0, 0, 11, 26.11, 2028795, 72, 0, 0
41450, 42, 99, 134, 0, 0, 0.81%, 0, 0, 11, 25.52, 2028928, 72, 0, 0
41455, 42, 99, 134, 0, 0, 0.81%, 0, 0, 11, 24.95, 2029056, 72, 0, 0
41460, 42, 99, 134, 0, 0, 0.81%, 0, 0, 11, 26.72, 2029236, 72, 0, 0
41465, 42, 99, 134, 0, 0, 0.81%, 0, 0, 11, 26.36, 2029373, 72, 0, 0
41470, 42, 111, 134, 0, 0, 0.81%, 0, 0, 11, 26.55, 2029551, 72, 0, 0
41475, 42, 111, 134, 0, 0, 0.81%, 0, 0, 11, 26.25, 2029685, 72, 0, 0
41480, 42, 111, 134, 0, 0, 0.81%, 0, 0, 11, 27.87, 2029825, 72, 0, 0
41486, 42, 111, 134, 0, 0, 0.81%, 0, 0, 11, 27.06, 2029967, 72, 0, 0
41491, 42, 111, 134, 0, 0, 0.81%, 0, 0, 11, 26.47, 2030098, 72, 0, 0
41496, 42, 111, 134, 0, 0, 0.81%, 0, 0, 11, 25.77, 2030228, 72, 0, 0
41501, 42, 111, 134, 0, 0, 0.81%, 0, 0, 11, 26.61, 2030366, 72, 0, 0
41506, 42, 111, 134, 0, 0, 0.81%, 0, 0, 11, 25.09, 2030492, 72, 0, 0
41511, 42, 111, 134, 0, 0, 0.81%, 0, 0, 11, 25.58, 2030623, 72, 0, 0
41516, 42, 111, 134, 0, 0, 0.81%, 0, 0, 11, 25.88, 2030754, 72, 0, 0
41521, 42, 10, 134, 0, 0, 0.81%, 0, 0, 11, 25.85, 2030887, 72, 0, 0
41527, 42, 10, 134, 0, 0, 0.81%, 0, 0, 11, 25.45, 2031015, 72, 0, 0
41532, 42, 111, 134, 0, 0, 0.81%, 0, 0, 11, 25.55, 2031147, 72, 0, 0
41537, 42, 111, 134, 0, 0, 0.81%, 0, 0, 11, 25.33, 2031279, 72, 0, 0
41542, 42, 111, 134, 0, 0, 0.81%, 0, 0, 11, 25.65, 2031413, 72, 0, 0
41547, 42, 111, 134, 0, 0, 0.81%, 0, 0, 11, 24.57, 2031535, 72, 0, 0
41552, 42, 111, 134, 0, 0, 0.81%, 0, 0, 11, 25.36, 2031667, 72, 0, 0
41557, 42, 111, 134, 0, 0, 0.81%, 0, 0, 11, 25.61, 2031800, 72, 0, 0
41563, 42, 111, 134, 0, 0, 0.81%, 0, 0, 11, 25.88, 2031933, 72, 0, 0
41568, 42, 111, 134, 0, 0, 0.81%, 0, 0, 11, 25.30, 2032060, 72, 0, 0
41573, 42, 111, 134, 0, 0, 0.81%, 0, 0, 11, 26.24, 2032283, 72, 0, 0
41578, 42, 111, 134, 0, 0, 0.81%, 0, 0, 11, 26.12, 2032414, 72, 0, 0
41583, 42, 7, 134, 0, 0, 0.81%, 0, 0, 11, 27.74, 2032552, 72, 0, 0
41588, 42, 7, 134, 0, 0, 0.81%, 0, 0, 11, 24.36, 2032736, 72, 0, 0
41593, 42, 45, 134, 0, 0, 0.81%, 0, 0, 11, 25.62, 2032869, 72, 0, 0
41598, 42, 45, 134, 0, 0, 0.81%, 0, 0, 11, 27.53, 2033016, 72, 0, 0
41603, 42, 45, 134, 0, 0, 0.81%, 0, 0, 11, 26.96, 2033196, 72, 0, 0
41608, 42, 45, 134, 0, 0, 0.81%, 0, 0, 11, 26.22, 2033325, 72, 0, 0
41613, 42, 100, 134, 0, 0, 0.81%, 0, 0, 11, 25.81, 2033523, 72, 0, 0
41618, 42, 100, 134, 0, 0, 0.81%, 0, 0, 11, 26.42, 2033702, 72, 0, 0
41624, 42, 16, 134, 0, 0, 0.81%, 0, 0, 11, 156.40, 2034098, 72, 0, 0
41629, 42, 16, 134, 0, 0, 0.81%, 0, 0, 11, 27.18, 2034232, 72, 0, 0
41634, 42, 57, 134, 0, 0, 0.81%, 0, 0, 11, 26.59, 2034366, 72, 0, 0
41639, 42, 57, 134, 0, 0, 0.81%, 0, 0, 11, 27.98, 2034507, 72, 0, 0
41644, 42, 57, 134, 0, 0, 0.81%, 0, 0, 11, 26.56, 2034641, 72, 0, 0
41649, 42, 57, 134, 0, 0, 0.81%, 0, 0, 11, 24.85, 2034764, 72, 0, 0
41654, 42, 57, 134, 0, 0, 0.81%, 0, 0, 11, 28.74, 2034912, 72, 0, 0
41659, 42, 57, 134, 0, 0, 0.81%, 0, 0, 11, 26.79, 2035052, 72, 0, 0
41664, 42, 57, 134, 0, 0, 0.81%, 0, 0, 11, 26.18, 2035182, 72, 0, 0
41670, 42, 57, 134, 0, 0, 0.81%, 0, 0, 11, 27.15, 2035352, 72, 0, 0
41675, 42, 54, 134, 0, 0, 0.81%, 0, 0, 11, 26.88, 2035491, 72, 0, 0
41680, 42, 32, 134, 0, 0, 0.81%, 0, 0, 11, 28.35, 2035634, 72, 0, 0
41685, 42, 32, 134, 0, 0, 0.81%, 0, 0, 11, 27.10, 2035765, 72, 0, 0
41690, 42, 32, 134, 0, 0, 0.81%, 0, 0, 11, 26.48, 2035899, 72, 0, 0
41695, 42, 32, 134, 0, 0, 0.81%, 0, 0, 11, 26.47, 2036034, 72, 0, 0
41700, 42, 99, 134, 0, 0, 0.81%, 0, 0, 11, 26.29, 2036171, 72, 0, 0
41705, 42, 99, 134, 0, 0, 0.81%, 0, 0, 11, 25.84, 2036301, 72, 0, 0
41711, 42, 99, 134, 0, 0, 0.81%, 0, 0, 11, 25.19, 2036430, 72, 0, 0
41716, 42, 99, 134, 0, 0, 0.81%, 0, 0, 11, 25.81, 2036561, 72, 0, 0
41721, 42, 99, 134, 0, 0, 0.81%, 0, 0, 11, 26.43, 2036697, 72, 0, 0
41726, 42, 27, 134, 0, 0, 0.81%, 0, 0, 11, 26.71, 2036841, 72, 0, 0
41731, 42, 27, 134, 0, 0, 0.81%, 0, 0, 11, 27.08, 2036980, 72, 0, 0
41736, 42, 58, 134, 0, 0, 0.81%, 0, 0, 11, 25.24, 2037114, 72, 0, 0
41741, 42, 58, 134, 0, 0, 0.81%, 0, 0, 11, 26.07, 2037248, 72, 0, 0
41747, 42, 58, 134, 0, 0, 0.81%, 0, 0, 11, 26.17, 2037385, 72, 0, 0
41752, 42, 58, 134, 0, 0, 0.81%, 0, 0, 11, 26.95, 2037521, 72, 0, 0
41757, 42, 80, 134, 0, 0, 0.81%, 0, 0, 11, 27.05, 2037657, 72, 0, 0
41762, 42, 80, 134, 0, 0, 0.81%, 0, 0, 11, 26.44, 2037794, 72, 0, 0
41767, 42, 80, 134, 0, 0, 0.81%, 0, 0, 11, 26.79, 2037927, 72, 0, 0
41772, 42, 80, 134, 0, 0, 0.81%, 0, 0, 11, 24.21, 2038096, 72, 0, 0
41777, 42, 80, 134, 0, 0, 0.81%, 0, 0, 11, 25.91, 2038230, 72, 0, 0
41782, 42, 129, 134, 0, 0, 0.81%, 0, 0, 11, 26.73, 2038368, 72, 0, 0
41787, 42, 98, 134, 0, 0, 0.81%, 0, 0, 11, 27.78, 2038509, 72, 0, 0
41793, 42, 131, 134, 0, 0, 0.81%, 0, 0, 11, 27.50, 2038649, 72, 0, 0
41798, 42, 14, 134, 0, 0, 0.81%, 0, 0, 11, 25.79, 2038782, 72, 0, 0
41803, 42, 14, 134, 0, 0, 0.81%, 0, 0, 11, 25.85, 2038917, 72, 0, 0
41808, 42, 57, 134, 0, 0, 0.81%, 0, 0, 11, 27.12, 2039133, 72, 0, 0
41813, 42, 57, 134, 0, 0, 0.81%, 0, 0, 11, 26.74, 2039266, 72, 0, 0
41818, 42, 57, 134, 0, 0, 0.81%, 0, 0, 11, 27.65, 2039460, 72, 0, 0
41823, 42, 95, 134, 0, 0, 0.81%, 0, 0, 11, 26.04, 2039595, 72, 0, 0
41829, 42, 95, 134, 0, 0, 0.81%, 0, 0, 11, 227.07, 2039898, 72, 0, 0
41834, 42, 95, 134, 0, 0, 0.81%, 0, 0, 11, 26.02, 2040036, 72, 0, 0
41839, 42, 47, 134, 0, 0, 0.81%, 0, 0, 11, 26.21, 2040171, 72, 0, 0
41844, 42, 47, 134, 0, 0, 0.81%, 0, 0, 11, 26.00, 2040306, 72, 0, 0
41849, 42, 47, 134, 0, 0, 0.81%, 0, 0, 11, 27.10, 2040480, 72, 0, 0
41854, 42, 47, 134, 0, 0, 0.81%, 0, 0, 11, 26.40, 2040612, 72, 0, 0
41860, 42, 61, 134, 0, 0, 0.81%, 0, 0, 11, 27.10, 2040750, 72, 0, 0
41865, 42, 61, 134, 0, 0, 0.81%, 0, 0, 11, 27.05, 2040886, 72, 0, 0
41870, 42, 61, 134, 0, 0, 0.81%, 0, 0, 11, 33.22, 2041051, 72, 0, 0
41875, 42, 18, 134, 0, 0, 0.81%, 0, 0, 11, 29.02, 2041353, 72, 0, 0
41880, 42, 18, 134, 0, 0, 0.81%, 0, 0, 11, 26.29, 2041484, 72, 0, 0
41885, 42, 18, 134, 0, 0, 0.81%, 0, 0, 11, 25.25, 2041611, 72, 0, 0
41890, 42, 18, 134, 0, 0, 0.81%, 0, 0, 11, 24.23, 2041801, 72, 0, 0
41896, 42, 18, 134, 0, 0, 0.81%, 0, 0, 11, 25.07, 2041935, 72, 0, 0
41901, 42, 101, 134, 0, 0, 0.81%, 0, 0, 11, 26.10, 2042069, 72, 0, 0
41906, 42, 101, 134, 0, 0, 0.81%, 0, 0, 11, 28.87, 2042216, 72, 0, 0
41911, 42, 101, 134, 0, 0, 0.81%, 0, 0, 11, 26.51, 2042352, 72, 0, 0
41916, 42, 101, 134, 0, 0, 0.81%, 0, 0, 11, 26.25, 2042484, 72, 0, 0
41921, 42, 10, 134, 0, 0, 0.81%, 0, 0, 11, 25.77, 2042613, 72, 0, 0
41926, 42, 10, 134, 0, 0, 0.81%, 0, 0, 11, 25.18, 2042743, 72, 0, 0
41931, 42, 57, 134, 0, 0, 0.81%, 0, 0, 11, 25.51, 2042874, 72, 0, 0
41936, 42, 57, 134, 0, 0, 0.81%, 0, 0, 11, 26.25, 2043006, 72, 0, 0
41942, 42, 57, 134, 0, 0, 0.81%, 0, 0, 11, 26.29, 2043142, 72, 0, 0
41947, 42, 57, 134, 0, 0, 0.81%, 0, 0, 11, 26.09, 2043315, 72, 0, 0
41952, 42, 57, 134, 0, 0, 0.81%, 0, 0, 11, 26.08, 2043447, 72, 0, 0
41957, 42, 18, 134, 0, 0, 0.81%, 0, 0, 11, 28.22, 2043634, 72, 0, 0
41962, 42, 21, 134, 0, 0, 0.81%, 0, 0, 11, 28.32, 2043776, 72, 0, 0
41967, 42, 21, 134, 0, 0, 0.81%, 0, 0, 11, 26.02, 2043901, 72, 0, 0
41972, 42, 21, 134, 0, 0, 0.81%, 0, 0, 11, 26.46, 2044038, 72, 0, 0
41977, 42, 61, 134, 0, 0, 0.81%, 0, 0, 11, 27.47, 2044181, 72, 0, 0
41982, 42, 61, 134, 0, 0, 0.81%, 0, 0, 11, 25.64, 2044306, 72, 0, 0
41987, 42, 61, 134, 0, 0, 0.81%, 0, 0, 11, 25.42, 2044433, 72, 0, 0
41993, 42, 61, 134, 0, 0, 0.81%, 0, 0, 11, 27.31, 2044575, 72, 0, 0
41998, 42, 55, 134, 0, 0, 0.81%, 0, 0, 11, 28.46, 2044762, 72, 0, 0
42003, 42, 98, 134, 0, 0, 0.81%, 0, 0, 11, 27.25, 2044900, 72, 0, 0
42008, 42, 9, 134, 0, 0, 0.81%, 0, 0, 11, 25.39, 2045158, 72, 0, 0
42013, 42, 35, 134, 0, 0, 0.81%, 0, 0, 11, 25.00, 2045326, 72, 0, 0
42018, 42, 35, 134, 0, 0, 0.81%, 0, 0, 11, 26.26, 2045467, 72, 0, 0
42023, 42, 36, 134, 0, 0, 0.81%, 0, 0, 11, 23.72, 2045896, 72, 0, 0
42029, 42, 34, 134, 0, 0, 0.81%, 0, 0, 11, 26.31, 2046077, 72, 0, 0
42034, 42, 35, 134, 0, 0, 0.81%, 0, 0, 11, 28.14, 2046223, 72, 0, 0
42039, 42, 35, 134, 0, 0, 0.81%, 0, 0, 11, 25.40, 2046349, 72, 0, 0
42044, 42, 35, 134, 0, 0, 0.81%, 0, 0, 11, 25.25, 2046475, 72, 0, 0
42049, 42, 23, 134, 0, 0, 0.81%, 0, 0, 11, 26.96, 2046619, 72, 0, 0
42054, 42, 23, 134, 0, 0, 0.81%, 0, 0, 11, 25.77, 2046748, 72, 0, 0
42059, 42, 98, 134, 0, 0, 0.81%, 0, 0, 11, 25.84, 2046880, 72, 0, 0
42064, 42, 46, 134, 0, 0, 0.81%, 0, 0, 11, 25.11, 2047007, 72, 0, 0
42069, 42, 46, 134, 0, 0, 0.81%, 0, 0, 11, 28.12, 2047186, 72, 0, 0
42074, 42, 46, 134, 0, 0, 0.81%, 0, 0, 11, 31.04, 2047339, 72, 0, 0
42079, 42, 46, 134, 0, 0, 0.81%, 0, 0, 11, 27.14, 2047471, 72, 0, 0
42085, 42, 57, 134, 0, 0, 0.81%, 0, 0, 11, 26.17, 2047605, 72, 0, 0
42090, 42, 57, 134, 0, 0, 0.81%, 0, 0, 11, 26.03, 2047739, 72, 0, 0
42095, 42, 57, 134, 0, 0, 0.81%, 0, 0, 11, 25.99, 2047871, 72, 0, 0
42100, 42, 57, 134, 0, 0, 0.81%, 0, 0, 11, 25.78, 2048005, 72, 0, 0
42105, 42, 57, 134, 0, 0, 0.81%, 0, 0, 11, 25.76, 2048141, 72, 0, 0
42110, 42, 14, 134, 0, 0, 0.81%, 0, 0, 11, 25.48, 2048274, 72, 0, 0
42116, 42, 14, 134, 0, 0, 0.81%, 0, 0, 11, 25.73, 2048406, 72, 0, 0
42121, 42, 11, 134, 0, 0, 0.81%, 0, 0, 11, 26.33, 2048540, 72, 0, 0
42126, 42, 27, 134, 0, 0, 0.81%, 0, 0, 11, 30.24, 2048691, 72, 0, 0
42131, 42, 27, 134, 0, 0, 0.81%, 0, 0, 11, 28.85, 2048833, 72, 0, 0
42136, 42, 34, 134, 0, 0, 0.81%, 0, 0, 11, 26.60, 2048964, 72, 0, 0
42141, 42, 34, 134, 0, 0, 0.81%, 0, 0, 11, 27.82, 2049100, 72, 0, 0
42146, 42, 61, 134, 0, 0, 0.81%, 0, 0, 11, 26.14, 2049230, 72, 0, 0
42151, 42, 61, 134, 0, 0, 0.81%, 0, 0, 11, 27.10, 2049370, 72, 0, 0
42156, 42, 61, 134, 0, 0, 0.81%, 0, 0, 11, 28.38, 2049519, 72, 0, 0
42161, 42, 61, 134, 0, 0, 0.81%, 0, 0, 11, 26.59, 2049650, 72, 0, 0
42167, 42, 119, 134, 0, 0, 0.81%, 0, 0, 11, 24.05, 2049774, 72, 0, 0
42172, 42, 7, 134, 0, 0, 0.81%, 0, 0, 11, 24.47, 2049898, 72, 0, 0
42177, 42, 7, 134, 0, 0, 0.81%, 0, 0, 11, 25.57, 2050030, 72, 0, 0
42182, 42, 47, 134, 0, 0, 0.81%, 0, 0, 11, 27.53, 2050176, 72, 0, 0
42187, 42, 47, 134, 0, 0, 0.81%, 0, 0, 11, 27.65, 2050313, 72, 0, 0
42192, 42, 47, 134, 0, 0, 0.81%, 0, 0, 11, 27.33, 2050453, 72, 0, 0
42197, 42, 47, 134, 0, 0, 0.81%, 0, 0, 11, 26.60, 2050589, 72, 0, 0
42202, 42, 101, 134, 0, 0, 0.81%, 0, 0, 11, 25.86, 2050719, 72, 0, 0
42208, 42, 101, 134, 0, 0, 0.81%, 0, 0, 11, 25.87, 2050854, 72, 0, 0
42213, 42, 101, 134, 0, 0, 0.81%, 0, 0, 11, 30.75, 2051033, 72, 0, 0
42218, 42, 101, 134, 0, 0, 0.81%, 0, 0, 11, 28.97, 2051175, 72, 0, 0
42223, 42, 57, 134, 0, 0, 0.81%, 0, 0, 11, 28.21, 2051442, 72, 0, 0
42228, 42, 57, 134, 0, 0, 0.81%, 0, 0, 11, 25.89, 2051575, 72, 0, 0
42233, 42, 57, 134, 0, 0, 0.81%, 0, 0, 11, 26.39, 2051709, 72, 0, 0
42238, 42, 57, 134, 0, 0, 0.81%, 0, 0, 11, 242.93, 2051900, 72, 0, 0
42243, 42, 52, 134, 0, 0, 0.81%, 0, 0, 11, 27.75, 2052035, 72, 0, 0
42248, 42, 52, 134, 0, 0, 0.81%, 0, 0, 11, 27.44, 2052170, 72, 0, 0
42253, 42, 52, 134, 0, 0, 0.81%, 0, 0, 11, 26.22, 2052304, 72, 0, 0
42258, 42, 52, 134, 0, 0, 0.81%, 0, 0, 11, 26.62, 2052438, 72, 0, 0
42264, 42, 47, 134, 0, 0, 0.81%, 0, 0, 11, 27.47, 2052580, 72, 0, 0
42269, 42, 47, 134, 0, 0, 0.81%, 0, 0, 11, 25.28, 2052705, 72, 0, 0
42274, 42, 47, 134, 0, 0, 0.81%, 0, 0, 11, 24.74, 2052886, 72, 0, 0
42279, 42, 47, 134, 0, 0, 0.81%, 0, 0, 11, 36.28, 2053119, 72, 0, 0
42284, 42, 58, 134, 0, 0, 0.81%, 0, 0, 11, 29.08, 2053258, 72, 0, 0
42289, 42, 58, 134, 0, 0, 0.81%, 0, 0, 11, 28.94, 2053406, 72, 0, 0
42294, 42, 58, 134, 0, 0, 0.81%, 0, 0, 11, 27.15, 2053594, 72, 0, 0
42299, 42, 23, 134, 0, 0, 0.81%, 0, 0, 11, 26.15, 2053727, 72, 0, 0
42304, 42, 23, 134, 0, 0, 0.81%, 0, 0, 11, 291.81, 2053965, 72, 0, 0
42310, 42, 27, 134, 0, 0, 0.81%, 0, 0, 11, 198.96, 2054384, 72, 0, 0
42315, 42, 111, 134, 0, 0, 0.81%, 0, 0, 11, 26.89, 2054545, 72, 0, 0
42320, 42, 111, 134, 0, 0, 0.81%, 0, 0, 11, 27.23, 2054685, 72, 0, 0
42325, 42, 111, 134, 0, 0, 0.81%, 0, 0, 11, 29.23, 2054853, 72, 0, 0
42330, 42, 111, 134, 0, 0, 0.81%, 0, 0, 11, 27.15, 2054988, 72, 0, 0
42335, 42, 111, 134, 0, 0, 0.81%, 0, 0, 11, 25.89, 2055120, 72, 0, 0
42340, 42, 111, 134, 0, 0, 0.81%, 0, 0, 11, 26.12, 2055251, 72, 0, 0
42345, 42, 111, 134, 0, 0, 0.81%, 0, 0, 11, 26.15, 2055380, 72, 0, 0
42350, 42, 111, 134, 0, 0, 0.81%, 0, 0, 11, 30.68, 2055532, 72, 0, 0
42356, 42, 111, 134, 0, 0, 0.81%, 0, 0, 11, 27.53, 2055664, 72, 0, 0
42361, 42, 35, 134, 0, 0, 0.81%, 0, 0, 11, 26.82, 2055801, 72, 0, 0
42366, 42, 57, 134, 0, 0, 0.81%, 0, 0, 11, 26.80, 2056102, 72, 0, 0
42371, 42, 57, 134, 0, 0, 0.81%, 0, 0, 11, 27.73, 2056243, 72, 0, 0
42376, 42, 57, 134, 0, 0, 0.81%, 0, 0, 11, 22.88, 2056434, 72, 0, 0
42381, 42, 57, 134, 0, 0, 0.81%, 0, 0, 11, 24.89, 2056563, 72, 0, 0
42386, 42, 47, 134, 0, 0, 0.81%, 0, 0, 11, 25.30, 2056690, 72, 0, 0
42391, 42, 47, 134, 0, 0, 0.81%, 0, 0, 11, 25.67, 2056816, 72, 0, 0
42396, 42, 47, 134, 0, 0, 0.81%, 0, 0, 11, 31.00, 2057011, 72, 0, 0
42401, 42, 47, 134, 0, 0, 0.81%, 0, 0, 11, 27.09, 2057140, 72, 0, 0
42406, 42, 33, 134, 0, 0, 0.81%, 0, 0, 11, 24.78, 2057265, 72, 0, 0
42411, 42, 33, 134, 0, 0, 0.81%, 0, 0, 11, 25.50, 2057395, 72, 0, 0
42417, 42, 33, 134, 0, 0, 0.81%, 0, 0, 11, 26.75, 2057531, 72, 0, 0
42422, 42, 47, 134, 0, 0, 0.81%, 0, 0, 11, 26.08, 2057664, 72, 0, 0
42427, 42, 47, 134, 0, 0, 0.81%, 0, 0, 11, 30.00, 2057823, 72, 0, 0
42432, 42, 47, 134, 0, 0, 0.81%, 0, 0, 11, 26.89, 2057956, 72, 0, 0
42437, 42, 47, 134, 0, 0, 0.81%, 0, 0, 11, 26.84, 2058096, 72, 0, 0
42442, 42, 9, 134, 0, 0, 0.81%, 0, 0, 11, 27.36, 2058237, 72, 0, 0
42447, 42, 9, 134, 0, 0, 0.81%, 0, 0, 11, 26.54, 2058372, 72, 0, 0
42452, 42, 30, 134, 0, 0, 0.81%, 0, 0, 11, 31.78, 2058540, 72, 0, 0
42458, 42, 30, 134, 0, 0, 0.81%, 0, 0, 11, 27.30, 2058675, 72, 0, 0
42463, 42, 52, 134, 0, 0, 0.81%, 0, 0, 11, 25.84, 2058852, 72, 0, 0
42468, 42, 52, 134, 0, 0, 0.81%, 0, 0, 11, 25.51, 2058979, 72, 0, 0
42473, 42, 38, 134, 0, 0, 0.81%, 0, 0, 11, 27.69, 2059171, 72, 0, 0
42478, 42, 36, 134, 0, 0, 0.81%, 0, 0, 11, 26.53, 2059305, 72, 0, 0
42483, 42, 7, 134, 0, 0, 0.81%, 0, 0, 11, 28.82, 2059613, 72, 0, 0
42488, 42, 7, 134, 0, 0, 0.81%, 0, 0, 11, 27.63, 2059748, 72, 0, 0
42493, 42, 45, 134, 0, 0, 0.81%, 0, 0, 11, 26.71, 2059960, 72, 0, 0
42499, 42, 45, 134, 0, 0, 0.81%, 0, 0, 11, 25.61, 2060149, 72, 0, 0
42504, 42, 32, 134, 0, 0, 0.81%, 0, 0, 11, 24.90, 2060509, 72, 0, 0
42509, 42, 32, 134, 0, 0, 0.81%, 0, 0, 11, 25.00, 2060636, 72, 0, 0
42514, 42, 32, 134, 0, 0, 0.81%, 0, 0, 11, 25.25, 2060805, 72, 0, 0
42519, 42, 45, 134, 0, 0, 0.81%, 0, 0, 11, 24.77, 2061057, 72, 0, 0
42524, 42, 45, 134, 0, 0, 0.81%, 0, 0, 11, 25.30, 2061188, 72, 0, 0
42529, 42, 45, 134, 0, 0, 0.81%, 0, 0, 11, 25.79, 2061324, 72, 0, 0
42534, 42, 45, 134, 0, 0, 0.81%, 0, 0, 11, 26.70, 2061458, 72, 0, 0
42540, 42, 45, 134, 0, 0, 0.81%, 0, 0, 11, 26.75, 2061595, 72, 0, 0
42545, 42, 100, 134, 0, 0, 0.81%, 0, 0, 11, 24.90, 2061772, 72, 0, 0
42550, 42, 100, 134, 0, 0, 0.81%, 0, 0, 11, 24.79, 2061901, 72, 0, 0
42555, 42, 100, 134, 0, 0, 0.81%, 0, 0, 11, 25.47, 2062030, 72, 0, 0
42560, 42, 100, 134, 0, 0, 0.81%, 0, 0, 11, 25.46, 2062159, 72, 0, 0
42565, 42, 133, 134, 0, 0, 0.81%, 0, 0, 11, 26.50, 2062298, 72, 0, 0
42570, 42, 11, 134, 0, 0, 0.81%, 0, 0, 11, 25.42, 2062428, 72, 0, 0
42575, 42, 32, 134, 0, 0, 0.81%, 0, 0, 11, 25.76, 2062557, 72, 0, 0
42580, 42, 32, 134, 0, 0, 0.81%, 0, 0, 11, 25.66, 2062685, 72, 0, 0
42585, 42, 34, 134, 0, 0, 0.81%, 0, 0, 11, 25.63, 2062816, 72, 0, 0
42590, 42, 34, 134, 0, 0, 0.81%, 0, 0, 11, 25.12, 2062942, 72, 0, 0
42596, 42, 34, 134, 0, 0, 0.81%, 0, 0, 11, 24.64, 2063071, 72, 0, 0
42601, 42, 55, 134, 0, 0, 0.81%, 0, 0, 11, 25.36, 2063203, 72, 0, 0
42606, 42, 34, 134, 0, 0, 0.81%, 0, 0, 11, 26.08, 2063340, 72, 0, 0
42611, 42, 34, 134, 0, 0, 0.81%, 0, 0, 11, 25.90, 2063474, 72, 0, 0
42616, 42, 45, 134, 0, 0, 0.81%, 0, 0, 11, 26.96, 2063607, 72, 0, 0
42621, 42, 45, 134, 0, 0, 0.81%, 0, 0, 11, 25.52, 2063736, 72, 0, 0
42626, 42, 45, 134, 0, 0, 0.81%, 0, 0, 11, 25.24, 2063863, 72, 0, 0
42631, 42, 45, 134, 0, 0, 0.81%, 0, 0, 11, 27.33, 2064004, 72, 0, 0
42636, 42, 129, 134, 0, 0, 0.81%, 0, 0, 11, 26.98, 2064138, 72, 0, 0
42642, 42, 54, 134, 0, 0, 0.81%, 0, 0, 11, 24.77, 2064262, 72, 0, 0
42647, 42, 52, 134, 0, 0, 0.81%, 0, 0, 11, 25.94, 2064393, 72, 0, 0
42652, 42, 52, 134, 0, 0, 0.81%, 0, 0, 11, 28.10, 2064535, 72, 0, 0
42657, 42, 14, 134, 0, 0, 0.81%, 0, 0, 11, 26.64, 2064672, 72, 0, 0
42662, 42, 14, 134, 0, 0, 0.81%, 0, 0, 11, 264.32, 2064856, 72, 0, 0
42667, 42, 34, 134, 0, 0, 0.81%, 0, 0, 11, 27.16, 2064994, 72, 0, 0
42672, 42, 34, 134, 0, 0, 0.81%, 0, 0, 11, 25.09, 2065123, 72, 0, 0
42678, 42, 99, 134, 0, 0, 0.81%, 0, 0, 11, 24.72, 2065247, 72, 0, 0
42683, 42, 99, 134, 0, 0, 0.81%, 0, 0, 11, 25.32, 2065432, 72, 0, 0
42688, 42, 99, 134, 0, 0, 0.81%, 0, 0, 11, 26.22, 2065613, 72, 0, 0
42693, 42, 99, 134, 0, 0, 0.81%, 0, 0, 11, 26.84, 2065751, 72, 0, 0
42698, 42, 51, 134, 0, 0, 0.81%, 0, 0, 11, 26.72, 2065886, 72, 0, 0
42703, 42, 51, 134, 0, 0, 0.81%, 0, 0, 11, 23.95, 2066071, 72, 0, 0
42708, 42, 51, 134, 0, 0, 0.81%, 0, 0, 11, 26.11, 2066247, 72, 0, 0
42713, 42, 111, 134, 0, 0, 0.81%, 0, 0, 11, 25.98, 2066466, 72, 0, 0
42718, 42, 111, 134, 0, 0, 0.81%, 0, 0, 11, 38.90, 2066774, 72, 0, 0
42723, 42, 111, 134, 0, 0, 0.81%, 0, 0, 11, 66.38, 2067184, 72, 0, 0
42728, 42, 111, 134, 0, 0, 0.81%, 0, 0, 11, 35.06, 2067318, 72, 0, 0
42733, 42, 111, 134, 0, 0, 0.81%, 0, 0, 11, 29.61, 2067461, 72, 0, 0
42738, 42, 111, 134, 0, 0, 0.81%, 0, 0, 11, 26.41, 2067589, 72, 0, 0
42744, 42, 111, 134, 0, 0, 0.81%, 0, 0, 11, 27.43, 2067736, 72, 0, 0
42749, 42, 47, 134, 0, 0, 0.81%, 0, 0, 11, 27.50, 2067869, 72, 0, 0
42754, 42, 47, 134, 0, 0, 0.81%, 0, 0, 11, 26.17, 2068003, 72, 0, 0
42759, 42, 47, 134, 0, 0, 0.81%, 0, 0, 11, 25.49, 2068135, 72, 0, 0
42764, 42, 47, 134, 0, 0, 0.81%, 0, 0, 11, 28.51, 2068286, 72, 0, 0
42769, 42, 21, 134, 0, 0, 0.81%, 0, 0, 11, 24.67, 2068468, 72, 0, 0
42774, 42, 21, 134, 0, 0, 0.81%, 0, 0, 11, 26.20, 2068603, 72, 0, 0
42780, 42, 58, 134, 0, 0, 0.81%, 0, 0, 11, 28.07, 2068805, 72, 0, 0
42785, 42, 58, 134, 0, 0, 0.81%, 0, 0, 11, 27.40, 2068945, 72, 0, 0
42790, 42, 58, 134, 0, 0, 0.81%, 0, 0, 11, 220.00, 2069128, 72, 0, 0
42795, 42, 100, 134, 0, 0, 0.81%, 0, 0, 11, 34.21, 2069342, 72, 0, 0
42800, 42, 100, 134, 0, 0, 0.81%, 0, 0, 11, 27.83, 2069474, 72, 0, 0
42805, 42, 100, 134, 0, 0, 0.81%, 0, 0, 11, 27.89, 2069620, 72, 0, 0
42810, 42, 100, 134, 0, 0, 0.81%, 0, 0, 11, 24.65, 2069784, 72, 0, 0
42815, 42, 100, 134, 0, 0, 0.81%, 0, 0, 11, 24.99, 2069913, 72, 0, 0
42821, 42, 17, 134, 0, 0, 0.81%, 0, 0, 11, 26.59, 2070051, 72, 0, 0
42826, 42, 17, 134, 0, 0, 0.81%, 0, 0, 11, 25.40, 2070178, 72, 0, 0
42831, 42, 57, 134, 0, 0, 0.81%, 0, 0, 11, 25.01, 2070350, 72, 0, 0
42836, 42, 57, 134, 0, 0, 0.81%, 0, 0, 11, 30.78, 2070594, 72, 0, 0
42841, 42, 57, 134, 0, 0, 0.81%, 0, 0, 11, 27.00, 2070821, 72, 0, 0
42846, 42, 34, 134, 0, 0, 0.81%, 0, 0, 11, 26.02, 2070951, 72, 0, 0
42851, 42, 13, 134, 0, 0, 0.81%, 0, 0, 11, 26.17, 2071158, 72, 0, 0
42856, 42, 13, 134, 0, 0, 0.81%, 0, 0, 11, 26.32, 2071292, 72, 0, 0
42861, 42, 36, 134, 0, 0, 0.81%, 0, 0, 11, 25.64, 2071457, 72, 0, 0
42867, 42, 36, 134, 0, 0, 0.81%, 0, 0, 11, 25.79, 2071591, 72, 0, 0
42872, 42, 36, 134, 0, 0, 0.81%, 0, 0, 11, 25.44, 2071720, 72, 0, 0
42877, 42, 94, 134, 0, 0, 0.81%, 0, 0, 11, 26.93, 2071857, 72, 0, 0
42882, 42, 94, 134, 0, 0, 0.81%, 0, 0, 11, 27.66, 2071998, 72, 0, 0
42887, 42, 94, 134, 0, 0, 0.81%, 0, 0, 11, 26.66, 2072135, 72, 0, 0
42892, 42, 94, 134, 0, 0, 0.81%, 0, 0, 11, 26.15, 2072270, 72, 0, 0
42897, 42, 94, 134, 0, 0, 0.81%, 0, 0, 11, 24.76, 2072452, 72, 0, 0
42903, 42, 94, 134, 0, 0, 0.81%, 0, 0, 11, 27.35, 2072597, 72, 0, 0
42908, 42, 99, 134, 0, 0, 0.81%, 0, 0, 11, 26.54, 2072782, 72, 0, 0
42913, 42, 99, 134, 0, 0, 0.81%, 0, 0, 11, 26.75, 2072921, 72, 0, 0
42918, 42, 99, 134, 0, 0, 0.81%, 0, 0, 11, 26.73, 2073056, 72, 0, 0
42923, 42, 99, 134, 0, 0, 0.81%, 0, 0, 11, 26.62, 2073196, 72, 0, 0
42928, 42, 99, 134, 0, 0, 0.81%, 0, 0, 11, 26.12, 2073331, 72, 0, 0
42934, 42, 52, 134, 0, 0, 0.81%, 0, 0, 11, 26.93, 2073468, 72, 0, 0
42939, 42, 52, 134, 0, 0, 0.81%, 0, 0, 11, 26.85, 2073603, 72, 0, 0
42944, 42, 98, 134, 0, 0, 0.81%, 0, 0, 11, 26.16, 2073738, 72, 0, 0
42949, 42, 98, 134, 0, 0, 0.81%, 0, 0, 11, 24.77, 2073864, 72, 0, 0
42954, 42, 18, 134, 0, 0, 0.81%, 0, 0, 11, 26.57, 2074067, 72, 0, 0
42959, 42, 18, 134, 0, 0, 0.81%, 0, 0, 11, 26.65, 2074203, 72, 0, 0
42964, 42, 20, 134, 0, 0, 0.81%, 0, 0, 11, 26.45, 2074336, 72, 0, 0
42969, 42, 52, 134, 0, 0, 0.81%, 0, 0, 11, 44.07, 2074524, 72, 0, 0
42974, 42, 52, 134, 0, 0, 0.81%, 0, 0, 11, 30.81, 2074665, 72, 0, 0
42979, 42, 52, 134, 0, 0, 0.81%, 0, 0, 11, 27.22, 2074794, 72, 0, 0
42985, 42, 94, 134, 0, 0, 0.81%, 0, 0, 11, 26.28, 2074927, 72, 0, 0
42990, 42, 94, 134, 0, 0, 0.81%, 0, 0, 11, 25.86, 2075056, 72, 0, 0
42995, 42, 94, 134, 0, 0, 0.81%, 0, 0, 11, 25.75, 2075190, 72, 0, 0
43000, 42, 94, 134, 0, 0, 0.81%, 0, 0, 11, 233.61, 2075420, 72, 0, 0
43005, 42, 94, 134, 0, 0, 0.81%, 0, 0, 11, 26.48, 2075602, 72, 0, 0
43010, 42, 37, 134, 0, 0, 0.81%, 0, 0, 11, 25.98, 2075732, 72, 0, 0
43015, 42, 37, 134, 0, 0, 0.81%, 0, 0, 11, 27.10, 2075874, 72, 0, 0
43021, 42, 2, 134, 0, 0, 0.81%, 0, 0, 11, 188.00, 2076070, 72, 0, 0
43026, 42, 2, 134, 0, 0, 0.81%, 0, 0, 11, 28.16, 2076296, 72, 0, 0
43031, 42, 32, 134, 0, 0, 0.81%, 0, 0, 11, 595.00, 2076534, 72, 0, 0
43036, 42, 17, 134, 0, 0, 0.81%, 0, 0, 11, 25.22, 2076718, 72, 0, 0
43041, 42, 17, 134, 0, 0, 0.81%, 0, 0, 11, 24.73, 2076846, 72, 0, 0
43046, 42, 16, 134, 0, 0, 0.81%, 0, 0, 11, 26.94, 2076986, 72, 0, 0
43051, 42, 16, 134, 0, 0, 0.81%, 0, 0, 11, 25.42, 2077117, 72, 0, 0
43056, 43, 95, 134, 0, 0, 0.81%, 0, 0, 11, 25.53, 2077244, 72, 0, 0
43062, 43, 95, 134, 0, 0, 0.81%, 0, 0, 11, 27.13, 2077383, 72, 0, 0
43067, 43, 95, 134, 0, 0, 0.81%, 0, 0, 11, 26.05, 2077516, 72, 0, 0
43072, 43, 95, 134, 0, 0, 0.81%, 0, 0, 11, 25.99, 2077650, 72, 0, 0
43077, 43, 95, 134, 0, 0, 0.81%, 0, 0, 11, 25.25, 2077780, 72, 0, 0
43082, 43, 52, 134, 0, 0, 0.81%, 0, 0, 11, 26.64, 2077962, 72, 0, 0
43087, 43, 52, 134, 0, 0, 0.81%, 0, 0, 11, 24.51, 2078085, 72, 0, 0
43092, 43, 121, 134, 0, 0, 0.81%, 0, 0, 11, 25.99, 2078223, 72, 0, 0
43098, 43, 121, 134, 0, 0, 0.81%, 0, 0, 11, 25.90, 2078354, 72, 0, 0
43103, 43, 121, 134, 0, 0, 0.81%, 0, 0, 11, 25.51, 2078487, 72, 0, 0
43108, 43, 121, 134, 0, 0, 0.81%, 0, 0, 11, 25.21, 2078699, 72, 0, 0
43113, 43, 121, 134, 0, 0, 0.81%, 0, 0, 11, 29.66, 2078847, 72, 0, 0
43118, 43, 121, 134, 0, 0, 0.81%, 0, 0, 11, 27.38, 2078983, 72, 0, 0
43123, 43, 121, 134, 0, 0, 0.81%, 0, 0, 11, 26.15, 2079113, 72, 0, 0
43128, 43, 121, 134, 0, 0, 0.81%, 0, 0, 11, 25.20, 2079241, 72, 0, 0
43133, 43, 121, 134, 0, 0, 0.81%, 0, 0, 11, 24.78, 2079366, 72, 0, 0
43138, 43, 121, 135, 1, 0, 0.81%, 0, 0, 11, 26.74, 2079505, 72, 0, 0
43143, 43, 121, 135, 1, 0, 0.81%, 0, 0, 11, 26.91, 2079646, 72, 0, 0
43149, 43, 121, 135, 1, 0, 0.81%, 0, 0, 11, 26.37, 2079781, 72, 0, 0
43154, 43, 121, 135, 1, 0, 0.81%, 0, 0, 11, 26.01, 2079915, 72, 0, 0
43159, 43, 121, 135, 1, 0, 0.81%, 0, 0, 11, 26.70, 2080052, 72, 0, 0
43164, 43, 121, 135, 1, 0, 0.81%, 0, 0, 11, 29.66, 2080207, 72, 0, 0
43169, 43, 121, 135, 1, 0, 0.81%, 0, 0, 11, 28.22, 2080347, 72, 0, 0
43174, 43, 121, 135, 1, 0, 0.81%, 0, 0, 11, 27.15, 2080483, 72, 0, 0
43180, 43, 121, 135, 1, 0, 0.81%, 0, 0, 11, 26.76, 2080622, 72, 0, 0
43185, 43, 121, 135, 1, 0, 0.81%, 0, 0, 11, 27.10, 2080759, 72, 0, 0
43190, 43, 98, 135, 1, 0, 0.81%, 0, 0, 11, 27.95, 2080901, 72, 0, 0
43195, 43, 27, 135, 1, 0, 0.81%, 0, 0, 11, 26.24, 2081031, 72, 0, 0
43200, 43, 27, 135, 1, 0, 0.81%, 0, 0, 11, 26.21, 2081167, 72, 0, 0
43205, 43, 94, 135, 1, 0, 0.81%, 0, 0, 11, 26.18, 2081365, 72, 0, 0
43210, 43, 94, 135, 1, 0, 0.81%, 0, 0, 11, 26.19, 2081499, 72, 0, 0
43215, 43, 94, 135, 1, 0, 0.81%, 0, 0, 11, 28.39, 2081638, 72, 0, 0
43221, 43, 94, 135, 1, 0, 0.81%, 0, 0, 11, 26.82, 2081776, 72, 0, 0
43226, 43, 94, 135, 1, 0, 0.81%, 0, 0, 11, 26.51, 2081907, 72, 0, 0
43231, 43, 94, 135, 1, 0, 0.81%, 0, 0, 11, 26.36, 2082042, 72, 0, 0
43236, 43, 13, 135, 1, 0, 0.81%, 0, 0, 11, 25.64, 2082174, 72, 0, 0
43241, 43, 13, 135, 1, 0, 0.81%, 0, 0, 11, 25.50, 2082302, 72, 0, 0
43246, 43, 13, 135, 1, 0, 0.81%, 0, 0, 11, 26.99, 2082439, 72, 0, 0
43251, 43, 94, 135, 1, 0, 0.81%, 0, 0, 11, 26.94, 2082574, 72, 0, 0
43256, 43, 94, 135, 1, 0, 0.81%, 0, 0, 11, 26.00, 2082708, 72, 0, 0
43262, 43, 94, 135, 1, 0, 0.81%, 0, 0, 11, 25.26, 2082841, 72, 0, 0
43267, 43, 94, 135, 1, 0, 0.81%, 0, 0, 11, 25.62, 2082977, 72, 0, 0
43272, 43, 94, 135, 1, 0, 0.81%, 0, 0, 11, 27.43, 2083115, 72, 0, 0
43277, 43, 94, 135, 1, 0, 0.81%, 0, 0, 11, 26.98, 2083257, 72, 0, 0
43282, 43, 94, 135, 1, 0, 0.81%, 0, 0, 11, 26.68, 2083391, 72, 0, 0
43287, 43, 128, 135, 1, 0, 0.81%, 0, 0, 11, 23.52, 2083560, 72, 0, 0
43292, 43, 128, 135, 1, 0, 0.81%, 0, 0, 11, 25.24, 2083689, 72, 0, 0
43297, 43, 128, 135, 1, 0, 0.81%, 0, 0, 11, 26.98, 2083828, 72, 0, 0
43302, 43, 128, 135, 1, 0, 0.81%, 0, 0, 11, 25.52, 2084003, 72, 0, 0
43308, 43, 128, 135, 1, 0, 0.81%, 0, 0, 11, 24.74, 2084129, 72, 0, 0
43313, 43, 128, 135, 1, 0, 0.81%, 0, 0, 11, 139.05, 2084308, 72, 0, 0
43318, 43, 128, 135, 1, 0, 0.81%, 0, 0, 11, 25.02, 2084437, 72, 0, 0
43323, 43, 128, 135, 1, 0, 0.81%, 0, 0, 11, 27.34, 2084578, 72, 0, 0
43328, 43, 128, 135, 1, 0, 0.81%, 0, 0, 11, 29.46, 2084735, 72, 0, 0
43333, 43, 16, 135, 1, 0, 0.81%, 0, 0, 11, 25.47, 2084977, 72, 0, 0
43338, 43, 95, 135, 1, 0, 0.81%, 0, 0, 11, 49.33, 2085337, 72, 0, 0
43343, 43, 95, 135, 1, 0, 0.81%, 0, 0, 11, 21.05, 2085766, 72, 0, 0
43349, 43, 34, 135, 1, 0, 0.81%, 0, 0, 11, 24.94, 2085901, 72, 0, 0
43354, 43, 34, 135, 1, 0, 0.81%, 0, 0, 11, 35.60, 2086073, 72, 0, 0
43359, 43, 94, 135, 1, 0, 0.81%, 0, 0, 11, 27.15, 2086682, 72, 0, 0
43364, 43, 35, 135, 1, 0, 0.81%, 0, 0, 11, 173.27, 2087379, 72, 0, 0
43369, 43, 35, 135, 1, 0, 0.81%, 0, 0, 11, 18.11, 2087475, 72, 0, 0
43374, 43, 13, 135, 1, 0, 0.81%, 0, 0, 11, 26.59, 2087699, 72, 0, 0
43379, 43, 13, 135, 1, 0, 0.81%, 0, 0, 11, 26.89, 2087842, 72, 0, 0
43385, 43, 17, 135, 1, 0, 0.81%, 0, 0, 11, 37.11, 2088021, 72, 0, 0
43390, 43, 17, 135, 1, 0, 0.81%, 0, 0, 11, 29.02, 2088157, 72, 0, 0
43395, 43, 2, 135, 1, 0, 0.81%, 0, 0, 11, 26.53, 2088292, 72, 0, 0
43400, 43, 2, 135, 1, 0, 0.81%, 0, 0, 11, 26.98, 2088467, 72, 0, 0
43405, 43, 58, 135, 1, 0, 0.81%, 0, 0, 11, 26.14, 2088600, 72, 0, 0
43410, 43, 58, 135, 1, 0, 0.81%, 0, 0, 11, 26.47, 2088734, 72, 0, 0
43415, 43, 58, 135, 1, 0, 0.81%, 0, 0, 11, 26.76, 2088870, 72, 0, 0
43421, 43, 58, 135, 1, 0, 0.81%, 0, 0, 11, 25.31, 2089067, 72, 0, 0
43426, 43, 32, 135, 1, 0, 0.81%, 0, 0, 11, 28.32, 2089214, 72, 0, 0
43431, 43, 71, 135, 1, 0, 0.81%, 0, 0, 11, 26.17, 2089438, 72, 0, 0
43436, 43, 71, 135, 1, 0, 0.81%, 0, 0, 11, 30.24, 2089605, 72, 0, 0
43441, 43, 71, 135, 1, 0, 0.81%, 0, 0, 11, 279.69, 2089854, 72, 0, 0
43446, 43, 11, 135, 1, 0, 0.81%, 0, 0, 11, 31.79, 2090021, 72, 0, 0
43451, 43, 13, 135, 1, 0, 0.81%, 0, 0, 11, 26.48, 2090147, 72, 0, 0
43456, 43, 13, 135, 1, 0, 0.81%, 0, 0, 11, 26.36, 2090284, 72, 0, 0
43462, 43, 21, 135, 1, 0, 0.81%, 0, 0, 11, 62.44, 2090782, 72, 0, 0
43467, 43, 21, 135, 1, 0, 0.81%, 0, 0, 11, 33.86, 2090911, 72, 0, 0
43472, 43, 21, 135, 1, 0, 0.81%, 0, 0, 11, 29.18, 2091049, 72, 0, 0
43477, 43, 9, 135, 1, 0, 0.81%, 0, 0, 11, 27.51, 2091184, 72, 0, 0
43482, 43, 9, 135, 1, 0, 0.81%, 0, 0, 11, 26.28, 2091316, 72, 0, 0
43487, 43, 98, 135, 1, 0, 0.81%, 0, 0, 11, 25.77, 2091451, 72, 0, 0
43492, 43, 11, 135, 1, 0, 0.81%, 0, 0, 11, 26.17, 2091589, 72, 0, 0
43497, 43, 52, 135, 1, 0, 0.81%, 0, 0, 11, 27.49, 2091734, 72, 0, 0
43503, 43, 52, 135, 1, 0, 0.81%, 0, 0, 11, 26.56, 2091868, 72, 0, 0
43508, 43, 52, 135, 1, 0, 0.81%, 0, 0, 11, 26.77, 2092010, 72, 0, 0
43513, 43, 52, 135, 1, 0, 0.81%, 0, 0, 11, 27.19, 2092151, 72, 0, 0
43518, 43, 23, 135, 1, 0, 0.81%, 0, 0, 11, 28.46, 2092295, 72, 0, 0
43523, 43, 23, 135, 1, 0, 0.81%, 0, 0, 11, 27.01, 2092429, 72, 0, 0
43528, 43, 19, 135, 1, 0, 0.81%, 0, 0, 11, 26.63, 2092563, 72, 0, 0
43533, 43, 19, 135, 1, 0, 0.81%, 0, 0, 11, 26.38, 2092695, 72, 0, 0
43538, 43, 19, 135, 1, 0, 0.81%, 0, 0, 11, 25.99, 2092827, 72, 0, 0
43544, 43, 99, 135, 1, 0, 0.81%, 0, 0, 11, 27.03, 2093001, 72, 0, 0
43549, 43, 99, 135, 1, 0, 0.81%, 0, 0, 11, 26.36, 2093133, 72, 0, 0
43554, 43, 99, 135, 1, 0, 0.81%, 0, 0, 11, 27.13, 2093272, 72, 0, 0
43559, 43, 99, 135, 1, 0, 0.81%, 0, 0, 11, 26.59, 2093414, 72, 0, 0
43564, 43, 31, 135, 1, 0, 0.81%, 0, 0, 11, 25.73, 2093544, 72, 0, 0
43569, 43, 10, 135, 1, 0, 0.81%, 0, 0, 11, 27.48, 2093773, 72, 0, 0
43574, 43, 35, 135, 1, 0, 0.81%, 0, 0, 11, 179.40, 2094077, 72, 0, 0
43579, 43, 35, 135, 1, 0, 0.81%, 0, 0, 11, 26.55, 2094213, 72, 0, 0
43585, 43, 45, 135, 1, 0, 0.81%, 0, 0, 11, 22.13, 2094524, 72, 0, 0
43590, 43, 45, 135, 1, 0, 0.81%, 0, 0, 11, 30.29, 2094714, 72, 0, 0
43595, 43, 45, 135, 1, 0, 0.81%, 0, 0, 11, 27.33, 2094847, 72, 0, 0
43600, 43, 57, 135, 1, 0, 0.81%, 0, 0, 11, 25.99, 2094978, 72, 0, 0
43605, 43, 57, 135, 1, 0, 0.81%, 0, 0, 11, 25.68, 2095110, 72, 0, 0
43610, 43, 57, 135, 1, 0, 0.81%, 0, 0, 11, 26.44, 2095244, 72, 0, 0
43615, 43, 57, 135, 1, 0, 0.81%, 0, 0, 11, 26.54, 2095384, 72, 0, 0
43620, 43, 57, 135, 1, 0, 0.81%, 0, 0, 11, 27.20, 2095522, 72, 0, 0
43626, 43, 57, 135, 1, 0, 0.81%, 0, 0, 11, 27.92, 2095672, 72, 0, 0
43631, 43, 57, 135, 1, 0, 0.81%, 0, 0, 11, 25.95, 2095804, 72, 0, 0
43636, 43, 57, 135, 1, 0, 0.81%, 0, 0, 11, 25.06, 2095931, 72, 0, 0
43641, 43, 57, 135, 1, 0, 0.81%, 0, 0, 11, 29.92, 2096080, 72, 0, 0
43646, 43, 99, 135, 1, 0, 0.81%, 0, 0, 11, 28.15, 2096228, 72, 0, 0
43651, 43, 99, 135, 1, 0, 0.81%, 0, 0, 11, 33.25, 2096496, 72, 0, 0
43656, 43, 99, 135, 1, 0, 0.81%, 0, 0, 11, 28.22, 2096634, 72, 0, 0
43662, 43, 111, 135, 1, 0, 0.81%, 0, 0, 11, 35.92, 2096937, 72, 0, 0
43667, 43, 111, 135, 1, 0, 0.81%, 0, 0, 11, 32.81, 2097162, 72, 0, 0
43672, 43, 111, 135, 1, 0, 0.81%, 0, 0, 11, 28.61, 2097299, 72, 0, 0
43677, 43, 111, 135, 1, 0, 0.81%, 0, 0, 11, 26.71, 2097434, 72, 0, 0
43682, 43, 111, 135, 1, 0, 0.81%, 0, 0, 11, 23.92, 2097611, 72, 0, 0
43687, 43, 111, 135, 1, 0, 0.81%, 0, 0, 11, 25.13, 2097745, 72, 0, 0
43692, 43, 111, 135, 1, 0, 0.81%, 0, 0, 11, 25.24, 2097873, 72, 0, 0
43698, 43, 66, 135, 1, 0, 0.81%, 0, 0, 11, 25.69, 2098167, 72, 0, 0
43703, 43, 66, 135, 1, 0, 0.81%, 0, 0, 11, 28.30, 2098310, 72, 0, 0
43708, 43, 66, 135, 1, 0, 0.81%, 0, 0, 11, 29.63, 2098467, 72, 0, 0
43713, 43, 66, 135, 1, 0, 0.81%, 0, 0, 11, 30.39, 2098628, 72, 0, 0
43718, 43, 37, 135, 1, 0, 0.81%, 0, 0, 11, 29.98, 2098791, 72, 0, 0
43723, 43, 19, 135, 1, 0, 0.81%, 0, 0, 11, 25.56, 2099179, 72, 0, 0
43728, 43, 99, 135, 1, 0, 0.81%, 0, 0, 11, 25.80, 2099362, 72, 0, 0
43733, 43, 99, 135, 1, 0, 0.81%, 0, 0, 11, 26.73, 2099536, 72, 0, 0
43738, 43, 99, 135, 1, 0, 0.81%, 0, 0, 11, 26.58, 2099718, 72, 0, 0
43743, 43, 94, 135, 1, 0, 0.81%, 0, 0, 11, 24.16, 2099900, 72, 0, 0
43749, 43, 94, 135, 1, 0, 0.81%, 0, 0, 11, 28.06, 2100263, 72, 0, 0
43754, 43, 94, 135, 1, 0, 0.81%, 0, 0, 11, 34.47, 2100531, 72, 0, 0
43759, 43, 94, 135, 1, 0, 0.81%, 0, 0, 11, 28.04, 2100666, 72, 0, 0
43764, 43, 57, 135, 1, 0, 0.81%, 0, 0, 11, 26.32, 2100796, 72, 0, 0
43769, 43, 57, 135, 1, 0, 0.81%, 0, 0, 11, 25.35, 2100924, 72, 0, 0
43774, 43, 57, 135, 1, 0, 0.81%, 0, 0, 11, 25.86, 2101059, 72, 0, 0
43779, 43, 57, 135, 1, 0, 0.81%, 0, 0, 11, 29.44, 2101206, 72, 0, 0
43784, 43, 57, 135, 1, 0, 0.81%, 0, 0, 11, 27.26, 2101341, 72, 0, 0
43790, 43, 58, 135, 1, 0, 0.81%, 0, 0, 11, 27.19, 2101477, 72, 0, 0
43795, 43, 58, 135, 1, 0, 0.81%, 0, 0, 11, 31.42, 2101749, 72, 0, 0
43800, 43, 58, 135, 1, 0, 0.81%, 0, 0, 11, 31.75, 2101913, 72, 0, 0
43805, 43, 23, 135, 1, 0, 0.81%, 0, 0, 11, 28.26, 2102051, 72, 0, 0
43810, 43, 23, 135, 1, 0, 0.81%, 0, 0, 11, 26.57, 2102180, 72, 0, 0
43815, 43, 37, 135, 1, 0, 0.81%, 0, 0, 11, 32.44, 2102388, 72, 0, 0
43820, 43, 100, 135, 1, 0, 0.81%, 0, 0, 11, 27.11, 2102789, 72, 0, 0
43825, 43, 100, 135, 1, 0, 0.81%, 0, 0, 11, 26.09, 2102919, 72, 0, 0
43830, 43, 100, 135, 1, 0, 0.81%, 0, 0, 11, 26.45, 2103055, 72, 0, 0
43835, 43, 51, 135, 1, 0, 0.81%, 0, 0, 11, 24.89, 2103180, 72, 0, 0
43840, 43, 51, 135, 1, 0, 0.81%, 0, 0, 11, 25.66, 2103311, 72, 0, 0
43846, 43, 51, 135, 1, 0, 0.81%, 0, 0, 11, 25.90, 2103446, 72, 0, 0
43851, 43, 57, 135, 1, 0, 0.81%, 0, 0, 11, 26.49, 2103585, 72, 0, 0
43856, 43, 57, 135, 1, 0, 0.81%, 0, 0, 11, 24.89, 2103769, 72, 0, 0
43861, 43, 57, 135, 1, 0, 0.81%, 0, 0, 11, 29.18, 2104034, 72, 0, 0
43866, 43, 27, 135, 1, 0, 0.81%, 0, 0, 11, 26.24, 2104166, 72, 0, 0
43872, 43, 27, 135, 1, 0, 0.81%, 0, 0, 11, 26.97, 2104343, 72, 0, 0
43877, 43, 58, 135, 1, 0, 0.81%, 0, 0, 11, 25.97, 2104474, 72, 0, 0
43882, 43, 58, 135, 1, 0, 0.81%, 0, 0, 11, 25.58, 2104602, 72, 0, 0
43887, 43, 58, 135, 1, 0, 0.81%, 0, 0, 11, 25.92, 2104737, 72, 0, 0
43892, 43, 58, 135, 1, 0, 0.81%, 0, 0, 11, 28.50, 2104885, 72, 0, 0
43897, 43, 58, 135, 1, 0, 0.81%, 0, 0, 11, 27.13, 2105024, 72, 0, 0
43902, 43, 57, 135, 1, 0, 0.81%, 0, 0, 11, 26.66, 2105160, 72, 0, 0
43907, 43, 57, 135, 1, 0, 0.81%, 0, 0, 11, 25.43, 2105347, 72, 0, 0
43913, 43, 57, 135, 1, 0, 0.81%, 0, 0, 11, 28.20, 2105492, 72, 0, 0
43918, 43, 11, 135, 1, 0, 0.81%, 0, 0, 11, 24.42, 2105667, 72, 0, 0
43923, 43, 45, 135, 1, 0, 0.81%, 0, 0, 11, 27.95, 2105809, 72, 0, 0
43928, 43, 45, 135, 1, 0, 0.81%, 0, 0, 11, 266.01, 2106003, 72, 0, 0
43933, 43, 51, 135, 1, 0, 0.81%, 0, 0, 11, 27.47, 2106283, 72, 0, 0
43938, 43, 51, 135, 1, 0, 0.81%, 0, 0, 11, 29.22, 2106521, 72, 0, 0
43943, 43, 124, 135, 1, 0, 0.81%, 0, 0, 11, 26.81, 2106706, 72, 0, 0
43948, 43, 51, 135, 1, 0, 0.81%, 0, 0, 11, 25.65, 2106834, 72, 0, 0
43954, 43, 2, 135, 1, 0, 0.81%, 0, 0, 11, 116.53, 2107166, 72, 0, 0
43959, 43, 21, 135, 1, 0, 0.81%, 0, 0, 11, 49.96, 2107540, 72, 0, 0
43964, 43, 7, 135, 1, 0, 0.81%, 0, 0, 11, 34.20, 2107693, 72, 0, 0
43969, 43, 7, 135, 1, 0, 0.81%, 0, 0, 11, 29.40, 2107833, 72, 0, 0
43974, 43, 52, 135, 1, 0, 0.81%, 0, 0, 11, 32.84, 2108078, 72, 0, 0
43979, 43, 61, 135, 1, 0, 0.81%, 0, 0, 11, 27.59, 2108524, 72, 0, 0
43984, 43, 100, 135, 1, 0, 0.81%, 0, 0, 11, 17.75, 2109245, 72, 0, 0
43989, 43, 134, 135, 1, 0, 0.81%, 0, 0, 11, 22.15, 2109558, 72, 0, 0
43995, 43, 134, 135, 1, 0, 0.81%, 0, 0, 11, 28.56, 2109716, 72, 0, 0
44000, 43, 134, 135, 1, 0, 0.81%, 0, 0, 11, 29.84, 2109864, 72, 0, 0
44005, 43, 134, 135, 1, 0, 0.81%, 0, 0, 11, 35.56, 2110117, 72, 0, 0
44010, 43, 134, 135, 1, 0, 0.81%, 0, 0, 11, 38.84, 2110367, 72, 0, 0
44015, 43, 134, 135, 1, 0, 0.81%, 0, 0, 11, 24.04, 2110563, 72, 0, 0
44020, 43, 85, 135, 0, 0, 0.81%, 0, 0, 11, 24.46, 2110731, 72, 0, 0
44025, 43, 85, 135, 0, 0, 0.81%, 0, 0, 11, 25.66, 2110864, 72, 0, 0
44030, 43, 85, 135, 0, 0, 0.81%, 0, 0, 11, 28.54, 2111015, 72, 0, 0
44035, 43, 85, 135, 0, 0, 0.81%, 0, 0, 11, 32.88, 2111220, 72, 0, 0
44041, 43, 30, 135, 0, 0, 0.81%, 0, 0, 11, 44.75, 2111491, 72, 0, 0
44046, 43, 58, 135, 0, 0, 0.81%, 0, 0, 11, 34.69, 2111661, 72, 0, 0
44051, 43, 58, 135, 0, 0, 0.81%, 0, 0, 11, 25.73, 2111852, 72, 0, 0
44056, 43, 58, 135, 0, 0, 0.81%, 0, 0, 11, 29.51, 2112060, 72, 0, 0
44061, 43, 13, 135, 0, 0, 0.81%, 0, 0, 11, 27.31, 2112191, 72, 0, 0
44066, 43, 13, 135, 0, 0, 0.81%, 0, 0, 11, 26.14, 2112323, 72, 0, 0
44072, 43, 52, 135, 0, 0, 0.81%, 0, 0, 11, 27.37, 2112509, 72, 0, 0
44077, 43, 32, 135, 0, 0, 0.81%, 0, 0, 11, 23.44, 2112940, 72, 0, 0
44082, 43, 57, 135, 0, 0, 0.81%, 0, 0, 11, 29.64, 2113171, 72, 0, 0
44087, 43, 57, 135, 0, 0, 0.81%, 0, 0, 11, 26.93, 2113308, 72, 0, 0
44092, 43, 57, 135, 0, 0, 0.81%, 0, 0, 11, 26.61, 2113446, 72, 0, 0
44097, 43, 57, 135, 0, 0, 0.81%, 0, 0, 11, 26.45, 2113579, 72, 0, 0
44102, 43, 116, 135, 0, 0, 0.81%, 0, 0, 11, 28.84, 2113738, 72, 0, 0
44107, 43, 116, 135, 0, 0, 0.81%, 0, 0, 11, 30.36, 2113904, 72, 0, 0
44112, 43, 32, 135, 0, 0, 0.81%, 0, 0, 11, 29.21, 2114050, 72, 0, 0
44118, 43, 52, 135, 0, 0, 0.81%, 0, 0, 11, 25.48, 2114311, 72, 0, 0
44123, 43, 37, 135, 0, 0, 0.81%, 0, 0, 11, 20.99, 2114919, 72, 0, 0
44128, 43, 37, 135, 0, 0, 0.81%, 0, 0, 11, 23.90, 2115047, 72, 0, 0
44133, 43, 61, 135, 0, 0, 0.81%, 0, 0, 11, 25.65, 2115220, 72, 0, 0
44138, 43, 61, 135, 0, 0, 0.81%, 0, 0, 11, 27.02, 2115362, 72, 0, 0
44143, 43, 61, 135, 0, 0, 0.81%, 0, 0, 11, 29.15, 2115546, 72, 0, 0
44148, 43, 51, 135, 0, 0, 0.81%, 0, 0, 11, 241.71, 2115779, 72, 0, 0
44153, 43, 51, 135, 0, 0, 0.81%, 0, 0, 11, 35.44, 2115935, 72, 0, 0
44158, 43, 117, 135, 0, 0, 0.81%, 0, 0, 11, 32.00, 2116098, 72, 0, 0
44164, 43, 117, 135, 0, 0, 0.81%, 0, 0, 11, 27.18, 2116300, 72, 0, 0
44169, 43, 117, 135, 0, 0, 0.81%, 0, 0, 11, 25.52, 2116430, 72, 0, 0
44174, 43, 117, 135, 0, 0, 0.81%, 0, 0, 11, 24.39, 2116624, 72, 0, 0
44179, 43, 117, 135, 0, 0, 0.81%, 0, 0, 11, 23.06, 2116842, 72, 0, 0
44184, 43, 9, 135, 0, 0, 0.81%, 0, 0, 11, 25.34, 2116974, 72, 0, 0
44189, 43, 9, 135, 0, 0, 0.81%, 0, 0, 11, 26.43, 2117225, 72, 0, 0
44194, 43, 30, 135, 0, 0, 0.81%, 0, 0, 11, 27.23, 2117364, 72, 0, 0
44200, 43, 66, 135, 0, 0, 0.81%, 0, 0, 11, 27.31, 2117541, 72, 0, 0
44205, 43, 66, 135, 0, 0, 0.81%, 0, 0, 11, 27.03, 2117787, 72, 0, 0
44210, 43, 66, 135, 0, 0, 0.81%, 0, 0, 11, 25.91, 2117919, 72, 0, 0
44215, 43, 66, 135, 0, 0, 0.81%, 0, 0, 11, 25.91, 2118049, 72, 0, 0
44220, 43, 101, 135, 0, 0, 0.81%, 0, 0, 11, 24.96, 2118176, 72, 0, 0
44225, 43, 101, 135, 0, 0, 0.81%, 0, 0, 11, 26.74, 2118320, 72, 0, 0
44230, 43, 101, 135, 0, 0, 0.81%, 0, 0, 11, 26.02, 2118454, 72, 0, 0
44235, 43, 131, 135, 0, 0, 0.81%, 0, 0, 11, 43.83, 2118733, 72, 0, 0
44240, 43, 52, 135, 0, 0, 0.81%, 0, 0, 11, 37.18, 2119058, 72, 0, 0
44246, 43, 51, 135, 0, 0, 0.81%, 0, 0, 11, 29.83, 2119200, 72, 0, 0
44251, 43, 51, 135, 0, 0, 0.81%, 0, 0, 11, 26.48, 2119335, 72, 0, 0
44256, 43, 94, 135, 0, 0, 0.81%, 0, 0, 11, 27.14, 2119477, 72, 0, 0
44261, 43, 94, 135, 0, 0, 0.81%, 0, 0, 11, 35.97, 2119776, 72, 0, 0
44266, 43, 94, 135, 0, 0, 0.81%, 0, 0, 11, 43.84, 2120131, 72, 0, 0
44272, 43, 94, 135, 0, 0, 0.81%, 0, 0, 11, 29.46, 2120259, 72, 0, 0
44277, 43, 58, 135, 0, 0, 0.81%, 0, 0, 11, 26.91, 2120397, 72, 0, 0
44282, 43, 58, 135, 0, 0, 0.81%, 0, 0, 11, 28.11, 2120544, 72, 0, 0
44287, 43, 58, 135, 0, 0, 0.81%, 0, 0, 11, 26.43, 2120676, 72, 0, 0
44292, 43, 45, 135, 0, 0, 0.81%, 0, 0, 11, 32.82, 2120895, 72, 0, 0
44297, 43, 45, 135, 0, 0, 0.81%, 0, 0, 11, 27.39, 2121088, 72, 0, 0
44302, 43, 45, 135, 0, 0, 0.81%, 0, 0, 11, 27.29, 2121229, 72, 0, 0
44308, 43, 16, 135, 0, 0, 0.81%, 0, 0, 11, 38.55, 2121648, 72, 0, 0
44313, 43, 52, 135, 0, 0, 0.81%, 0, 0, 11, 18.00, 2122003, 72, 0, 0
44318, 43, 52, 135, 0, 0, 0.81%, 0, 0, 11, 23.06, 2122131, 72, 0, 0
44323, 43, 52, 135, 0, 0, 0.81%, 0, 0, 11, 25.52, 2122262, 72, 0, 0
44328, 43, 98, 135, 0, 0, 0.81%, 0, 0, 11, 25.43, 2122392, 72, 0, 0
44333, 43, 37, 135, 0, 0, 0.81%, 0, 0, 11, 25.34, 2122521, 72, 0, 0
44338, 43, 37, 135, 0, 0, 0.81%, 0, 0, 11, 25.96, 2122654, 72, 0, 0
44343, 43, 100, 135, 0, 0, 0.81%, 0, 0, 11, 25.76, 2122788, 72, 0, 0
44349, 43, 100, 135, 0, 0, 0.81%, 0, 0, 11, 24.69, 2122962, 72, 0, 0
44354, 43, 35, 135, 0, 0, 0.81%, 0, 0, 11, 59.18, 2123361, 72, 0, 0
44359, 43, 35, 135, 0, 0, 0.81%, 0, 0, 11, 33.70, 2123492, 72, 0, 0
44364, 43, 52, 135, 0, 0, 0.81%, 0, 0, 11, 21.36, 2123794, 72, 0, 0
44369, 43, 52, 135, 0, 0, 0.81%, 0, 0, 11, 24.86, 2123928, 72, 0, 0
44374, 43, 52, 135, 0, 0, 0.81%, 0, 0, 11, 26.45, 2124065, 72, 0, 0
44379, 43, 100, 135, 0, 0, 0.81%, 0, 0, 11, 25.89, 2124196, 72, 0, 0
44384, 43, 100, 135, 0, 0, 0.81%, 0, 0, 11, 48.14, 2124426, 72, 0, 0
44390, 43, 27, 135, 0, 0, 0.81%, 0, 0, 11, 327.89, 2124840, 72, 0, 0
44395, 43, 21, 135, 0, 0, 0.81%, 0, 0, 11, 21.92, 2125039, 72, 0, 0
44400, 43, 21, 135, 0, 0, 0.81%, 0, 0, 11, 31.31, 2125200, 72, 0, 0
44405, 43, 45, 135, 0, 0, 0.81%, 0, 0, 11, 177.17, 2125611, 72, 0, 0
44410, 43, 14, 135, 0, 0, 0.81%, 0, 0, 11, 24.15, 2125883, 72, 0, 0
44415, 43, 92, 135, 0, 0, 0.81%, 0, 0, 11, 29.83, 2126229, 72, 0, 0
44420, 43, 92, 135, 0, 0, 0.81%, 0, 0, 11, 27.92, 2126381, 72, 0, 0
44425, 43, 92, 135, 0, 0, 0.81%, 0, 0, 11, 26.70, 2126513, 72, 0, 0
44430, 43, 92, 135, 0, 0, 0.81%, 0, 0, 11, 26.41, 2126647, 72, 0, 0
44435, 43, 99, 135, 0, 0, 0.81%, 0, 0, 11, 25.78, 2126780, 72, 0, 0
44441, 43, 99, 135, 0, 0, 0.81%, 0, 0, 11, 25.98, 2126916, 72, 0, 0
44446, 43, 99, 135, 0, 0, 0.81%, 0, 0, 11, 25.86, 2127050, 72, 0, 0
44451, 43, 99, 135, 0, 0, 0.81%, 0, 0, 11, 27.21, 2127190, 72, 0, 0
44456, 43, 17, 135, 0, 0, 0.81%, 0, 0, 11, 31.03, 2127459, 72, 0, 0
44461, 43, 17, 135, 0, 0, 0.81%, 0, 0, 11, 30.52, 2127616, 72, 0, 0
44466, 43, 57, 135, 0, 0, 0.81%, 0, 0, 11, 26.35, 2127747, 72, 0, 0
44472, 43, 57, 135, 0, 0, 0.81%, 0, 0, 11, 28.48, 2127893, 72, 0, 0
44477, 43, 57, 135, 0, 0, 0.81%, 0, 0, 11, 26.34, 2128078, 72, 0, 0
44482, 43, 57, 135, 0, 0, 0.81%, 0, 0, 11, 27.89, 2128217, 72, 0, 0
44487, 43, 13, 135, 0, 0, 0.81%, 0, 0, 11, 25.89, 2128350, 72, 0, 0
44492, 43, 13, 135, 0, 0, 0.81%, 0, 0, 11, 24.53, 2128473, 72, 0, 0
44497, 43, 45, 135, 0, 0, 0.81%, 0, 0, 11, 27.24, 2128912, 72, 0, 0
44502, 43, 58, 135, 0, 0, 0.81%, 0, 0, 11, 23.18, 2129453, 72, 0, 0
44507, 43, 58, 135, 0, 0, 0.81%, 0, 0, 11, 28.02, 2129597, 72, 0, 0
44513, 43, 58, 135, 0, 0, 0.81%, 0, 0, 11, 25.99, 2129729, 72, 0, 0
44518, 43, 58, 135, 0, 0, 0.81%, 0, 0, 11, 26.55, 2129860, 72, 0, 0
44523, 43, 57, 135, 0, 0, 0.81%, 0, 0, 11, 45.84, 2130325, 72, 0, 0
44528, 43, 57, 135, 0, 0, 0.81%, 0, 0, 11, 34.25, 2130497, 72, 0, 0
44533, 43, 27, 135, 0, 0, 0.81%, 0, 0, 11, 28.30, 2130630, 72, 0, 0
44538, 43, 27, 135, 0, 0, 0.81%, 0, 0, 11, 27.61, 2130841, 72, 0, 0
44543, 43, 7, 135, 0, 0, 0.81%, 0, 0, 11, 24.95, 2131204, 72, 0, 0
44548, 43, 36, 135, 0, 0, 0.81%, 0, 0, 11, 30.70, 2131453, 72, 0, 0
44553, 43, 111, 135, 0, 0, 0.81%, 0, 0, 11, 41.60, 2131658, 72, 0, 0
44558, 43, 111, 135, 0, 0, 0.81%, 0, 0, 11, 25.26, 2131890, 72, 0, 0
44564, 43, 111, 135, 0, 0, 0.81%, 0, 0, 11, 200.10, 2132538, 72, 0, 0
44569, 43, 2, 135, 0, 0, 0.81%, 0, 0, 11, 21.66, 2133103, 72, 0, 0
44574, 43, 99, 135, 0, 0, 0.81%, 0, 0, 11, 53.46, 2133635, 72, 0, 0
44579, 44, 32, 135, 0, 0, 0.81%, 0, 0, 11, 41.45, 2133893, 72, 0, 0
44584, 44, 37, 135, 0, 0, 0.81%, 0, 0, 11, 45.63, 2134585, 72, 0, 0
44589, 44, 37, 135, 0, 0, 0.81%, 0, 0, 11, 24.92, 2134685, 72, 0, 0
44594, 44, 111, 135, 0, 0, 0.81%, 0, 0, 11, 24.57, 2134805, 72, 0, 0
44599, 44, 111, 135, 0, 0, 0.81%, 0, 0, 11, 25.47, 2134939, 72, 0, 0
44605, 44, 111, 135, 0, 0, 0.81%, 0, 0, 11, 28.76, 2135087, 72, 0, 0
44610, 44, 111, 135, 0, 0, 0.81%, 0, 0, 11, 25.54, 2135215, 72, 0, 0
44615, 44, 111, 135, 0, 0, 0.81%, 0, 0, 11, 24.47, 2135338, 72, 0, 0
44620, 44, 111, 135, 0, 0, 0.81%, 0, 0, 11, 25.15, 2135469, 72, 0, 0
44625, 44, 111, 135, 0, 0, 0.81%, 0, 0, 11, 24.87, 2135600, 72, 0, 0
44630, 44, 111, 135, 0, 0, 0.81%, 0, 0, 11, 24.76, 2135724, 72, 0, 0
44636, 44, 111, 135, 0, 0, 0.81%, 0, 0, 11, 24.95, 2135853, 72, 0, 0
44641, 44, 111, 135, 0, 0, 0.81%, 0, 0, 11, 26.14, 2135991, 72, 0, 0
44646, 44, 111, 135, 0, 0, 0.81%, 0, 0, 11, 25.65, 2136123, 72, 0, 0
44651, 44, 32, 135, 0, 0, 0.81%, 0, 0, 11, 25.36, 2136254, 72, 0, 0
44656, 44, 32, 135, 0, 0, 0.81%, 0, 0, 11, 24.79, 2136382, 72, 0, 0
44661, 44, 47, 135, 0, 0, 0.81%, 0, 0, 11, 24.72, 2136510, 72, 0, 0
44666, 44, 47, 135, 0, 0, 0.81%, 0, 0, 11, 25.22, 2136639, 72, 0, 0
44672, 44, 47, 135, 0, 0, 0.81%, 0, 0, 11, 25.65, 2136771, 72, 0, 0
44677, 44, 47, 135, 0, 0, 0.81%, 0, 0, 11, 25.47, 2136905, 72, 0, 0
44682, 44, 51, 135, 0, 0, 0.81%, 0, 0, 11, 26.48, 2137101, 72, 0, 0
44687, 44, 51, 135, 0, 0, 0.81%, 0, 0, 11, 25.65, 2137229, 72, 0, 0
44692, 44, 11, 135, 0, 0, 0.81%, 0, 0, 11, 27.47, 2137370, 72, 0, 0
44698, 44, 51, 135, 0, 0, 0.81%, 0, 0, 11, 193.64, 2137633, 72, 0, 0
44703, 44, 34, 135, 0, 0, 0.81%, 0, 0, 11, 23.82, 2137766, 72, 0, 0
44708, 44, 34, 135, 0, 0, 0.81%, 0, 0, 11, 26.71, 2137902, 72, 0, 0
44713, 44, 32, 135, 0, 0, 0.81%, 0, 0, 11, 26.37, 2138039, 72, 0, 0
44718, 44, 32, 135, 0, 0, 0.81%, 0, 0, 11, 21.59, 2138264, 72, 0, 0
44723, 44, 45, 135, 0, 0, 0.81%, 0, 0, 11, 101.35, 2138430, 72, 0, 0
44728, 44, 45, 135, 0, 0, 0.81%, 0, 0, 11, 48.88, 2138594, 72, 0, 0
44733, 44, 20, 135, 0, 0, 0.81%, 0, 0, 11, 49.18, 2138908, 72, 0, 0
44738, 44, 13, 135, 0, 0, 0.81%, 0, 0, 11, 34.84, 2139141, 72, 0, 0
44744, 44, 13, 135, 0, 0, 0.81%, 0, 0, 11, 26.17, 2139332, 72, 0, 0
44749, 44, 32, 135, 0, 0, 0.81%, 0, 0, 11, 25.73, 2139465, 72, 0, 0
44754, 44, 32, 135, 0, 0, 0.81%, 0, 0, 11, 26.89, 2139601, 72, 0, 0
44759, 44, 63, 135, 0, 0, 0.81%, 0, 0, 11, 26.94, 2139740, 72, 0, 0
44764, 44, 61, 135, 0, 0, 0.81%, 0, 0, 11, 28.07, 2140024, 72, 0, 0
44769, 44, 51, 135, 0, 0, 0.81%, 0, 0, 11, 27.74, 2140428, 72, 0, 0
44774, 44, 51, 135, 0, 0, 0.81%, 0, 0, 11, 26.83, 2140695, 72, 0, 0
44779, 44, 99, 135, 0, 0, 0.81%, 0, 0, 11, 26.18, 2140831, 72, 0, 0
44785, 44, 99, 135, 0, 0, 0.81%, 0, 0, 11, 43.13, 2141040, 72, 0, 0
44790, 44, 99, 135, 0, 0, 0.81%, 0, 0, 11, 33.98, 2141203, 72, 0, 0
44795, 44, 98, 135, 0, 0, 0.81%, 0, 0, 11, 33.55, 2141503, 72, 0, 0
44800, 44, 100, 135, 0, 0, 0.81%, 0, 0, 11, 27.80, 2141634, 72, 0, 0
44805, 44, 100, 135, 0, 0, 0.81%, 0, 0, 11, 25.96, 2141763, 72, 0, 0
44810, 44, 100, 135, 0, 0, 0.81%, 0, 0, 11, 21.19, 2141943, 72, 0, 0
44815, 44, 16, 135, 0, 0, 0.81%, 0, 0, 11, 28.30, 2142278, 72, 0, 0
44820, 44, 36, 135, 0, 0, 0.81%, 0, 0, 11, 221.74, 2142704, 72, 0, 0
44825, 44, 122, 135, 0, 0, 0.81%, 0, 0, 11, 26.21, 2142837, 72, 0, 0
44831, 44, 122, 135, 0, 0, 0.81%, 0, 0, 11, 26.05, 2142966, 72, 0, 0
44836, 44, 122, 135, 0, 0, 0.81%, 0, 0, 11, 25.35, 2143097, 72, 0, 0
44841, 44, 122, 135, 0, 0, 0.81%, 0, 0, 11, 28.90, 2143250, 72, 0, 0
44846, 44, 122, 135, 0, 0, 0.81%, 0, 0, 11, 26.72, 2143386, 72, 0, 0
44851, 44, 122, 135, 0, 0, 0.81%, 0, 0, 11, 26.06, 2143516, 72, 0, 0
44856, 44, 122, 135, 0, 0, 0.81%, 0, 0, 11, 25.85, 2143648, 72, 0, 0
44861, 44, 122, 135, 0, 0, 0.81%, 0, 0, 11, 25.75, 2143781, 72, 0, 0
44867, 44, 122, 135, 0, 0, 0.81%, 0, 0, 11, 27.01, 2143923, 72, 0, 0
44872, 44, 122, 135, 0, 0, 0.81%, 0, 0, 11, 26.43, 2144060, 72, 0, 0
44877, 44, 94, 135, 0, 0, 0.81%, 0, 0, 11, 26.75, 2144247, 72, 0, 0
44882, 44, 94, 135, 0, 0, 0.81%, 0, 0, 11, 25.52, 2144371, 72, 0, 0
44887, 44, 94, 135, 0, 0, 0.81%, 0, 0, 11, 25.68, 2144555, 72, 0, 0
44892, 44, 94, 135, 0, 0, 0.81%, 0, 0, 11, 27.93, 2144788, 72, 0, 0
44897, 44, 94, 135, 0, 0, 0.81%, 0, 0, 11, 27.85, 2144935, 72, 0, 0
44902, 44, 3, 135, 0, 0, 0.81%, 0, 0, 11, 26.52, 2145066, 72, 0, 0
44907, 44, 3, 135, 0, 0, 0.81%, 0, 0, 11, 25.60, 2145196, 72, 0, 0
44913, 44, 3, 135, 0, 0, 0.81%, 0, 0, 11, 26.22, 2145333, 72, 0, 0
44918, 44, 23, 135, 0, 0, 0.81%, 0, 0, 11, 25.35, 2145467, 72, 0, 0
44923, 44, 23, 135, 0, 0, 0.81%, 0, 0, 11, 25.83, 2145650, 72, 0, 0
44928, 44, 88, 135, 0, 0, 0.81%, 0, 0, 11, 26.61, 2145789, 72, 0, 0
44933, 44, 88, 135, 0, 0, 0.81%, 0, 0, 11, 28.01, 2145977, 72, 0, 0
44938, 44, 32, 135, 0, 0, 0.81%, 0, 0, 11, 28.55, 2146117, 72, 0, 0
44944, 44, 32, 135, 0, 0, 0.81%, 0, 0, 11, 28.25, 2146265, 72, 0, 0
44949, 44, 17, 135, 0, 0, 0.81%, 0, 0, 11, 26.75, 2146400, 72, 0, 0
44954, 44, 17, 135, 0, 0, 0.81%, 0, 0, 11, 26.81, 2146538, 72, 0, 0
44959, 44, 45, 135, 0, 0, 0.81%, 0, 0, 11, 26.26, 2146671, 72, 0, 0
44964, 44, 45, 135, 0, 0, 0.81%, 0, 0, 11, 26.06, 2146805, 72, 0, 0
44969, 44, 45, 135, 0, 0, 0.81%, 0, 0, 11, 26.50, 2146943, 72, 0, 0
44974, 44, 45, 135, 0, 0, 0.81%, 0, 0, 11, 26.21, 2147077, 72, 0, 0
44979, 44, 16, 135, 0, 0, 0.81%, 0, 0, 11, 24.33, 2147290, 72, 0, 0
44984, 44, 16, 135, 0, 0, 0.81%, 0, 0, 11, 27.09, 2147470, 72, 0, 0
44990, 44, 7, 135, 0, 0, 0.81%, 0, 0, 11, 26.91, 2147663, 72, 0, 0
44995, 44, 111, 135, 0, 0, 0.81%, 0, 0, 11, 25.46, 2147888, 72, 0, 0
45000, 44, 111, 135, 0, 0, 0.81%, 0, 0, 11, 25.58, 2148205, 72, 0, 0
45005, 44, 111, 135, 0, 0, 0.81%, 0, 0, 11, 64.90, 2148388, 72, 0, 0
45010, 44, 111, 135, 0, 0, 0.81%, 0, 0, 11, 36.14, 2148533, 72, 0, 0
45015, 44, 111, 135, 0, 0, 0.81%, 0, 0, 11, 25.79, 2148750, 72, 0, 0
45020, 44, 111, 135, 0, 0, 0.81%, 0, 0, 11, 25.76, 2148885, 72, 0, 0
45025, 44, 111, 135, 0, 0, 0.81%, 0, 0, 11, 256.30, 2149067, 72, 0, 0
45030, 44, 111, 135, 0, 0, 0.81%, 0, 0, 11, 26.40, 2149202, 72, 0, 0
45035, 44, 99, 135, 0, 0, 0.81%, 0, 0, 11, 28.13, 2149345, 72, 0, 0
45041, 44, 99, 135, 0, 0, 0.81%, 0, 0, 11, 26.08, 2149479, 72, 0, 0
45046, 44, 99, 135, 0, 0, 0.81%, 0, 0, 11, 26.57, 2149616, 72, 0, 0
45051, 44, 99, 135, 0, 0, 0.81%, 0, 0, 11, 25.62, 2149744, 72, 0, 0
45056, 44, 19, 135, 0, 0, 0.81%, 0, 0, 11, 26.63, 2149883, 72, 0, 0
45061, 44, 19, 135, 0, 0, 0.81%, 0, 0, 11, 29.29, 2150079, 72, 0, 0
45067, 44, 57, 135, 0, 0, 0.81%, 0, 0, 11, 27.18, 2150220, 72, 0, 0
45072, 44, 57, 135, 0, 0, 0.81%, 0, 0, 11, 29.28, 2150371, 72, 0, 0
45077, 44, 57, 135, 0, 0, 0.81%, 0, 0, 11, 28.78, 2150519, 72, 0, 0
45082, 44, 57, 135, 0, 0, 0.81%, 0, 0, 11, 28.43, 2150668, 72, 0, 0
45087, 44, 36, 135, 0, 0, 0.81%, 0, 0, 11, 27.49, 2150810, 72, 0, 0
45092, 44, 36, 135, 0, 0, 0.81%, 0, 0, 11, 26.05, 2150939, 72, 0, 0
45097, 44, 111, 135, 0, 0, 0.81%, 0, 0, 11, 30.53, 2151091, 72, 0, 0
45102, 44, 111, 135, 0, 0, 0.81%, 0, 0, 11, 33.18, 2151266, 72, 0, 0
45107, 44, 111, 135, 0, 0, 0.81%, 0, 0, 11, 225.96, 2151459, 72, 0, 0
45113, 44, 111, 135, 0, 0, 0.81%, 0, 0, 11, 27.20, 2151593, 72, 0, 0
45118, 44, 111, 135, 0, 0, 0.81%, 0, 0, 11, 28.02, 2151733, 72, 0, 0
45123, 44, 111, 135, 0, 0, 0.81%, 0, 0, 11, 25.96, 2151863, 72, 0, 0
45128, 44, 111, 135, 0, 0, 0.81%, 0, 0, 11, 25.23, 2151992, 72, 0, 0
45133, 44, 111, 135, 0, 0, 0.81%, 0, 0, 11, 200.98, 2152393, 72, 0, 0
45138, 44, 9, 135, 0, 0, 0.81%, 0, 0, 11, 24.84, 2152527, 72, 0, 0
45143, 44, 9, 135, 0, 0, 0.81%, 0, 0, 11, 27.28, 2152679, 72, 0, 0
45148, 44, 16, 135, 0, 0, 0.81%, 0, 0, 11, 25.28, 2152858, 72, 0, 0
45153, 44, 16, 135, 0, 0, 0.81%, 0, 0, 11, 26.09, 2152990, 72, 0, 0
45159, 44, 34, 135, 0, 0, 0.81%, 0, 0, 11, 25.05, 2153118, 72, 0, 0
45164, 44, 34, 135, 0, 0, 0.81%, 0, 0, 11, 26.61, 2153254, 72, 0, 0
45169, 44, 94, 135, 0, 0, 0.81%, 0, 0, 11, 29.68, 2153491, 72, 0, 0
45174, 44, 94, 135, 0, 0, 0.81%, 0, 0, 11, 24.71, 2153781, 72, 0, 0
45179, 44, 94, 135, 0, 0, 0.81%, 0, 0, 11, 26.25, 2153919, 72, 0, 0
45184, 44, 55, 135, 0, 0, 0.81%, 0, 0, 11, 32.64, 2154316, 72, 0, 0
45189, 44, 10, 135, 0, 0, 0.81%, 0, 0, 11, 31.55, 2154533, 72, 0, 0
45194, 44, 54, 135, 0, 0, 0.81%, 0, 0, 11, 27.72, 2154668, 72, 0, 0
45199, 44, 61, 135, 0, 0, 0.81%, 0, 0, 11, 27.92, 2154813, 72, 0, 0
45204, 44, 61, 135, 0, 0, 0.81%, 0, 0, 11, 27.45, 2154952, 72, 0, 0
45210, 44, 61, 135, 0, 0, 0.81%, 0, 0, 11, 30.31, 2155111, 72, 0, 0
45215, 44, 10, 135, 0, 0, 0.81%, 0, 0, 11, 32.96, 2155321, 72, 0, 0
45220, 44, 10, 135, 0, 0, 0.81%, 0, 0, 11, 28.89, 2155465, 72, 0, 0
45225, 44, 58, 135, 0, 0, 0.81%, 0, 0, 11, 252.96, 2155659, 72, 0, 0
45230, 44, 58, 135, 0, 0, 0.81%, 0, 0, 11, 34.74, 2155830, 72, 0, 0
45235, 44, 58, 135, 0, 0, 0.81%, 0, 0, 11, 29.69, 2155973, 72, 0, 0
45240, 44, 58, 135, 0, 0, 0.81%, 0, 0, 11, 28.55, 2156120, 72, 0, 0
45245, 44, 9, 135, 0, 0, 0.81%, 0, 0, 11, 26.81, 2156258, 72, 0, 0
45251, 44, 9, 135, 0, 0, 0.81%, 0, 0, 11, 25.58, 2156386, 72, 0, 0
45256, 44, 57, 135, 0, 0, 0.81%, 0, 0, 11, 236.84, 2156603, 72, 0, 0
45261, 44, 57, 135, 0, 0, 0.81%, 0, 0, 11, 27.38, 2156836, 72, 0, 0
45266, 44, 57, 135, 0, 0, 0.81%, 0, 0, 11, 32.34, 2157026, 72, 0, 0
45271, 44, 13, 135, 0, 0, 0.81%, 0, 0, 11, 22.79, 2157210, 72, 0, 0
45276, 44, 13, 135, 0, 0, 0.81%, 0, 0, 11, 24.65, 2157340, 72, 0, 0
45281, 44, 21, 135, 0, 0, 0.81%, 0, 0, 11, 24.73, 2157464, 72, 0, 0
45286, 44, 21, 135, 0, 0, 0.81%, 0, 0, 11, 26.69, 2157605, 72, 0, 0
45291, 44, 23, 135, 0, 0, 0.81%, 0, 0, 11, 26.91, 2157742, 72, 0, 0
45297, 44, 51, 135, 0, 0, 0.81%, 0, 0, 11, 23.73, 2158143, 72, 0, 0
45302, 44, 51, 135, 0, 0, 0.81%, 0, 0, 11, 27.66, 2158293, 72, 0, 0
45307, 44, 34, 135, 0, 0, 0.81%, 0, 0, 11, 25.59, 2158472, 72, 0, 0
45312, 44, 32, 135, 0, 0, 0.81%, 0, 0, 11, 26.24, 2158605, 72, 0, 0
45317, 44, 32, 135, 0, 0, 0.81%, 0, 0, 11, 27.44, 2158786, 72, 0, 0
45322, 44, 100, 135, 0, 0, 0.81%, 0, 0, 11, 26.11, 2158996, 72, 0, 0
45327, 44, 100, 135, 0, 0, 0.81%, 0, 0, 11, 27.43, 2159138, 72, 0, 0
45332, 44, 100, 135, 0, 0, 0.81%, 0, 0, 11, 28.46, 2159345, 72, 0, 0
45337, 44, 111, 135, 0, 0, 0.81%, 0, 0, 11, 26.79, 2159589, 72, 0, 0
45342, 44, 111, 135, 0, 0, 0.81%, 0, 0, 11, 20.49, 2159914, 72, 0, 0
45347, 44, 111, 135, 0, 0, 0.81%, 0, 0, 11, 24.03, 2160101, 72, 0, 0
45353, 44, 111, 135, 0, 0, 0.81%, 0, 0, 11, 24.17, 2160223, 72, 0, 0
45358, 44, 111, 135, 0, 0, 0.81%, 0, 0, 11, 26.34, 2160360, 72, 0, 0
45363, 44, 111, 135, 0, 0, 0.81%, 0, 0, 11, 25.76, 2160493, 72, 0, 0
45368, 44, 111, 135, 0, 0, 0.81%, 0, 0, 11, 28.25, 2160674, 72, 0, 0
45373, 44, 111, 135, 0, 0, 0.81%, 0, 0, 11, 25.98, 2160809, 72, 0, 0
45378, 44, 14, 135, 0, 0, 0.81%, 0, 0, 11, 25.62, 2160940, 72, 0, 0
45383, 44, 14, 135, 0, 0, 0.81%, 0, 0, 11, 26.61, 2161110, 72, 0, 0
45388, 44, 17, 135, 0, 0, 0.81%, 0, 0, 11, 25.83, 2161244, 72, 0, 0
45393, 44, 17, 135, 0, 0, 0.81%, 0, 0, 11, 28.69, 2161457, 72, 0, 0
45399, 44, 61, 135, 0, 0, 0.81%, 0, 0, 11, 26.54, 2161591, 72, 0, 0
45404, 44, 61, 135, 0, 0, 0.81%, 0, 0, 11, 26.83, 2161723, 72, 0, 0
45409, 44, 61, 135, 0, 0, 0.81%, 0, 0, 11, 26.59, 2161861, 72, 0, 0
45414, 44, 61, 135, 0, 0, 0.81%, 0, 0, 11, 26.72, 2161998, 72, 0, 0
45419, 44, 99, 135, 0, 0, 0.81%, 0, 0, 11, 25.86, 2162128, 72, 0, 0
45424, 44, 99, 135, 0, 0, 0.81%, 0, 0, 11, 24.94, 2162255, 72, 0, 0
45429, 44, 99, 135, 0, 0, 0.81%, 0, 0, 11, 25.29, 2162385, 72, 0, 0
45434, 44, 99, 135, 0, 0, 0.81%, 0, 0, 11, 25.75, 2162513, 72, 0, 0
45440, 44, 99, 135, 0, 0, 0.81%, 0, 0, 11, 25.65, 2162647, 72, 0, 0
45445, 44, 9, 135, 0, 0, 0.81%, 0, 0, 11, 25.66, 2162775, 72, 0, 0
45450, 44, 2, 135, 0, 0, 0.81%, 0, 0, 11, 154.45, 2163092, 72, 0, 0
45455, 44, 52, 135, 0, 0, 0.81%, 0, 0, 11, 38.59, 2163478, 72, 0, 0
45460, 44, 16, 135, 0, 0, 0.81%, 0, 0, 11, 25.60, 2163799, 72, 0, 0
45465, 44, 16, 135, 0, 0, 0.81%, 0, 0, 11, 25.88, 2163958, 72, 0, 0
45470, 44, 57, 135, 0, 0, 0.81%, 0, 0, 11, 33.48, 2164132, 72, 0, 0
45475, 44, 57, 135, 0, 0, 0.81%, 0, 0, 11, 25.26, 2164401, 72, 0, 0
45481, 44, 99, 135, 0, 0, 0.81%, 0, 0, 11, 21.84, 2164777, 72, 0, 0
45486, 44, 99, 135, 0, 0, 0.81%, 0, 0, 11, 24.93, 2164909, 72, 0, 0
45491, 44, 99, 135, 0, 0, 0.81%, 0, 0, 11, 26.84, 2165151, 72, 0, 0
45496, 44, 52, 135, 0, 0, 0.81%, 0, 0, 11, 25.59, 2165278, 72, 0, 0
45501, 44, 14, 135, 0, 0, 0.81%, 0, 0, 11, 60.05, 2165506, 72, 0, 0
45506, 44, 14, 135, 0, 0, 0.81%, 0, 0, 11, 35.19, 2165648, 72, 0, 0
45511, 44, 14, 135, 0, 0, 0.81%, 0, 0, 11, 29.94, 2165787, 72, 0, 0
45516, 44, 18, 135, 0, 0, 0.81%, 0, 0, 11, 31.63, 2166017, 72, 0, 0
45522, 44, 94, 135, 0, 0, 0.81%, 0, 0, 11, 30.52, 2166182, 72, 0, 0
45527, 44, 94, 135, 0, 0, 0.81%, 0, 0, 11, 29.95, 2166333, 72, 0, 0
45532, 44, 94, 135, 0, 0, 0.81%, 0, 0, 11, 26.32, 2166462, 72, 0, 0
45537, 44, 94, 135, 0, 0, 0.81%, 0, 0, 11, 25.47, 2166589, 72, 0, 0
45542, 44, 94, 135, 0, 0, 0.81%, 0, 0, 11, 26.47, 2166727, 72, 0, 0
45547, 44, 35, 135, 0, 0, 0.81%, 0, 0, 11, 25.32, 2167022, 72, 0, 0
45552, 44, 35, 135, 0, 0, 0.81%, 0, 0, 11, 29.62, 2167213, 72, 0, 0
45557, 44, 132, 135, 0, 0, 0.81%, 0, 0, 11, 27.58, 2167349, 72, 0, 0
45562, 44, 27, 135, 0, 0, 0.81%, 0, 0, 11, 26.77, 2167487, 72, 0, 0
45567, 44, 27, 135, 0, 0, 0.81%, 0, 0, 11, 27.03, 2167686, 72, 0, 0
45573, 44, 94, 135, 0, 0, 0.81%, 0, 0, 11, 28.12, 2167883, 72, 0, 0
45578, 44, 94, 135, 0, 0, 0.81%, 0, 0, 11, 27.96, 2168079, 72, 0, 0
45583, 44, 94, 135, 0, 0, 0.81%, 0, 0, 11, 26.36, 2168213, 72, 0, 0
45588, 44, 94, 135, 0, 0, 0.81%, 0, 0, 11, 27.93, 2168362, 72, 0, 0
45593, 44, 94, 135, 0, 0, 0.81%, 0, 0, 11, 28.31, 2168562, 72, 0, 0
45598, 44, 19, 135, 0, 0, 0.81%, 0, 0, 11, 28.79, 2168710, 72, 0, 0
45603, 44, 19, 135, 0, 0, 0.81%, 0, 0, 11, 29.05, 2168859, 72, 0, 0
45609, 44, 61, 135, 0, 0, 0.81%, 0, 0, 11, 26.02, 2168989, 72, 0, 0
45614, 44, 61, 135, 0, 0, 0.81%, 0, 0, 11, 25.65, 2169117, 72, 0, 0
45619, 44, 61, 135, 0, 0, 0.81%, 0, 0, 11, 27.23, 2169370, 72, 0, 0
45624, 44, 32, 135, 0, 0, 0.81%, 0, 0, 11, 27.03, 2169563, 72, 0, 0
45629, 44, 32, 135, 0, 0, 0.81%, 0, 0, 11, 26.81, 2169742, 72, 0, 0
45634, 44, 49, 135, 0, 0, 0.81%, 0, 0, 11, 28.48, 2169917, 72, 0, 0
45639, 44, 22, 135, 0, 0, 0.81%, 0, 0, 11, 25.58, 2170044, 72, 0, 0
45644, 44, 22, 135, 0, 0, 0.81%, 0, 0, 11, 26.92, 2170192, 72, 0, 0
45650, 44, 14, 135, 0, 0, 0.81%, 0, 0, 11, 47.40, 2170511, 72, 0, 0
45655, 44, 100, 135, 0, 0, 0.81%, 0, 0, 11, 274.51, 2170781, 72, 0, 0
45660, 44, 100, 135, 0, 0, 0.81%, 0, 0, 11, 23.91, 2170958, 72, 0, 0
45665, 44, 100, 135, 0, 0, 0.81%, 0, 0, 11, 26.09, 2171099, 72, 0, 0
45670, 44, 9, 135, 0, 0, 0.81%, 0, 0, 11, 25.53, 2171228, 72, 0, 0
45675, 44, 9, 135, 0, 0, 0.81%, 0, 0, 11, 25.44, 2171360, 72, 0, 0
45680, 44, 24, 135, 0, 0, 0.81%, 0, 0, 11, 26.60, 2171547, 72, 0, 0
45685, 44, 51, 135, 0, 0, 0.81%, 0, 0, 11, 25.95, 2171679, 72, 0, 0
45690, 44, 51, 135, 0, 0, 0.81%, 0, 0, 11, 26.47, 2171817, 72, 0, 0
45696, 44, 130, 135, 0, 0, 0.81%, 0, 0, 11, 27.05, 2171963, 72, 0, 0
45701, 44, 130, 135, 0, 0, 0.81%, 0, 0, 11, 36.52, 2172173, 72, 0, 0
45706, 44, 69, 135, 0, 0, 0.81%, 0, 0, 11, 27.92, 2172301, 72, 0, 0
45711, 44, 45, 135, 0, 0, 0.81%, 0, 0, 11, 28.20, 2172449, 72, 0, 0
45716, 44, 45, 135, 0, 0, 0.81%, 0, 0, 11, 24.08, 2172632, 72, 0, 0
45721, 44, 45, 135, 0, 0, 0.81%, 0, 0, 11, 25.10, 2172764, 72, 0, 0
45726, 44, 14, 135, 0, 0, 0.81%, 0, 0, 11, 205.00, 2172928, 72, 0, 0
45732, 44, 14, 135, 0, 0, 0.81%, 0, 0, 11, 30.45, 2173127, 72, 0, 0
45737, 44, 84, 135, 0, 0, 0.81%, 0, 0, 11, 92.99, 2173370, 72, 0, 0
45742, 44, 84, 135, 0, 0, 0.81%, 0, 0, 11, 47.34, 2173542, 72, 0, 0
45747, 44, 99, 135, 0, 0, 0.81%, 0, 0, 11, 32.60, 2173697, 72, 0, 0
45752, 44, 99, 135, 0, 0, 0.81%, 0, 0, 11, 33.33, 2173941, 72, 0, 0
45757, 44, 99, 135, 0, 0, 0.81%, 0, 0, 11, 28.84, 2174081, 72, 0, 0
45762, 44, 99, 135, 0, 0, 0.81%, 0, 0, 11, 28.49, 2174224, 72, 0, 0
45767, 44, 61, 135, 0, 0, 0.81%, 0, 0, 11, 31.67, 2174501, 72, 0, 0
45773, 44, 61, 135, 0, 0, 0.81%, 0, 0, 11, 42.87, 2174778, 72, 0, 0
45778, 44, 51, 135, 0, 0, 0.81%, 0, 0, 11, 30.41, 2174910, 72, 0, 0
45783, 44, 51, 135, 0, 0, 0.81%, 0, 0, 11, 28.52, 2175059, 72, 0, 0
45788, 44, 20, 135, 0, 0, 0.81%, 0, 0, 11, 27.05, 2175193, 72, 0, 0
45793, 44, 98, 135, 0, 0, 0.81%, 0, 0, 11, 26.02, 2175327, 72, 0, 0
45798, 44, 68, 135, 0, 0, 0.81%, 0, 0, 11, 26.22, 2175464, 72, 0, 0
45803, 44, 17, 135, 0, 0, 0.81%, 0, 0, 11, 27.36, 2175607, 72, 0, 0
45809, 44, 17, 135, 0, 0, 0.81%, 0, 0, 11, 26.74, 2175744, 72, 0, 0
45814, 44, 126, 135, 0, 0, 0.81%, 0, 0, 11, 27.19, 2175881, 72, 0, 0
45819, 44, 126, 135, 0, 0, 0.81%, 0, 0, 11, 25.37, 2176007, 72, 0, 0
45824, 44, 126, 135, 0, 0, 0.81%, 0, 0, 11, 26.11, 2176145, 72, 0, 0
45829, 44, 126, 135, 0, 0, 0.81%, 0, 0, 11, 26.33, 2176281, 72, 0, 0
45834, 44, 126, 135, 0, 0, 0.81%, 0, 0, 11, 25.48, 2176412, 72, 0, 0
45840, 44, 32, 135, 0, 0, 0.81%, 0, 0, 11, 25.78, 2176549, 72, 0, 0
45845, 44, 32, 135, 0, 0, 0.81%, 0, 0, 11, 26.54, 2176688, 72, 0, 0
45850, 44, 90, 135, 0, 0, 0.81%, 0, 0, 11, 26.38, 2176825, 72, 0, 0
45855, 44, 90, 135, 0, 0, 0.81%, 0, 0, 11, 26.09, 2176959, 72, 0, 0
45860, 44, 73, 135, 0, 0, 0.81%, 0, 0, 11, 28.38, 2177219, 72, 0, 0
45865, 44, 16, 135, 0, 0, 0.81%, 0, 0, 11, 32.62, 2177395, 72, 0, 0
45870, 44, 16, 135, 0, 0, 0.81%, 0, 0, 11, 29.85, 2177573, 72, 0, 0
45875, 44, 7, 135, 0, 0, 0.81%, 0, 0, 11, 37.53, 2177830, 72, 0, 0
45881, 44, 57, 135, 0, 0, 0.81%, 0, 0, 11, 26.26, 2178266, 72, 0, 0
45886, 44, 57, 135, 0, 0, 0.81%, 0, 0, 11, 26.56, 2178496, 72, 0, 0
45891, 44, 9, 135, 0, 0, 0.81%, 0, 0, 11, 38.88, 2178705, 72, 0, 0
45896, 44, 9, 135, 0, 0, 0.81%, 0, 0, 11, 28.63, 2178836, 72, 0, 0
45901, 44, 18, 135, 0, 0, 0.81%, 0, 0, 11, 30.59, 2178989, 72, 0, 0
45906, 44, 18, 135, 0, 0, 0.81%, 0, 0, 11, 25.74, 2179170, 72, 0, 0
45911, 44, 11, 135, 0, 0, 0.81%, 0, 0, 11, 25.80, 2179304, 72, 0, 0
45916, 44, 23, 135, 0, 0, 0.81%, 0, 0, 11, 32.73, 2179473, 72, 0, 0
45922, 44, 32, 135, 0, 0, 0.81%, 0, 0, 11, 29.85, 2179728, 72, 0, 0
45927, 44, 32, 135, 0, 0, 0.81%, 0, 0, 11, 28.77, 2179873, 72, 0, 0
45932, 44, 95, 135, 0, 0, 0.81%, 0, 0, 11, 32.16, 2180036, 72, 0, 0
45937, 44, 95, 135, 0, 0, 0.81%, 0, 0, 11, 24.82, 2180439, 72, 0, 0
45942, 44, 94, 135, 0, 0, 0.81%, 0, 0, 11, 26.53, 2180582, 72, 0, 0
45947, 44, 94, 135, 0, 0, 0.81%, 0, 0, 11, 276.70, 2180803, 72, 0, 0
45952, 44, 94, 135, 0, 0, 0.81%, 0, 0, 11, 33.26, 2180960, 72, 0, 0
45957, 44, 94, 135, 0, 0, 0.81%, 0, 0, 11, 27.66, 2181162, 72, 0, 0
45963, 44, 94, 135, 0, 0, 0.81%, 0, 0, 11, 25.66, 2181367, 72, 0, 0
45968, 44, 33, 135, 0, 0, 0.81%, 0, 0, 11, 27.22, 2181555, 72, 0, 0
45973, 44, 33, 135, 0, 0, 0.81%, 0, 0, 11, 26.38, 2181688, 72, 0, 0
45978, 44, 47, 135, 0, 0, 0.81%, 0, 0, 11, 26.71, 2181821, 72, 0, 0
45983, 44, 47, 135, 0, 0, 0.81%, 0, 0, 11, 25.32, 2181952, 72, 0, 0
45988, 44, 47, 135, 0, 0, 0.81%, 0, 0, 11, 25.25, 2182079, 72, 0, 0
45993, 44, 47, 135, 0, 0, 0.81%, 0, 0, 11, 25.86, 2182209, 72, 0, 0
45998, 44, 54, 135, 0, 0, 0.81%, 0, 0, 11, 26.16, 2182343, 72, 0, 0
46003, 44, 21, 135, 0, 0, 0.81%, 0, 0, 11, 26.19, 2182479, 72, 0, 0
46008, 44, 21, 135, 0, 0, 0.81%, 0, 0, 11, 25.79, 2182608, 72, 0, 0
46014, 44, 43, 135, 0, 0, 0.81%, 0, 0, 11, 26.10, 2182744, 72, 0, 0
46019, 44, 11, 135, 0, 0, 0.81%, 0, 0, 11, 26.00, 2182875, 72, 0, 0
46024, 44, 82, 135, 0, 0, 0.81%, 0, 0, 11, 25.07, 2183003, 72, 0, 0
46029, 44, 82, 135, 0, 0, 0.81%, 0, 0, 11, 26.97, 2183146, 72, 0, 0
46034, 44, 14, 135, 0, 0, 0.81%, 0, 0, 11, 28.75, 2183289, 72, 0, 0
46039, 44, 14, 135, 0, 0, 0.81%, 0, 0, 11, 26.47, 2183416, 72, 0, 0
46044, 44, 30, 135, 0, 0, 0.81%, 0, 0, 11, 23.51, 2183594, 72, 0, 0
46049, 44, 11, 135, 0, 0, 0.81%, 0, 0, 11, 30.60, 2183795, 72, 0, 0
46054, 44, 100, 135, 0, 0, 0.81%, 0, 0, 11, 439.13, 2184177, 72, 0, 0
46060, 44, 111, 135, 0, 0, 0.81%, 0, 0, 11, 27.76, 2184488, 72, 0, 0
46065, 44, 111, 135, 0, 0, 0.81%, 0, 0, 11, 27.37, 2184659, 72, 0, 0
46070, 44, 111, 135, 0, 0, 0.81%, 0, 0, 11, 25.50, 2184840, 72, 0, 0
46075, 44, 111, 135, 0, 0, 0.81%, 0, 0, 11, 25.14, 2184966, 72, 0, 0
46080, 44, 111, 135, 0, 0, 0.81%, 0, 0, 11, 25.53, 2185098, 72, 0, 0
46085, 44, 111, 135, 0, 0, 0.81%, 0, 0, 11, 26.41, 2185232, 72, 0, 0
46090, 44, 111, 135, 0, 0, 0.81%, 0, 0, 11, 28.95, 2185523, 72, 0, 0
46095, 45, 18, 135, 0, 0, 0.81%, 0, 0, 11, 21.34, 2185937, 72, 0, 0
46100, 45, 14, 135, 0, 0, 0.81%, 0, 0, 11, 377.45, 2186384, 72, 0, 0
46106, 45, 30, 135, 0, 0, 0.81%, 0, 0, 11, 21.97, 2186719, 72, 0, 0
46111, 45, 98, 135, 0, 0, 0.81%, 0, 0, 11, 24.80, 2186849, 72, 0, 0
46116, 45, 34, 135, 0, 0, 0.81%, 0, 0, 11, 29.22, 2187053, 72, 0, 0
46121, 45, 14, 135, 0, 0, 0.81%, 0, 0, 11, 25.83, 2187360, 72, 0, 0
46126, 45, 98, 135, 0, 0, 0.81%, 0, 0, 11, 25.87, 2187598, 72, 0, 0
46131, 45, 34, 135, 0, 0, 0.81%, 0, 0, 11, 25.57, 2187729, 72, 0, 0
46136, 45, 57, 135, 0, 0, 0.81%, 0, 0, 11, 25.46, 2188173, 72, 0, 0
46142, 45, 57, 135, 0, 0, 0.81%, 0, 0, 11, 24.46, 2188347, 72, 0, 0
46147, 45, 57, 135, 0, 0, 0.81%, 0, 0, 11, 30.07, 2188512, 72, 0, 0
46152, 45, 110, 135, 0, 0, 0.81%, 0, 0, 11, 27.40, 2188645, 72, 0, 0
46157, 45, 110, 135, 0, 0, 0.81%, 0, 0, 11, 33.58, 2188807, 72, 0, 0
46162, 45, 20, 135, 0, 0, 0.81%, 0, 0, 11, 26.73, 2189178, 72, 0, 0
46167, 45, 34, 135, 0, 0, 0.81%, 0, 0, 11, 19.34, 2189451, 72, 0, 0
46172, 45, 99, 135, 0, 0, 0.81%, 0, 0, 11, 24.04, 2189579, 72, 0, 0
46177, 45, 99, 135, 0, 0, 0.81%, 0, 0, 11, 25.72, 2189710, 72, 0, 0
46183, 45, 99, 135, 0, 0, 0.81%, 0, 0, 11, 26.15, 2189941, 72, 0, 0
46188, 45, 99, 135, 0, 0, 0.81%, 0, 0, 11, 26.09, 2190076, 72, 0, 0
46193, 45, 132, 135, 0, 0, 0.81%, 0, 0, 11, 31.96, 2190276, 72, 0, 0
46198, 45, 50, 135, 0, 0, 0.81%, 0, 0, 11, 27.96, 2190412, 72, 0, 0
46203, 45, 50, 135, 0, 0, 0.81%, 0, 0, 11, 26.74, 2190548, 72, 0, 0
46208, 45, 50, 135, 0, 0, 0.81%, 0, 0, 11, 26.61, 2190686, 72, 0, 0
46213, 45, 50, 135, 0, 0, 0.81%, 0, 0, 11, 26.96, 2190819, 72, 0, 0
46218, 45, 51, 135, 0, 0, 0.81%, 0, 0, 11, 26.62, 2190953, 72, 0, 0
46223, 45, 51, 135, 0, 0, 0.81%, 0, 0, 11, 26.59, 2191084, 72, 0, 0
46228, 45, 32, 135, 0, 0, 0.81%, 0, 0, 11, 28.59, 2191255, 72, 0, 0
46233, 45, 111, 135, 0, 0, 0.81%, 0, 0, 11, 30.44, 2191528, 72, 0, 0
46239, 45, 111, 135, 0, 0, 0.81%, 0, 0, 11, 27.54, 2191726, 72, 0, 0
46244, 45, 111, 135, 0, 0, 0.81%, 0, 0, 11, 151.96, 2191906, 72, 0, 0
46249, 45, 111, 135, 0, 0, 0.81%, 0, 0, 11, 26.03, 2192042, 72, 0, 0
46254, 45, 111, 135, 0, 0, 0.81%, 0, 0, 11, 27.40, 2192181, 72, 0, 0
46259, 45, 111, 135, 0, 0, 0.81%, 0, 0, 11, 26.01, 2192464, 72, 0, 0
46264, 45, 111, 135, 0, 0, 0.81%, 0, 0, 11, 28.22, 2192617, 72, 0, 0
46269, 45, 61, 135, 0, 0, 0.81%, 0, 0, 11, 25.57, 2192848, 72, 0, 0
46274, 45, 61, 135, 0, 0, 0.81%, 0, 0, 11, 25.60, 2193094, 72, 0, 0
46279, 45, 61, 135, 0, 0, 0.81%, 0, 0, 11, 27.50, 2193329, 72, 0, 0
46284, 45, 20, 135, 0, 0, 0.81%, 0, 0, 11, 27.56, 2193470, 72, 0, 0
46289, 45, 32, 136, 1, 0, 0.81%, 0, 0, 11, 24.23, 2193640, 72, 0, 0
46294, 45, 32, 136, 1, 0, 0.81%, 0, 0, 11, 25.65, 2193772, 72, 0, 0
46300, 45, 77, 136, 1, 0, 0.81%, 0, 0, 11, 26.36, 2193910, 72, 0, 0
46305, 45, 77, 136, 1, 0, 0.81%, 0, 0, 11, 25.38, 2194040, 72, 0, 0
46310, 45, 77, 136, 1, 0, 0.81%, 0, 0, 11, 39.39, 2194414, 72, 0, 0
46315, 45, 45, 136, 1, 0, 0.81%, 0, 0, 11, 29.63, 2194911, 72, 0, 0
46320, 45, 111, 136, 1, 0, 0.81%, 0, 0, 11, 245.00, 2195422, 72, 0, 0
46325, 45, 111, 136, 1, 0, 0.81%, 0, 0, 11, 24.93, 2195609, 72, 0, 0
46330, 45, 111, 136, 1, 0, 0.81%, 0, 0, 11, 25.35, 2195738, 72, 0, 0
46335, 45, 111, 136, 1, 0, 0.81%, 0, 0, 11, 25.14, 2195863, 72, 0, 0
46340, 45, 111, 136, 1, 0, 0.81%, 0, 0, 11, 29.80, 2196023, 72, 0, 0
46346, 45, 111, 136, 1, 0, 0.81%, 0, 0, 11, 27.61, 2196159, 72, 0, 0
46351, 45, 111, 136, 1, 0, 0.81%, 0, 0, 11, 26.06, 2196287, 72, 0, 0
46356, 45, 111, 136, 1, 0, 0.81%, 0, 0, 11, 26.04, 2196422, 72, 0, 0
46361, 45, 111, 136, 1, 0, 0.81%, 0, 0, 11, 27.24, 2196564, 72, 0, 0
46366, 45, 111, 136, 1, 0, 0.81%, 0, 0, 11, 29.62, 2196715, 72, 0, 0
46371, 45, 14, 136, 1, 0, 0.81%, 0, 0, 11, 32.59, 2196883, 72, 0, 0
46376, 45, 14, 136, 1, 0, 0.81%, 0, 0, 11, 26.17, 2197071, 72, 0, 0
46381, 45, 33, 136, 1, 0, 0.81%, 0, 0, 11, 29.65, 2197220, 72, 0, 0
46387, 45, 30, 136, 1, 0, 0.81%, 0, 0, 11, 23.71, 2197530, 72, 0, 0
46392, 45, 98, 136, 1, 0, 0.81%, 0, 0, 11, 24.54, 2197737, 72, 0, 0
46397, 45, 61, 136, 1, 0, 0.81%, 0, 0, 11, 25.69, 2197869, 72, 0, 0
46402, 45, 61, 136, 1, 0, 0.81%, 0, 0, 11, 25.83, 2198003, 72, 0, 0
46407, 45, 61, 136, 1, 0, 0.81%, 0, 0, 11, 28.23, 2198151, 72, 0, 0
46412, 45, 61, 136, 1, 0, 0.81%, 0, 0, 11, 26.60, 2198341, 72, 0, 0
46417, 45, 13, 136, 1, 0, 0.81%, 0, 0, 11, 27.01, 2198536, 72, 0, 0
46423, 45, 16, 136, 1, 0, 0.81%, 0, 0, 11, 26.09, 2198773, 72, 0, 0
46428, 45, 16, 136, 1, 0, 0.81%, 0, 0, 11, 27.54, 2198915, 72, 0, 0
46433, 45, 28, 136, 1, 0, 0.81%, 0, 0, 11, 32.41, 2199078, 72, 0, 0
46438, 45, 30, 136, 1, 0, 0.81%, 0, 0, 11, 25.55, 2199351, 72, 0, 0
46443, 45, 23, 136, 1, 0, 0.81%, 0, 0, 11, 27.50, 2199502, 72, 0, 0
46448, 45, 23, 136, 1, 0, 0.81%, 0, 0, 11, 26.77, 2199637, 72, 0, 0
46453, 45, 98, 136, 1, 0, 0.81%, 0, 0, 11, 26.65, 2199776, 72, 0, 0
46458, 45, 97, 136, 1, 0, 0.81%, 0, 0, 11, 25.58, 2199906, 72, 0, 0
46463, 45, 97, 136, 1, 0, 0.81%, 0, 0, 11, 26.00, 2200038, 72, 0, 0
46469, 45, 97, 136, 1, 0, 0.81%, 0, 0, 11, 26.15, 2200172, 72, 0, 0
46474, 45, 97, 136, 1, 0, 0.81%, 0, 0, 11, 26.12, 2200303, 72, 0, 0
46479, 45, 97, 136, 1, 0, 0.81%, 0, 0, 11, 26.37, 2200439, 72, 0, 0
46484, 45, 99, 136, 1, 0, 0.81%, 0, 0, 11, 23.53, 2200671, 72, 0, 0
46489, 45, 99, 136, 1, 0, 0.81%, 0, 0, 11, 29.17, 2200828, 72, 0, 0
46494, 45, 99, 136, 1, 0, 0.81%, 0, 0, 11, 27.00, 2200964, 72, 0, 0
46499, 45, 52, 136, 1, 0, 0.81%, 0, 0, 11, 25.58, 2201092, 72, 0, 0
46504, 45, 52, 136, 1, 0, 0.81%, 0, 0, 11, 25.57, 2201222, 72, 0, 0
46509, 45, 10, 136, 1, 0, 0.81%, 0, 0, 11, 32.60, 2201484, 72, 0, 0
46514, 45, 107, 136, 1, 0, 0.81%, 0, 0, 11, 31.05, 2201764, 72, 0, 0
46519, 45, 107, 136, 1, 0, 0.81%, 0, 0, 11, 26.19, 2201887, 72, 0, 0
46525, 45, 107, 136, 1, 0, 0.81%, 0, 0, 11, 24.89, 2202128, 72, 0, 0
46530, 45, 107, 136, 1, 0, 0.81%, 0, 0, 11, 25.66, 2202257, 72, 0, 0
46535, 45, 26, 136, 1, 0, 0.81%, 0, 0, 11, 27.17, 2202471, 72, 0, 0
46540, 45, 26, 136, 1, 0, 0.81%, 0, 0, 11, 28.23, 2202610, 72, 0, 0
46545, 45, 57, 136, 1, 0, 0.81%, 0, 0, 11, 190.87, 2202910, 72, 0, 0
46550, 45, 57, 136, 1, 0, 0.81%, 0, 0, 11, 19.38, 2203285, 72, 0, 0
46555, 45, 57, 136, 1, 0, 0.81%, 0, 0, 11, 23.86, 2203409, 72, 0, 0
46560, 45, 43, 136, 1, 0, 0.81%, 0, 0, 11, 26.43, 2203552, 72, 0, 0
46565, 45, 21, 136, 1, 0, 0.81%, 0, 0, 11, 27.40, 2203689, 72, 0, 0
46571, 45, 21, 136, 1, 0, 0.81%, 0, 0, 11, 26.60, 2203827, 72, 0, 0
46576, 45, 47, 136, 1, 0, 0.81%, 0, 0, 11, 44.18, 2204044, 72, 0, 0
46581, 45, 47, 136, 1, 0, 0.81%, 0, 0, 11, 42.63, 2204253, 72, 0, 0
46586, 45, 47, 136, 1, 0, 0.81%, 0, 0, 11, 26.44, 2204461, 72, 0, 0
46591, 45, 80, 136, 1, 0, 0.81%, 0, 0, 11, 25.77, 2204591, 72, 0, 0
46596, 45, 80, 136, 1, 0, 0.81%, 0, 0, 11, 27.88, 2204731, 72, 0, 0
46601, 45, 80, 136, 1, 0, 0.81%, 0, 0, 11, 29.99, 2204889, 72, 0, 0
46606, 45, 80, 136, 1, 0, 0.81%, 0, 0, 11, 32.16, 2205106, 72, 0, 0
46611, 45, 2, 136, 1, 0, 0.81%, 0, 0, 11, 37.70, 2205297, 72, 0, 0
46616, 45, 27, 136, 1, 0, 0.81%, 0, 0, 11, 41.14, 2205529, 72, 0, 0
46622, 45, 27, 136, 1, 0, 0.81%, 0, 0, 11, 32.93, 2205681, 72, 0, 0
46627, 45, 55, 136, 1, 0, 0.81%, 0, 0, 11, 27.57, 2205809, 72, 0, 0
46632, 45, 30, 136, 1, 0, 0.81%, 0, 0, 11, 24.87, 2205996, 72, 0, 0
46637, 45, 30, 136, 1, 0, 0.81%, 0, 0, 11, 25.54, 2206131, 72, 0, 0
46642, 45, 111, 136, 1, 0, 0.81%, 0, 0, 11, 24.77, 2206314, 72, 0, 0
46647, 45, 111, 136, 1, 0, 0.81%, 0, 0, 11, 26.50, 2206450, 72, 0, 0
46652, 45, 111, 136, 1, 0, 0.81%, 0, 0, 11, 33.96, 2206659, 72, 0, 0
46657, 45, 111, 136, 1, 0, 0.81%, 0, 0, 11, 25.10, 2206899, 72, 0, 0
46662, 45, 111, 136, 1, 0, 0.81%, 0, 0, 11, 26.95, 2207044, 72, 0, 0
46668, 45, 111, 136, 1, 0, 0.81%, 0, 0, 11, 25.70, 2207203, 72, 0, 0
46673, 45, 111, 136, 1, 0, 0.81%, 0, 0, 11, 27.94, 2207347, 72, 0, 0
46678, 45, 111, 136, 1, 0, 0.81%, 0, 0, 11, 26.75, 2207484, 72, 0, 0
46683, 45, 30, 136, 1, 0, 0.81%, 0, 0, 11, 29.40, 2207677, 72, 0, 0
46688, 45, 30, 136, 1, 0, 0.81%, 0, 0, 11, 25.91, 2207806, 72, 0, 0
46693, 45, 45, 136, 1, 0, 0.81%, 0, 0, 11, 37.87, 2207983, 72, 0, 0
46698, 45, 45, 136, 1, 0, 0.81%, 0, 0, 11, 28.65, 2208116, 72, 0, 0
46704, 45, 45, 136, 1, 0, 0.81%, 0, 0, 11, 26.30, 2208250, 72, 0, 0
46709, 45, 94, 136, 1, 0, 0.81%, 0, 0, 11, 25.97, 2208460, 72, 0, 0
46714, 45, 94, 136, 1, 0, 0.81%, 0, 0, 11, 26.35, 2208596, 72, 0, 0
46719, 45, 94, 136, 1, 0, 0.81%, 0, 0, 11, 23.90, 2208763, 72, 0, 0
46724, 45, 94, 136, 1, 0, 0.81%, 0, 0, 11, 25.34, 2208894, 72, 0, 0
46729, 45, 94, 136, 1, 0, 0.81%, 0, 0, 11, 25.83, 2209029, 72, 0, 0
46734, 45, 94, 136, 1, 0, 0.81%, 0, 0, 11, 28.48, 2209175, 72, 0, 0
46740, 45, 94, 136, 1, 0, 0.81%, 0, 0, 11, 28.81, 2209318, 72, 0, 0
46745, 45, 36, 136, 1, 0, 0.81%, 0, 0, 11, 32.85, 2209543, 72, 0, 0
46750, 45, 113, 136, 1, 0, 0.81%, 0, 0, 11, 74.87, 2210121, 72, 0, 0
46755, 45, 113, 136, 1, 0, 0.81%, 0, 0, 11, 67.44, 2210518, 72, 0, 0
46760, 45, 30, 136, 1, 0, 0.81%, 0, 0, 11, 71.63, 2210888, 72, 0, 0
46765, 45, 37, 136, 1, 0, 0.81%, 0, 0, 11, 50.05, 2211166, 72, 0, 0
46770, 45, 37, 136, 1, 0, 0.81%, 0, 0, 11, 30.80, 2211290, 72, 0, 0
46775, 45, 37, 136, 1, 0, 0.81%, 0, 0, 11, 27.29, 2211426, 72, 0, 0
46781, 45, 27, 136, 1, 0, 0.81%, 0, 0, 11, 25.98, 2211560, 72, 0, 0
46786, 45, 27, 136, 1, 0, 0.81%, 0, 0, 11, 25.52, 2211688, 72, 0, 0
46791, 45, 26, 136, 1, 0, 0.81%, 0, 0, 11, 25.21, 2211816, 72, 0, 0
46796, 45, 26, 136, 1, 0, 0.81%, 0, 0, 11, 25.66, 2211951, 72, 0, 0
46801, 45, 35, 136, 1, 0, 0.81%, 0, 0, 11, 26.54, 2212089, 72, 0, 0
46806, 45, 35, 136, 1, 0, 0.81%, 0, 0, 11, 26.16, 2212224, 72, 0, 0
46812, 45, 111, 136, 1, 0, 0.81%, 0, 0, 11, 132.79, 2213089, 72, 0, 0
46817, 45, 111, 136, 1, 0, 0.81%, 0, 0, 11, 109.27, 2213771, 72, 0, 0
46822, 45, 20, 136, 1, 0, 0.81%, 0, 0, 11, 165.35, 2214089, 72, 0, 0
46827, 45, 64, 136, 1, 0, 0.81%, 0, 0, 11, 390.83, 2215166, 72, 0, 0
46832, 45, 94, 136, 1, 0, 0.81%, 0, 0, 11, 17.79, 2215932, 72, 0, 0
46837, 45, 94, 136, 1, 0, 0.81%, 0, 0, 11, 354.21, 2216393, 72, 0, 0
46842, 45, 94, 136, 1, 0, 0.81%, 0, 0, 11, 28.16, 2216796, 72, 0, 0
46847, 45, 135, 136, 1, 0, 0.81%, 0, 0, 11, 21.13, 2216897, 72, 0, 0
46852, 45, 135, 136, 1, 0, 0.81%, 0, 0, 11, 23.45, 2217013, 72, 0, 0
46858, 45, 135, 136, 1, 0, 0.81%, 0, 0, 11, 25.52, 2217148, 72, 0, 0
46863, 45, 135, 137, 2, 0, 0.81%, 0, 0, 11, 30.15, 2217300, 72, 0, 0
46868, 45, 135, 137, 2, 0, 0.81%, 0, 0, 11, 38.71, 2217506, 72, 0, 0
46873, 45, 94, 137, 1, 0, 0.81%, 0, 0, 11, 429.76, 2218028, 72, 0, 0
46878, 45, 45, 137, 1, 0, 0.81%, 0, 0, 11, 409.69, 2219275, 72, 0, 0
46883, 45, 14, 137, 1, 0, 0.81%, 0, 0, 11, 15.98, 2219746, 72, 0, 0
46888, 45, 111, 137, 1, 0, 0.81%, 0, 0, 11, 192.45, 2220316, 72, 0, 0
46893, 45, 111, 137, 1, 0, 0.81%, 0, 0, 11, 19.06, 2220782, 72, 0, 0
46899, 45, 94, 137, 1, 0, 0.81%, 0, 0, 11, 214.87, 2221794, 72, 0, 0
46904, 45, 94, 137, 1, 0, 0.81%, 0, 0, 11, 248.80, 2222369, 72, 0, 0
46909, 45, 111, 137, 1, 0, 0.81%, 0, 0, 11, 211.72, 2223125, 72, 0, 0
46914, 45, 111, 137, 1, 0, 0.81%, 0, 0, 11, 196.18, 2223913, 72, 0, 0
46919, 45, 30, 137, 1, 0, 0.81%, 0, 0, 11, 420.56, 2225367, 72, 0, 0
46924, 45, 100, 137, 1, 0, 0.81%, 0, 0, 11, 253.75, 2226220, 72, 0, 0
46929, 45, 45, 137, 1, 0, 0.81%, 0, 0, 11, 156.25, 2227063, 72, 0, 0
46935, 45, 45, 137, 1, 0, 0.81%, 0, 0, 11, 13.19, 2227340, 72, 0, 0
46940, 45, 45, 137, 1, 0, 0.81%, 0, 0, 11, 210.98, 2227876, 72, 0, 0
46945, 45, 136, 137, 1, 0, 0.81%, 0, 0, 11, 18.74, 2228185, 72, 0, 0
46950, 45, 136, 137, 1, 0, 0.81%, 0, 0, 11, 16.82, 2228268, 72, 0, 0
46955, 45, 136, 137, 1, 0, 0.81%, 0, 0, 11, 18.15, 2228360, 72, 0, 0
46960, 45, 136, 137, 1, 0, 0.81%, 0, 0, 11, 21.07, 2228468, 72, 0, 0
46965, 45, 136, 137, 1, 0, 0.81%, 0, 0, 11, 35.17, 2228667, 72, 0, 0
46970, 45, 94, 137, 0, 0, 0.81%, 0, 0, 11, 38.72, 2229041, 72, 0, 0
46975, 45, 94, 137, 0, 0, 0.81%, 0, 0, 11, 21.85, 2229324, 72, 0, 0
46980, 45, 34, 137, 0, 0, 0.81%, 0, 0, 11, 349.69, 2229845, 72, 0, 0
46985, 45, 98, 137, 0, 0, 0.81%, 0, 0, 11, 26.27, 2230038, 72, 0, 0
46990, 45, 6, 137, 0, 0, 0.81%, 0, 0, 11, 26.11, 2230169, 72, 0, 0
46996, 45, 52, 137, 0, 0, 0.81%, 0, 0, 11, 25.41, 2230303, 72, 0, 0
47001, 45, 52, 137, 0, 0, 0.81%, 0, 0, 11, 25.48, 2230433, 72, 0, 0
47006, 45, 23, 137, 0, 0, 0.81%, 0, 0, 11, 38.93, 2230636, 72, 0, 0
47011, 45, 23, 137, 0, 0, 0.81%, 0, 0, 11, 28.74, 2230766, 72, 0, 0
47016, 45, 16, 137, 0, 0, 0.81%, 0, 0, 11, 22.22, 2231000, 72, 0, 0
47021, 45, 16, 137, 0, 0, 0.81%, 0, 0, 11, 26.05, 2231137, 72, 0, 0
47027, 45, 126, 137, 0, 0, 0.81%, 0, 0, 11, 30.53, 2231366, 72, 0, 0
47032, 45, 126, 137, 0, 0, 0.81%, 0, 0, 11, 31.02, 2231627, 72, 0, 0
47037, 45, 126, 137, 0, 0, 0.81%, 0, 0, 11, 30.20, 2231779, 72, 0, 0
47042, 45, 99, 137, 0, 0, 0.81%, 0, 0, 11, 26.75, 2231993, 72, 0, 0
47047, 45, 99, 137, 0, 0, 0.81%, 0, 0, 11, 27.33, 2232134, 72, 0, 0
47052, 45, 99, 137, 0, 0, 0.81%, 0, 0, 11, 26.41, 2232270, 72, 0, 0
47058, 45, 111, 137, 0, 0, 0.81%, 0, 0, 11, 38.76, 2232551, 72, 0, 0
47063, 45, 111, 137, 0, 0, 0.81%, 0, 0, 11, 28.32, 2232678, 72, 0, 0
47068, 45, 111, 137, 0, 0, 0.81%, 0, 0, 11, 25.04, 2232804, 72, 0, 0
47073, 45, 111, 137, 0, 0, 0.81%, 0, 0, 11, 27.19, 2232944, 72, 0, 0
47078, 45, 111, 137, 0, 0, 0.81%, 0, 0, 11, 23.61, 2233254, 72, 0, 0
47083, 45, 94, 137, 0, 0, 0.81%, 0, 0, 11, 40.63, 2233787, 72, 0, 0
47088, 45, 94, 137, 0, 0, 0.81%, 0, 0, 11, 266.01, 2234040, 72, 0, 0
47093, 45, 94, 137, 0, 0, 0.81%, 0, 0, 11, 25.16, 2234174, 72, 0, 0
47098, 45, 94, 137, 0, 0, 0.81%, 0, 0, 11, 25.98, 2234309, 72, 0, 0
47103, 45, 94, 137, 0, 0, 0.81%, 0, 0, 11, 26.28, 2234439, 72, 0, 0
47108, 45, 94, 137, 0, 0, 0.81%, 0, 0, 11, 25.23, 2234566, 72, 0, 0
47114, 45, 100, 137, 0, 0, 0.81%, 0, 0, 11, 28.08, 2234712, 72, 0, 0
47119, 45, 100, 137, 0, 0, 0.81%, 0, 0, 11, 26.41, 2234845, 72, 0, 0
47124, 45, 100, 137, 0, 0, 0.81%, 0, 0, 11, 25.19, 2234973, 72, 0, 0
47129, 45, 100, 137, 0, 0, 0.81%, 0, 0, 11, 26.60, 2235114, 72, 0, 0
47134, 45, 100, 137, 0, 0, 0.81%, 0, 0, 11, 25.86, 2235246, 72, 0, 0
47139, 45, 100, 137, 0, 0, 0.81%, 0, 0, 11, 26.27, 2235413, 72, 0, 0
47144, 45, 100, 137, 0, 0, 0.81%, 0, 0, 11, 26.10, 2235543, 72, 0, 0
47149, 45, 100, 137, 0, 0, 0.81%, 0, 0, 11, 26.96, 2235681, 72, 0, 0
47155, 45, 16, 137, 0, 0, 0.81%, 0, 0, 11, 30.72, 2235912, 72, 0, 0
47160, 45, 16, 137, 0, 0, 0.81%, 0, 0, 11, 27.01, 2236124, 72, 0, 0
47165, 45, 58, 137, 0, 0, 0.81%, 0, 0, 11, 26.53, 2236300, 72, 0, 0
47170, 45, 58, 137, 0, 0, 0.81%, 0, 0, 11, 26.42, 2236432, 72, 0, 0
47175, 45, 58, 137, 0, 0, 0.81%, 0, 0, 11, 25.64, 2236559, 72, 0, 0
47180, 45, 58, 137, 0, 0, 0.81%, 0, 0, 11, 25.22, 2236688, 72, 0, 0
47185, 45, 19, 137, 0, 0, 0.81%, 0, 0, 11, 26.32, 2236850, 72, 0, 0
47190, 45, 19, 137, 0, 0, 0.81%, 0, 0, 11, 26.28, 2236987, 72, 0, 0
47195, 45, 36, 137, 0, 0, 0.81%, 0, 0, 11, 26.64, 2237123, 72, 0, 0
47201, 45, 36, 137, 0, 0, 0.81%, 0, 0, 11, 26.47, 2237262, 72, 0, 0
47206, 45, 94, 137, 0, 0, 0.81%, 0, 0, 11, 26.37, 2237395, 72, 0, 0
47211, 45, 94, 137, 0, 0, 0.81%, 0, 0, 11, 26.23, 2237530, 72, 0, 0
47216, 45, 94, 137, 0, 0, 0.81%, 0, 0, 11, 26.18, 2237663, 72, 0, 0
47221, 45, 94, 137, 0, 0, 0.81%, 0, 0, 11, 25.97, 2237797, 72, 0, 0
47226, 45, 94, 137, 0, 0, 0.81%, 0, 0, 11, 24.00, 2237963, 72, 0, 0
47231, 45, 94, 137, 0, 0, 0.81%, 0, 0, 11, 25.66, 2238096, 72, 0, 0
47236, 45, 47, 137, 0, 0, 0.81%, 0, 0, 11, 28.66, 2238250, 72, 0, 0
47242, 45, 47, 137, 0, 0, 0.81%, 0, 0, 11, 31.66, 2238538, 72, 0, 0
47247, 45, 47, 137, 0, 0, 0.81%, 0, 0, 11, 27.67, 2238675, 72, 0, 0
47252, 45, 47, 137, 0, 0, 0.81%, 0, 0, 11, 28.60, 2238829, 72, 0, 0
47257, 45, 21, 137, 0, 0, 0.81%, 0, 0, 11, 27.51, 2239082, 72, 0, 0
47262, 45, 21, 137, 0, 0, 0.81%, 0, 0, 11, 33.18, 2239288, 72, 0, 0
47267, 45, 21, 137, 0, 0, 0.81%, 0, 0, 11, 30.34, 2239439, 72, 0, 0
47272, 45, 20, 137, 0, 0, 0.81%, 0, 0, 11, 27.39, 2239574, 72, 0, 0
47277, 45, 45, 137, 0, 0, 0.81%, 0, 0, 11, 25.85, 2239705, 72, 0, 0
47283, 45, 45, 137, 0, 0, 0.81%, 0, 0, 11, 25.26, 2239831, 72, 0, 0
47288, 45, 45, 137, 0, 0, 0.81%, 0, 0, 11, 25.88, 2239963, 72, 0, 0
47293, 45, 45, 137, 0, 0, 0.81%, 0, 0, 11, 24.73, 2240089, 72, 0, 0
47298, 45, 20, 137, 0, 0, 0.81%, 0, 0, 11, 25.24, 2240221, 72, 0, 0
47303, 45, 21, 137, 0, 0, 0.81%, 0, 0, 11, 25.08, 2240353, 72, 0, 0
47308, 45, 21, 137, 0, 0, 0.81%, 0, 0, 11, 25.23, 2240481, 72, 0, 0
47314, 45, 35, 137, 0, 0, 0.81%, 0, 0, 11, 26.40, 2240621, 72, 0, 0
47319, 45, 35, 137, 0, 0, 0.81%, 0, 0, 11, 26.47, 2240759, 72, 0, 0
47324, 45, 35, 137, 0, 0, 0.81%, 0, 0, 11, 29.40, 2240914, 72, 0, 0
47329, 45, 13, 137, 0, 0, 0.81%, 0, 0, 11, 26.34, 2241046, 72, 0, 0
47334, 45, 13, 137, 0, 0, 0.81%, 0, 0, 11, 29.08, 2241203, 72, 0, 0
47339, 45, 47, 137, 0, 0, 0.81%, 0, 0, 11, 26.44, 2241333, 72, 0, 0
47344, 45, 47, 137, 0, 0, 0.81%, 0, 0, 11, 29.59, 2241477, 72, 0, 0
47349, 45, 47, 137, 0, 0, 0.81%, 0, 0, 11, 27.48, 2241647, 72, 0, 0
47354, 45, 47, 137, 0, 0, 0.81%, 0, 0, 11, 25.87, 2241773, 72, 0, 0
47359, 45, 87, 137, 0, 0, 0.81%, 0, 0, 11, 25.53, 2241904, 72, 0, 0
47365, 45, 87, 137, 0, 0, 0.81%, 0, 0, 11, 26.01, 2242101, 72, 0, 0
47370, 45, 87, 137, 0, 0, 0.81%, 0, 0, 11, 26.29, 2242305, 72, 0, 0
47375, 46, 21, 137, 0, 0, 0.81%, 0, 0, 11, 32.49, 2242473, 72, 0, 0
47380, 46, 21, 137, 0, 0, 0.81%, 0, 0, 11, 30.08, 2242632, 72, 0, 0
47385, 46, 21, 137, 0, 0, 0.81%, 0, 0, 11, 27.08, 2242763, 72, 0, 0
47390, 46, 99, 137, 0, 0, 0.81%, 0, 0, 11, 27.13, 2242907, 72, 0, 0
47395, 46, 99, 137, 0, 0, 0.81%, 0, 0, 11, 26.31, 2243037, 72, 0, 0
47401, 46, 99, 137, 0, 0, 0.81%, 0, 0, 11, 31.36, 2243266, 72, 0, 0
47406, 46, 45, 137, 0, 0, 0.81%, 0, 0, 11, 26.29, 2243583, 72, 0, 0
47411, 46, 45, 137, 0, 0, 0.81%, 0, 0, 11, 26.27, 2243717, 72, 0, 0
47416, 46, 45, 137, 0, 0, 0.81%, 0, 0, 11, 25.78, 2243848, 72, 0, 0
47421, 46, 45, 137, 0, 0, 0.81%, 0, 0, 11, 28.44, 2243991, 72, 0, 0
47426, 46, 45, 137, 0, 0, 0.81%, 0, 0, 11, 26.86, 2244122, 72, 0, 0
47431, 46, 45, 137, 0, 0, 0.81%, 0, 0, 11, 28.58, 2244348, 72, 0, 0
47436, 46, 45, 137, 0, 0, 0.81%, 0, 0, 11, 26.83, 2244486, 72, 0, 0
47441, 46, 9, 137, 0, 0, 0.81%, 0, 0, 11, 26.97, 2244621, 72, 0, 0
47446, 46, 9, 137, 0, 0, 0.81%, 0, 0, 11, 31.23, 2244864, 72, 0, 0
47452, 46, 16, 137, 0, 0, 0.81%, 0, 0, 11, 16.67, 2245464, 72, 0, 0
47457, 46, 16, 137, 0, 0, 0.81%, 0, 0, 11, 24.99, 2245603, 72, 0, 0
47462, 46, 16, 137, 0, 0, 0.81%, 0, 0, 11, 25.71, 2245737, 72, 0, 0
47467, 46, 14, 137, 0, 0, 0.81%, 0, 0, 11, 26.01, 2245873, 72, 0, 0
47472, 46, 14, 137, 0, 0, 0.81%, 0, 0, 11, 26.04, 2246007, 72, 0, 0
47477, 46, 14, 137, 0, 0, 0.81%, 0, 0, 11, 26.22, 2246143, 72, 0, 0
47482, 46, 94, 137, 0, 0, 0.81%, 0, 0, 11, 26.01, 2246276, 72, 0, 0
47487, 46, 94, 137, 0, 0, 0.81%, 0, 0, 11, 255.81, 2246460, 72, 0, 0
47492, 46, 94, 137, 0, 0, 0.81%, 0, 0, 11, 24.92, 2246590, 72, 0, 0
47498, 46, 94, 137, 0, 0, 0.81%, 0, 0, 11, 25.84, 2246725, 72, 0, 0
47503, 46, 94, 137, 0, 0, 0.81%, 0, 0, 11, 27.49, 2246873, 72, 0, 0
47508, 46, 80, 137, 0, 0, 0.81%, 0, 0, 11, 23.57, 2247266, 72, 0, 0
47513, 46, 80, 137, 0, 0, 0.81%, 0, 0, 11, 205.24, 2247440, 72, 0, 0
47518, 46, 80, 137, 0, 0, 0.81%, 0, 0, 11, 26.11, 2247653, 72, 0, 0
47523, 46, 108, 137, 0, 0, 0.81%, 0, 0, 11, 24.05, 2247809, 72, 0, 0
47528, 46, 88, 137, 0, 0, 0.81%, 0, 0, 11, 31.31, 2247996, 72, 0, 0
47533, 46, 88, 137, 0, 0, 0.81%, 0, 0, 11, 27.06, 2248125, 72, 0, 0
47539, 46, 88, 137, 0, 0, 0.81%, 0, 0, 11, 26.43, 2248260, 72, 0, 0
47544, 46, 18, 137, 0, 0, 0.81%, 0, 0, 11, 29.14, 2248558, 72, 0, 0
47549, 46, 18, 137, 0, 0, 0.81%, 0, 0, 11, 26.95, 2248692, 72, 0, 0
47554, 46, 16, 137, 0, 0, 0.81%, 0, 0, 11, 36.32, 2248996, 72, 0, 0
47559, 46, 14, 137, 0, 0, 0.81%, 0, 0, 11, 34.31, 2249305, 72, 0, 0
47564, 46, 51, 137, 0, 0, 0.81%, 0, 0, 11, 25.74, 2249523, 72, 0, 0
47569, 46, 61, 137, 0, 0, 0.81%, 0, 0, 11, 215.69, 2249777, 72, 0, 0
47574, 46, 61, 137, 0, 0, 0.81%, 0, 0, 11, 22.80, 2249959, 72, 0, 0
47579, 46, 61, 137, 0, 0, 0.81%, 0, 0, 11, 28.53, 2250113, 72, 0, 0
47585, 46, 61, 137, 0, 0, 0.81%, 0, 0, 11, 26.45, 2250245, 72, 0, 0
47590, 46, 14, 137, 0, 0, 0.81%, 0, 0, 11, 20.24, 2250630, 72, 0, 0
47595, 46, 14, 137, 0, 0, 0.81%, 0, 0, 11, 24.20, 2250777, 72, 0, 0
47600, 46, 7, 137, 0, 0, 0.81%, 0, 0, 11, 26.63, 2250916, 72, 0, 0
47605, 46, 7, 137, 0, 0, 0.81%, 0, 0, 11, 26.26, 2251049, 72, 0, 0
47610, 46, 7, 137, 0, 0, 0.81%, 0, 0, 11, 27.28, 2251193, 72, 0, 0
47615, 46, 30, 137, 0, 0, 0.81%, 0, 0, 11, 27.57, 2251330, 72, 0, 0
47621, 46, 30, 137, 0, 0, 0.81%, 0, 0, 11, 25.91, 2251465, 72, 0, 0
47626, 46, 90, 137, 0, 0, 0.81%, 0, 0, 11, 25.76, 2251596, 72, 0, 0
47631, 46, 90, 137, 0, 0, 0.81%, 0, 0, 11, 24.99, 2251725, 72, 0, 0
47636, 46, 99, 137, 0, 0, 0.81%, 0, 0, 11, 26.25, 2251910, 72, 0, 0
47641, 46, 99, 137, 0, 0, 0.81%, 0, 0, 11, 26.11, 2252044, 72, 0, 0
47646, 46, 99, 137, 0, 0, 0.81%, 0, 0, 11, 26.06, 2252175, 72, 0, 0
47651, 46, 99, 137, 0, 0, 0.81%, 0, 0, 11, 25.52, 2252303, 72, 0, 0
47656, 46, 99, 137, 0, 0, 0.81%, 0, 0, 11, 25.95, 2252439, 72, 0, 0
47661, 46, 111, 137, 0, 0, 0.81%, 0, 0, 11, 25.58, 2252565, 72, 0, 0
47666, 46, 111, 137, 0, 0, 0.81%, 0, 0, 11, 25.94, 2252699, 72, 0, 0
47672, 46, 111, 137, 0, 0, 0.81%, 0, 0, 11, 49.58, 2252911, 72, 0, 0
47677, 46, 111, 137, 0, 0, 0.81%, 0, 0, 11, 31.09, 2253044, 72, 0, 0
47682, 46, 111, 137, 0, 0, 0.81%, 0, 0, 11, 27.16, 2253173, 72, 0, 0
47687, 46, 111, 137, 0, 0, 0.81%, 0, 0, 11, 26.76, 2253309, 72, 0, 0
47692, 46, 111, 137, 0, 0, 0.81%, 0, 0, 11, 25.45, 2253433, 72, 0, 0
47697, 46, 111, 137, 0, 0, 0.81%, 0, 0, 11, 25.52, 2253561, 72, 0, 0
47702, 46, 111, 137, 0, 0, 0.81%, 0, 0, 11, 25.87, 2253699, 72, 0, 0
47707, 46, 111, 137, 0, 0, 0.81%, 0, 0, 11, 25.99, 2253833, 72, 0, 0
47713, 46, 33, 137, 0, 0, 0.81%, 0, 0, 11, 25.76, 2253966, 72, 0, 0
47718, 46, 33, 137, 0, 0, 0.81%, 0, 0, 11, 26.66, 2254103, 72, 0, 0
47723, 46, 30, 137, 0, 0, 0.81%, 0, 0, 11, 25.95, 2254237, 72, 0, 0
47728, 46, 30, 137, 0, 0, 0.81%, 0, 0, 11, 26.15, 2254371, 72, 0, 0
47733, 46, 94, 137, 0, 0, 0.81%, 0, 0, 11, 25.47, 2254498, 72, 0, 0
47738, 46, 94, 137, 0, 0, 0.81%, 0, 0, 11, 25.09, 2254623, 72, 0, 0
47743, 46, 94, 137, 0, 0, 0.81%, 0, 0, 11, 26.40, 2254762, 72, 0, 0
47748, 46, 94, 137, 0, 0, 0.81%, 0, 0, 11, 26.11, 2254898, 72, 0, 0
47754, 46, 94, 137, 0, 0, 0.81%, 0, 0, 11, 26.47, 2255032, 72, 0, 0
47759, 46, 94, 137, 0, 0, 0.81%, 0, 0, 11, 26.77, 2255168, 72, 0, 0
47764, 46, 38, 137, 0, 0, 0.81%, 0, 0, 11, 26.03, 2255356, 72, 0, 0
47769, 46, 111, 137, 0, 0, 0.81%, 0, 0, 11, 26.18, 2255493, 72, 0, 0
47774, 46, 111, 137, 0, 0, 0.81%, 0, 0, 11, 28.27, 2255635, 72, 0, 0
47779, 46, 111, 137, 0, 0, 0.81%, 0, 0, 11, 25.98, 2255768, 72, 0, 0
47784, 46, 111, 137, 0, 0, 0.81%, 0, 0, 11, 25.20, 2255896, 72, 0, 0
47789, 46, 111, 137, 0, 0, 0.81%, 0, 0, 11, 26.57, 2256032, 72, 0, 0
47795, 46, 111, 137, 0, 0, 0.81%, 0, 0, 11, 26.52, 2256164, 72, 0, 0
47800, 46, 111, 137, 0, 0, 0.81%, 0, 0, 11, 25.35, 2256294, 72, 0, 0
47805, 46, 111, 137, 0, 0, 0.81%, 0, 0, 11, 24.85, 2256420, 72, 0, 0
47810, 46, 111, 137, 0, 0, 0.81%, 0, 0, 11, 33.08, 2256602, 72, 0, 0
47815, 46, 111, 137, 0, 0, 0.81%, 0, 0, 11, 27.57, 2256733, 72, 0, 0
47820, 46, 17, 137, 0, 0, 0.81%, 0, 0, 11, 26.35, 2256861, 72, 0, 0
47825, 46, 17, 137, 0, 0, 0.81%, 0, 0, 11, 26.47, 2256996, 72, 0, 0
47830, 46, 0, 137, 0, 0, 0.81%, 0, 0, 11, 25.46, 2257125, 72, 0, 0
47835, 46, 14, 137, 0, 0, 0.81%, 0, 0, 11, 26.58, 2257316, 72, 0, 0
47840, 46, 32, 137, 0, 0, 0.81%, 0, 0, 11, 25.87, 2257483, 72, 0, 0
47845, 46, 32, 137, 0, 0, 0.81%, 0, 0, 11, 32.67, 2257657, 72, 0, 0
47850, 46, 98, 137, 0, 0, 0.81%, 0, 0, 11, 40.17, 2257854, 72, 0, 0
47855, 46, 18, 137, 0, 0, 0.81%, 0, 0, 11, 25.57, 2258027, 72, 0, 0
47861, 46, 18, 137, 0, 0, 0.81%, 0, 0, 11, 25.75, 2258160, 72, 0, 0
47866, 46, 111, 137, 0, 0, 0.81%, 0, 0, 11, 25.75, 2258336, 72, 0, 0
47871, 46, 111, 137, 0, 0, 0.81%, 0, 0, 11, 26.02, 2258469, 72, 0, 0
47876, 46, 111, 137, 0, 0, 0.81%, 0, 0, 11, 26.01, 2258605, 72, 0, 0
47881, 46, 111, 137, 0, 0, 0.81%, 0, 0, 11, 26.30, 2258810, 72, 0, 0
47886, 46, 111, 137, 0, 0, 0.81%, 0, 0, 11, 28.35, 2258951, 72, 0, 0
47891, 46, 111, 137, 0, 0, 0.81%, 0, 0, 11, 26.79, 2259090, 72, 0, 0
47896, 46, 111, 137, 0, 0, 0.81%, 0, 0, 11, 28.62, 2259329, 72, 0, 0
47901, 46, 111, 137, 0, 0, 0.81%, 0, 0, 11, 26.77, 2259459, 72, 0, 0
47907, 46, 61, 137, 0, 0, 0.81%, 0, 0, 11, 26.01, 2259592, 72, 0, 0
47912, 46, 61, 137, 0, 0, 0.81%, 0, 0, 11, 29.01, 2259744, 72, 0, 0
47917, 46, 61, 137, 0, 0, 0.81%, 0, 0, 11, 25.69, 2260050, 72, 0, 0
47922, 46, 19, 137, 0, 0, 0.81%, 0, 0, 11, 27.49, 2260191, 72, 0, 0
47927, 46, 19, 137, 0, 0, 0.81%, 0, 0, 11, 482.30, 2260427, 72, 0, 0
47932, 46, 27, 137, 0, 0, 0.81%, 0, 0, 11, 28.21, 2260681, 72, 0, 0
47938, 46, 61, 137, 0, 0, 0.81%, 0, 0, 11, 25.22, 2260810, 72, 0, 0
47943, 46, 61, 137, 0, 0, 0.81%, 0, 0, 11, 25.33, 2260934, 72, 0, 0
47948, 46, 61, 137, 0, 0, 0.81%, 0, 0, 11, 25.86, 2261068, 72, 0, 0
47953, 46, 61, 137, 0, 0, 0.81%, 0, 0, 11, 27.91, 2261210, 72, 0, 0
47958, 46, 116, 137, 0, 0, 0.81%, 0, 0, 11, 28.03, 2261353, 72, 0, 0
47963, 46, 116, 137, 0, 0, 0.81%, 0, 0, 11, 27.22, 2261488, 72, 0, 0
47968, 46, 47, 137, 0, 0, 0.81%, 0, 0, 11, 26.32, 2261709, 72, 0, 0
47973, 46, 47, 137, 0, 0, 0.81%, 0, 0, 11, 26.94, 2261846, 72, 0, 0
47978, 46, 47, 137, 0, 0, 0.81%, 0, 0, 11, 26.68, 2262006, 72, 0, 0
47983, 46, 47, 137, 0, 0, 0.81%, 0, 0, 11, 25.48, 2262132, 72, 0, 0
47988, 46, 34, 137, 0, 0, 0.81%, 0, 0, 11, 25.37, 2262322, 72, 0, 0
47994, 46, 34, 137, 0, 0, 0.81%, 0, 0, 11, 25.70, 2262455, 72, 0, 0
47999, 46, 16, 137, 0, 0, 0.81%, 0, 0, 11, 26.97, 2262672, 72, 0, 0
48004, 46, 16, 137, 0, 0, 0.81%, 0, 0, 11, 26.46, 2262813, 72, 0, 0
48009, 46, 58, 137, 0, 0, 0.81%, 0, 0, 11, 25.95, 2262943, 72, 0, 0
48014, 46, 58, 137, 0, 0, 0.81%, 0, 0, 11, 26.65, 2263083, 72, 0, 0
48019, 46, 58, 137, 0, 0, 0.81%, 0, 0, 11, 27.77, 2263277, 72, 0, 0
48024, 46, 38, 137, 0, 0, 0.81%, 0, 0, 11, 28.43, 2263478, 72, 0, 0
48030, 46, 27, 137, 0, 0, 0.81%, 0, 0, 11, 26.77, 2263615, 72, 0, 0
48035, 46, 14, 137, 0, 0, 0.81%, 0, 0, 11, 21.25, 2263872, 72, 0, 0
48040, 46, 14, 137, 0, 0, 0.81%, 0, 0, 11, 26.93, 2264024, 72, 0, 0
48045, 46, 100, 137, 0, 0, 0.81%, 0, 0, 11, 34.55, 2264214, 72, 0, 0
48050, 46, 100, 137, 0, 0, 0.81%, 0, 0, 11, 28.62, 2264350, 72, 0, 0
48055, 46, 100, 137, 0, 0, 0.81%, 0, 0, 11, 26.82, 2264483, 72, 0, 0
48060, 46, 100, 137, 0, 0, 0.81%, 0, 0, 11, 27.13, 2264622, 72, 0, 0
48065, 46, 118, 137, 0, 0, 0.81%, 0, 0, 11, 25.46, 2264751, 72, 0, 0
48071, 46, 118, 138, 1, 0, 0.81%, 0, 0, 11, 28.37, 2264923, 72, 0, 0
48076, 46, 118, 138, 1, 0, 0.81%, 0, 0, 11, 269.23, 2265105, 72, 0, 0
48081, 46, 118, 138, 1, 0, 0.81%, 0, 0, 11, 26.83, 2265291, 72, 0, 0
48086, 46, 118, 138, 1, 0, 0.81%, 0, 0, 11, 23.64, 2265466, 72, 0, 0
48091, 46, 118, 138, 1, 0, 0.81%, 0, 0, 11, 24.12, 2265811, 72, 0, 0
48096, 46, 54, 138, 1, 0, 0.81%, 0, 0, 11, 25.70, 2265942, 72, 0, 0
48101, 46, 9, 138, 1, 0, 0.81%, 0, 0, 11, 25.76, 2266071, 72, 0, 0
48106, 46, 9, 138, 1, 0, 0.81%, 0, 0, 11, 27.41, 2266211, 72, 0, 0
48111, 46, 57, 138, 1, 0, 0.81%, 0, 0, 11, 26.72, 2266342, 72, 0, 0
48116, 46, 57, 138, 1, 0, 0.81%, 0, 0, 11, 25.72, 2266476, 72, 0, 0
48121, 46, 57, 138, 1, 0, 0.81%, 0, 0, 11, 26.50, 2266616, 72, 0, 0
48126, 46, 57, 138, 1, 0, 0.81%, 0, 0, 11, 24.03, 2266738, 72, 0, 0
48132, 46, 16, 138, 1, 0, 0.81%, 0, 0, 11, 23.68, 2266882, 72, 0, 0
48137, 46, 16, 138, 1, 0, 0.81%, 0, 0, 11, 21.54, 2266991, 72, 0, 0
48142, 46, 2, 138, 1, 0, 0.81%, 0, 0, 11, 20.74, 2267304, 72, 0, 0
48147, 46, 2, 138, 1, 0, 0.81%, 0, 0, 11, 20.92, 2267410, 72, 0, 0
48152, 46, 26, 138, 1, 0, 0.81%, 0, 0, 11, 20.88, 2267515, 72, 0, 0
48158, 46, 61, 138, 1, 0, 0.81%, 0, 0, 11, 1148.11, 2268162, 72, 0, 0
48163, 46, 7, 138, 1, 0, 0.81%, 0, 0, 11, 13.40, 2269142, 72, 0, 0
48168, 46, 7, 138, 1, 0, 0.81%, 0, 0, 11, 10.74, 2269195, 72, 0, 0
48174, 46, 47, 138, 1, 0, 0.81%, 0, 0, 11, 40.13, 2269600, 72, 0, 0
48179, 46, 94, 138, 1, 0, 0.81%, 0, 0, 11, 8.60, 2270554, 72, 0, 0
48184, 46, 94, 138, 1, 0, 0.81%, 0, 0, 11, 8.47, 2271156, 72, 0, 0
48189, 46, 58, 138, 1, 0, 0.81%, 0, 0, 11, 7.89, 2272033, 72, 0, 0
48194, 46, 58, 138, 1, 0, 0.81%, 0, 0, 11, 8.29, 2272077, 72, 0, 0
48199, 46, 34, 138, 1, 0, 0.81%, 0, 0, 11, 8.62, 2272327, 72, 0, 0
48205, 46, 32, 138, 1, 0, 0.81%, 0, 0, 11, 774.43, 2272962, 72, 0, 0
48210, 46, 2, 138, 1, 0, 0.81%, 0, 0, 11, 8.71, 2273139, 72, 0, 0
48215, 46, 2, 138, 1, 0, 0.81%, 0, 0, 11, 8.55, 2273182, 72, 0, 0
48220, 46, 2, 138, 1, 0, 0.81%, 0, 0, 11, 8.46, 2273225, 72, 0, 0
48225, 46, 34, 138, 1, 0, 0.81%, 0, 0, 11, 123.73, 2273792, 72, 0, 0
48230, 46, 111, 138, 1, 0, 0.81%, 0, 0, 11, 694.79, 2274535, 72, 0, 0
48235, 46, 111, 138, 1, 0, 0.81%, 0, 0, 11, 8.23, 2275056, 72, 0, 0
48240, 46, 111, 138, 1, 0, 0.81%, 0, 0, 11, 8.79, 2275258, 72, 0, 0
48246, 46, 111, 138, 1, 0, 0.81%, 0, 0, 11, 8.43, 2275301, 72, 0, 0
48249, 46, 111, 138, 1, 0, 0.81%, 0, 0, 11, 7.88, 2276001, 72, 0, 0
